-8,0,orHRb0ZDmid7HKVZlce3i/SWhOY=,oFSk5n2jEoZFxHv2OgEBTmm+z0c=
-8,1,orHRb0ZDmid7HKVZlce3i/SWhOY=,ifQHwNoHcFMiXB7KfpvtADBG/4Q=
-8,2,orHRb0ZDmid7HKVZlce3i/SWhOY=,e3mby7GGwj2iT3ilLi2jcryUspg=
-8,3,orHRb0ZDmid7HKVZlce3i/SWhOY=,AN9WLSPkgwCcDEywTL2eBC0eVYc=
-8,4,orHRb0ZDmid7HKVZlce3i/SWhOY=,mmeXO0GYe5pOPylFo14SoxwLQAY=
-8,5,orHRb0ZDmid7HKVZlce3i/SWhOY=,vTZl9lg8sGG4FCHfyeqH1HOsj0A=
-8,6,orHRb0ZDmid7HKVZlce3i/SWhOY=,0JLDjcNjr0F9zEeQE/SeZME3wqE=
-8,7,orHRb0ZDmid7HKVZlce3i/SWhOY=,0JLDjcNjr0F9zEeQE/SeZME3wqE=
-7,1,orHRb0ZDmid7HKVZlce3i/SWhOY=,mqQknJ8dcPYNX7T/5K4RZLmo1Ks=
-7,0,orHRb0ZDmid7HKVZlce3i/SWhOY=,o1nswRle7QlQmX2rqy4YHdLPG4E=
-7,3,chtsj1+IWsOW+ot0nPQ0uKMTgvY=,MiQf/c8py28zHoapjPuHio+OKiU=
-7,2,chtsj1+IWsOW+ot0nPQ0uKMTgvY=,zDW7d3sPTTzJGTFmatkLODCpeD0=
-7,5,chtsj1+IWsOW+ot0nPQ0uKMTgvY=,TbzYsTl8F2nDqTcxISerSKh3An8=
-7,4,chtsj1+IWsOW+ot0nPQ0uKMTgvY=,3PZBem1AlFbProMS9HOpU/o+d74=
-7,7,chtsj1+IWsOW+ot0nPQ0uKMTgvY=,0JLDjcNjr0F9zEeQE/SeZME3wqE=
-7,6,chtsj1+IWsOW+ot0nPQ0uKMTgvY=,UAuenmsg3gsmaeleGwtxFAJAcE8=
-6,2,chtsj1+IWsOW+ot0nPQ0uKMTgvY=,sx5dHPTpvoLvZIqnsaMa2tyHTao=
-6,3,chtsj1+IWsOW+ot0nPQ0uKMTgvY=,isPwzQNpccLeAqaVeTr/jX8EfV4=
-6,0,chtsj1+IWsOW+ot0nPQ0uKMTgvY=,Zg56qntKth3xhEC3WMFFML9vEBU=
-6,1,chtsj1+IWsOW+ot0nPQ0uKMTgvY=,MRHcyJAhMI9NQvSqhafR6m+EgKo=
-6,6,hRfdk3k0mPe5V1EEQ0KnZWQ2HI4=,2chqkD35iMht8gRH4C5CNUYrsss=
-6,7,hRfdk3k0mPe5V1EEQ0KnZWQ2HI4=,WWBid9wNRZe+kPvz3+deZHfNtVo=
-6,4,hRfdk3k0mPe5V1EEQ0KnZWQ2HI4=,R51zD1VDPd9VhL97abO+SbTwiR0=
-6,5,hRfdk3k0mPe5V1EEQ0KnZWQ2HI4=,lrePIz/m5KpXUd83YN1Dj2VkO8E=
-5,3,hRfdk3k0mPe5V1EEQ0KnZWQ2HI4=,xVASb/Pe8EJBOVhi9mWiMD4tKdg=
-5,2,hRfdk3k0mPe5V1EEQ0KnZWQ2HI4=,4aktbhEiWwnoEVVtnM+1L0aibKM=
-5,1,hRfdk3k0mPe5V1EEQ0KnZWQ2HI4=,xYN86jumxWx7SLNHLYsj5GydQls=
-5,0,hRfdk3k0mPe5V1EEQ0KnZWQ2HI4=,1Zm9BgE/Grq60RlMW7b9mF8VIiY=
-5,7,99c9SYR3TjRiWJnNd1rz4Hy/VYE=,nDW+nvkjj6PKnXK7j8PF4CnA/pM=
-5,6,99c9SYR3TjRiWJnNd1rz4Hy/VYE=,yUKXpqh7QXisoE0lgNzecEwrW2k=
-5,5,99c9SYR3TjRiWJnNd1rz4Hy/VYE=,MTjU69ClrKfh/pSdB1+wz9+lufo=
-5,4,99c9SYR3TjRiWJnNd1rz4Hy/VYE=,FR0hnh9vI3WpftYXjEOd9yBr8lQ=
-4,4,99c9SYR3TjRiWJnNd1rz4Hy/VYE=,F1fi2av1QK2yHquVK1KmrQJ19us=
-4,5,99c9SYR3TjRiWJnNd1rz4Hy/VYE=,yqQV8vcQDj5FnOKHmoQdEIj6A78=
-4,6,99c9SYR3TjRiWJnNd1rz4Hy/VYE=,LQ03WztNGYR6HO+oSgBwZQ5Uees=
-4,7,99c9SYR3TjRiWJnNd1rz4Hy/VYE=,QNdnN75NFD0zqR3VC8fCE11iyko=
-4,0,99c9SYR3TjRiWJnNd1rz4Hy/VYE=,wqV5OBCPQtqveUnNOzLZoru30Hs=
-4,1,6IAg/s35d+r3M9XnHOVe5I+2k4E=,kpb1kwSVnM1vsSLt0+jVEDvKuMo=
-4,2,6IAg/s35d+r3M9XnHOVe5I+2k4E=,4HDWd3gHgQ6XPSIF0tOy2tZ40u4=
-4,3,6IAg/s35d+r3M9XnHOVe5I+2k4E=,a3pSRDDc7HzQ5b36eNYwe/lFAtw=
-3,5,6IAg/s35d+r3M9XnHOVe5I+2k4E=,zQyTmUvYgTn5RBnTJtzsm8Nwruw=
-3,4,6IAg/s35d+r3M9XnHOVe5I+2k4E=,jNRWe/eO0H0qXkXKSt06lheZ5xs=
-3,7,6IAg/s35d+r3M9XnHOVe5I+2k4E=,P1J8n9lXLHh/1WooULrU8xxgJsg=
-3,6,6IAg/s35d+r3M9XnHOVe5I+2k4E=,+p1yMzDDwc1yxqzBo5MemOMLggE=
-3,1,6IAg/s35d+r3M9XnHOVe5I+2k4E=,5PWB/XxuY1eJUUlQS2n3a0b7n34=
-3,0,6IAg/s35d+r3M9XnHOVe5I+2k4E=,ENltNxzJ+/rZZ1VoFNrK1kMIDWY=
-3,3,pJqC79Cojwa+h1JsVgitqhecylY=,vxI2LFAlb4AMxVBLX0ERFaeL4gM=
-3,2,pJqC79Cojwa+h1JsVgitqhecylY=,YjXKMuzJpfVtXSZLsEuK+MF6neM=
-2,6,pJqC79Cojwa+h1JsVgitqhecylY=,Yz/MzJFXyIeor12fN3BjP8/gSbo=
-2,7,pJqC79Cojwa+h1JsVgitqhecylY=,GD32xo0gTuHJq28R38youBcre9U=
-2,4,pJqC79Cojwa+h1JsVgitqhecylY=,z4xNJN2qsdiCPXVo51r0Z9EbHo4=
-2,5,pJqC79Cojwa+h1JsVgitqhecylY=,RMsqP3AGWkqgrJ9bOKVEGN5AWY4=
-2,2,pJqC79Cojwa+h1JsVgitqhecylY=,aH1kiys5yrjTufgCviFs06ea/Ag=
-2,3,pJqC79Cojwa+h1JsVgitqhecylY=,cHfEi4c0mvtmkC6SJuQR93vozDA=
-2,0,pJqC79Cojwa+h1JsVgitqhecylY=,R1zCfX4ZZtcajzNSiVauC8y3EIU=
-2,1,SbBblyLqVvj+OlZkMpL7UO7a5TE=,A7JTZGWl6Sd8js2VKImJLbgDJVo=
-1,7,SbBblyLqVvj+OlZkMpL7UO7a5TE=,vLP+gLPrI1A1yDZXB98iocIPvYo=
-1,6,SbBblyLqVvj+OlZkMpL7UO7a5TE=,JU3OV6TCjnXcn6zf6F5SikRsy4o=
-1,5,SbBblyLqVvj+OlZkMpL7UO7a5TE=,lPx/sD8K9hkFSsqhLadJwnIxjpU=
-1,4,SbBblyLqVvj+OlZkMpL7UO7a5TE=,v0DTQt1eRDihB6/B/77yDQaMkDM=
-1,3,SbBblyLqVvj+OlZkMpL7UO7a5TE=,/i6kdiW/dhjVcK33eVmndo9xsCg=
-1,2,SbBblyLqVvj+OlZkMpL7UO7a5TE=,bftjYGea9tcAatks1oZiDrJo0SQ=
-1,1,b0WdGoDzzUZA8GQipvyJ7BEt18c=,Di4xfojUg+iKPWNSE4DsvuLGODI=
-1,0,b0WdGoDzzUZA8GQipvyJ7BEt18c=,yDfn97c/0kFuemWMgOHU5TskZGM=
