-1,-1,Vn3VmKdnrODzqBRr5wujrhCZCjQ=,6LO+W+76cOKShuDk97STtYrEnFM=
-1,-2,Vn3VmKdnrODzqBRr5wujrhCZCjQ=,k+RT1/dnHqPF/XSL+OO+2gDUBXQ=
-1,-3,Vn3VmKdnrODzqBRr5wujrhCZCjQ=,AMe0MhfLup1t6ezGYctrczHe6GM=
-1,-4,Vn3VmKdnrODzqBRr5wujrhCZCjQ=,VE2QcftVU/6fNpYqnDKCMBbXrWI=
-1,-5,Vn3VmKdnrODzqBRr5wujrhCZCjQ=,BtU71EvUAtAmwGNC9afDhR1KGTY=
-1,-6,+BNsDRZOjEvtgDkUlS+NbjywwHg=,OrflVLByStg7oKOOsmXRDbEBEb8=
-1,-7,+BNsDRZOjEvtgDkUlS+NbjywwHg=,BQZlULj0+sUsHju/Qn7TNjCMRR8=
-1,-8,+BNsDRZOjEvtgDkUlS+NbjywwHg=,AZulpKfhj4VQ83cyIOhTT7HO3oY=
-2,-2,+BNsDRZOjEvtgDkUlS+NbjywwHg=,//MhxhPpPfcBEtafBZeNxfu0yd8=
-2,-1,+BNsDRZOjEvtgDkUlS+NbjywwHg=,jqKs83nFzqQ9R9R2O1GO2JolfY8=
-2,-4,+BNsDRZOjEvtgDkUlS+NbjywwHg=,dse1Xa0tEBt1GCEEWFCJ+h+tK+c=
-2,-3,+BNsDRZOjEvtgDkUlS+NbjywwHg=,XulVJL64BoHZNI4R0xu3vtTmLXs=
-2,-6,o/626Nur0eJjNKnKJDsIbKHvclM=,VwUlCdB7oYzj1Yxzd4X480e8Z+Q=
-2,-5,o/626Nur0eJjNKnKJDsIbKHvclM=,1p9ycazaVF/UpNv0hzGHbNMG79U=
-2,-8,o/626Nur0eJjNKnKJDsIbKHvclM=,2YF7ZUH9f7rCm67/HUTOFj3z/Uo=
-2,-7,o/626Nur0eJjNKnKJDsIbKHvclM=,hVG9ec6Yu7sB8ub5vCBFuGCDLDw=
-3,-3,o/626Nur0eJjNKnKJDsIbKHvclM=,iIeAXJelFiYASKI6IiKBgxLE4cQ=
-3,-4,o/626Nur0eJjNKnKJDsIbKHvclM=,5yHKzsR0dS11vCqKUSMQ7kse6N8=
-3,-1,o/626Nur0eJjNKnKJDsIbKHvclM=,9+hCqya9a4pwfR0c4QkV/1bV5FU=
-3,-2,o/626Nur0eJjNKnKJDsIbKHvclM=,jd3JXs8e9gVyqV8yHnlrvCaXZ4Y=
-3,-7,o/626Nur0eJjNKnKJDsIbKHvclM=,shfVBM9FRtyLoBDMCuUoom2MSaE=
-3,-8,RyUYVgzs2lUsz1b/+K3a1ZTCpFo=,27CyJb2hLg1PudJN0qnOLsjX+bE=
-3,-5,RyUYVgzs2lUsz1b/+K3a1ZTCpFo=,l9brIZgqO77PT7l7CEiN3Hl6Us8=
-3,-6,RyUYVgzs2lUsz1b/+K3a1ZTCpFo=,sdMth/tdWgvLmyYr2/m9uQHlmZA=
-4,-4,RyUYVgzs2lUsz1b/+K3a1ZTCpFo=,W2LID9JxJMgnWTq6nfG5cdiPNxw=
-4,-3,RyUYVgzs2lUsz1b/+K3a1ZTCpFo=,Wi3OsaeLapUGuTeNuyufI82A5lU=
-4,-2,RyUYVgzs2lUsz1b/+K3a1ZTCpFo=,D/bAd2Pwt8IufyKlRFjz1Tcmev0=
-4,-1,RyUYVgzs2lUsz1b/+K3a1ZTCpFo=,R7YVfWsByUKYCFtQVmRsz/H2GyM=
-4,-8,RyUYVgzs2lUsz1b/+K3a1ZTCpFo=,Yu/K8eXZFRhMnUoscPZpW+91QCQ=
-4,-7,TY+NvTuyLjYgtQ2sv8Yct7afxtQ=,v9oYwJYhKVrMF6BkLrYhp19oBfM=
-4,-6,TY+NvTuyLjYgtQ2sv8Yct7afxtQ=,3AQhu+k1+ihz0ldmBtIKDOAiUN8=
-4,-5,TY+NvTuyLjYgtQ2sv8Yct7afxtQ=,pE0rB8bp+bi2t67oFqIMup4AmaI=
-5,-5,TY+NvTuyLjYgtQ2sv8Yct7afxtQ=,YlsGhsE5Js7l+X8JgUtHHPXuGok=
-5,-6,TY+NvTuyLjYgtQ2sv8Yct7afxtQ=,75ftzWDMUg8A3tb4TxPc6ZA/BEY=
-5,-7,TY+NvTuyLjYgtQ2sv8Yct7afxtQ=,3LcrFJRPz5S2T3S0xoYY5du1yUI=
-5,-8,TY+NvTuyLjYgtQ2sv8Yct7afxtQ=,Mv4y6qWVJKTBshyslh4qHI2OOVI=
-5,-1,TY+NvTuyLjYgtQ2sv8Yct7afxtQ=,Uo8b+9xJUq4M6Z9rHGkNuC/64aQ=
-5,-2,Gz2Zv1A6q4/3Y2w/ag7Xd6oAgOI=,Uo8b+9xJUq4M6Z9rHGkNuC/64aQ=
-5,-3,Gz2Zv1A6q4/3Y2w/ag7Xd6oAgOI=,Uo8b+9xJUq4M6Z9rHGkNuC/64aQ=
-5,-4,Gz2Zv1A6q4/3Y2w/ag7Xd6oAgOI=,iVvZtR0Wyi1u0bF5yZfUhTL5AIQ=
-6,-6,Gz2Zv1A6q4/3Y2w/ag7Xd6oAgOI=,IXqjwiDQKdbPuAmnV2ASbTjFq6c=
-6,-5,Gz2Zv1A6q4/3Y2w/ag7Xd6oAgOI=,QsPDfpuR6i1+wpjiuK+G7zuZ+vM=
-6,-8,Gz2Zv1A6q4/3Y2w/ag7Xd6oAgOI=,4KhcqKGB42j2BVCCOcxi09mq6O4=
-6,-7,Gz2Zv1A6q4/3Y2w/ag7Xd6oAgOI=,cIIfelisCudDLCyJQMCDG6xXqhM=
-6,-2,Gz2Zv1A6q4/3Y2w/ag7Xd6oAgOI=,k6mjs1Cef2WlzvF6McE2NfOYJvk=
-6,-1,Gz2Zv1A6q4/3Y2w/ag7Xd6oAgOI=,a9rRGu9ueIj4+3HilHcHBl86650=
-6,-4,kfwzZf99P7+dxFhl/O9eLOlaUrI=,1SLvvSnNAARjSUSDQpSNRlTYurI=
-6,-3,kfwzZf99P7+dxFhl/O9eLOlaUrI=,M4Y5VdwiCh0cvZ7cauz784YV1b8=
-7,-7,kfwzZf99P7+dxFhl/O9eLOlaUrI=,5/GavnBdsjJh+VXePvu4y/B8oHA=
-7,-8,kfwzZf99P7+dxFhl/O9eLOlaUrI=,/+daTzqy3+13iVGej2Yn18IM0rU=
-7,-5,kfwzZf99P7+dxFhl/O9eLOlaUrI=,hX4/jelCtmPugsSauLd6WVsEEu0=
-7,-6,kfwzZf99P7+dxFhl/O9eLOlaUrI=,SXAlwMGhd35Ox9zagGQPqf8/dLY=
-7,-3,kfwzZf99P7+dxFhl/O9eLOlaUrI=,fPh7C4BV46utmg8Xk+gbTk+P0Wg=
-7,-4,kfwzZf99P7+dxFhl/O9eLOlaUrI=,HmCLePLbUBLrhMXmE2O222Zm7ME=
-7,-1,kfwzZf99P7+dxFhl/O9eLOlaUrI=,9hbwxRPn6Ps0Ev2tBr1yoZV59es=
-7,-2,HQNBMd0ObJjt+o9Bf85fKaan+e8=,8u2ItE1vKgUSQV5D9pejJAcI3Xg=
-8,-8,HQNBMd0ObJjt+o9Bf85fKaan+e8=,aKtp7R0l5mLq/zFI+bqkzfvxGhE=
-8,-7,HQNBMd0ObJjt+o9Bf85fKaan+e8=,u+BqfvO7KqVTL5vlxSXIANXdQDY=
-8,-6,HQNBMd0ObJjt+o9Bf85fKaan+e8=,oIXkqAiQs/JgfO6wO+G3jbkSTHk=
-8,-5,HQNBMd0ObJjt+o9Bf85fKaan+e8=,EV166TVBFZsfYTPzkQmgIv+H7uY=
-8,-4,HQNBMd0ObJjt+o9Bf85fKaan+e8=,2v8zPAHW54EGXtFYkn7RfDUDd2k=
-8,-3,HQNBMd0ObJjt+o9Bf85fKaan+e8=,V+yleH0INlp2QldEVOvpy5wSfqk=
-8,-2,HQNBMd0ObJjt+o9Bf85fKaan+e8=,ZcqPS8pdjQFFWg/eUJy6cBMoxrY=
-8,-1,HQNBMd0ObJjt+o9Bf85fKaan+e8=,lSQ6wjQ5UqgAfaIe7bQtuFZvz8E=
