-27,5,nYLwgg0syfZUQNPkeAiO5FjXkao=,fD1xejpZmmEkt3BCCYFg+ZSxgK0=
-26,6,nYLwgg0syfZUQNPkeAiO5FjXkao=,fD1xejpZmmEkt3BCCYFg+ZSxgK0=
-26,5,nYLwgg0syfZUQNPkeAiO5FjXkao=,fD1xejpZmmEkt3BCCYFg+ZSxgK0=
-27,6,nYLwgg0syfZUQNPkeAiO5FjXkao=,fD1xejpZmmEkt3BCCYFg+ZSxgK0=
-23,1,nYLwgg0syfZUQNPkeAiO5FjXkao=,XMIzqCZ5pqxJB7ndMec1B6d06DY=
-23,3,nYLwgg0syfZUQNPkeAiO5FjXkao=,XMIzqCZ5pqxJB7ndMec1B6d06DY=
-22,1,nYLwgg0syfZUQNPkeAiO5FjXkao=,XMIzqCZ5pqxJB7ndMec1B6d06DY=
-23,2,nYLwgg0syfZUQNPkeAiO5FjXkao=,XMIzqCZ5pqxJB7ndMec1B6d06DY=
-22,3,nYLwgg0syfZUQNPkeAiO5FjXkao=,XMIzqCZ5pqxJB7ndMec1B6d06DY=
-22,2,nYLwgg0syfZUQNPkeAiO5FjXkao=,XMIzqCZ5pqxJB7ndMec1B6d06DY=
-23,4,nYLwgg0syfZUQNPkeAiO5FjXkao=,dX0nPWUovH0h5fQ3e5tvFdNiRQA=
-22,4,nYLwgg0syfZUQNPkeAiO5FjXkao=,dX0nPWUovH0h5fQ3e5tvFdNiRQA=
-24,5,nYLwgg0syfZUQNPkeAiO5FjXkao=,dX0nPWUovH0h5fQ3e5tvFdNiRQA=
-23,5,nYLwgg0syfZUQNPkeAiO5FjXkao=,dX0nPWUovH0h5fQ3e5tvFdNiRQA=
-25,5,nYLwgg0syfZUQNPkeAiO5FjXkao=,fD1xejpZmmEkt3BCCYFg+ZSxgK0=
-25,6,nYLwgg0syfZUQNPkeAiO5FjXkao=,fD1xejpZmmEkt3BCCYFg+ZSxgK0=
-22,5,nYLwgg0syfZUQNPkeAiO5FjXkao=,dX0nPWUovH0h5fQ3e5tvFdNiRQA=
-24,3,nYLwgg0syfZUQNPkeAiO5FjXkao=,XMIzqCZ5pqxJB7ndMec1B6d06DY=
-24,1,nYLwgg0syfZUQNPkeAiO5FjXkao=,XMIzqCZ5pqxJB7ndMec1B6d06DY=
-24,6,nYLwgg0syfZUQNPkeAiO5FjXkao=,dX0nPWUovH0h5fQ3e5tvFdNiRQA=
-27,3,nYLwgg0syfZUQNPkeAiO5FjXkao=,Ng4vDzVxg2DsvmSDFqN1CB0Dkgg=
-26,3,nYLwgg0syfZUQNPkeAiO5FjXkao=,Ng4vDzVxg2DsvmSDFqN1CB0Dkgg=
-23,6,nYLwgg0syfZUQNPkeAiO5FjXkao=,dX0nPWUovH0h5fQ3e5tvFdNiRQA=
-22,6,nYLwgg0syfZUQNPkeAiO5FjXkao=,dX0nPWUovH0h5fQ3e5tvFdNiRQA=
-25,3,nYLwgg0syfZUQNPkeAiO5FjXkao=,Ng4vDzVxg2DsvmSDFqN1CB0Dkgg=
-27,4,nYLwgg0syfZUQNPkeAiO5FjXkao=,fD1xejpZmmEkt3BCCYFg+ZSxgK0=
-24,4,nYLwgg0syfZUQNPkeAiO5FjXkao=,dX0nPWUovH0h5fQ3e5tvFdNiRQA=
-26,4,nYLwgg0syfZUQNPkeAiO5FjXkao=,fD1xejpZmmEkt3BCCYFg+ZSxgK0=
-25,4,bahS8BXdHu9o3CcSVGeBmlD5pJs=,fD1xejpZmmEkt3BCCYFg+ZSxgK0=
-25,2,bahS8BXdHu9o3CcSVGeBmlD5pJs=,Ng4vDzVxg2DsvmSDFqN1CB0Dkgg=
-27,1,bahS8BXdHu9o3CcSVGeBmlD5pJs=,Ng4vDzVxg2DsvmSDFqN1CB0Dkgg=
-24,2,bahS8BXdHu9o3CcSVGeBmlD5pJs=,XMIzqCZ5pqxJB7ndMec1B6d06DY=
-26,1,bahS8BXdHu9o3CcSVGeBmlD5pJs=,Ng4vDzVxg2DsvmSDFqN1CB0Dkgg=
-25,1,bahS8BXdHu9o3CcSVGeBmlD5pJs=,Ng4vDzVxg2DsvmSDFqN1CB0Dkgg=
-27,2,bahS8BXdHu9o3CcSVGeBmlD5pJs=,Ng4vDzVxg2DsvmSDFqN1CB0Dkgg=
-26,2,bahS8BXdHu9o3CcSVGeBmlD5pJs=,Ng4vDzVxg2DsvmSDFqN1CB0Dkgg=
-20,5,C4R9kQcEhJ0NWw6Snd+JSG9iV30=,HLCDG1Ib8C+jJec0833//X4Hw+w=
-21,6,C4R9kQcEhJ0NWw6Snd+JSG9iV30=,dX0nPWUovH0h5fQ3e5tvFdNiRQA=
-19,5,C4R9kQcEhJ0NWw6Snd+JSG9iV30=,HLCDG1Ib8C+jJec0833//X4Hw+w=
-19,6,C4R9kQcEhJ0NWw6Snd+JSG9iV30=,HLCDG1Ib8C+jJec0833//X4Hw+w=
-18,6,C4R9kQcEhJ0NWw6Snd+JSG9iV30=,HLCDG1Ib8C+jJec0833//X4Hw+w=
-18,5,C4R9kQcEhJ0NWw6Snd+JSG9iV30=,HLCDG1Ib8C+jJec0833//X4Hw+w=
-20,6,C4R9kQcEhJ0NWw6Snd+JSG9iV30=,HLCDG1Ib8C+jJec0833//X4Hw+w=
-21,5,C4R9kQcEhJ0NWw6Snd+JSG9iV30=,dX0nPWUovH0h5fQ3e5tvFdNiRQA=
-18,3,C4R9kQcEhJ0NWw6Snd+JSG9iV30=,mHciAs6KAttlMmtbZTQALd3dN50=
-19,3,C4R9kQcEhJ0NWw6Snd+JSG9iV30=,mHciAs6KAttlMmtbZTQALd3dN50=
-21,2,C4R9kQcEhJ0NWw6Snd+JSG9iV30=,XMIzqCZ5pqxJB7ndMec1B6d06DY=
-20,4,C4R9kQcEhJ0NWw6Snd+JSG9iV30=,HLCDG1Ib8C+jJec0833//X4Hw+w=
-19,4,C4R9kQcEhJ0NWw6Snd+JSG9iV30=,HLCDG1Ib8C+jJec0833//X4Hw+w=
-21,3,C4R9kQcEhJ0NWw6Snd+JSG9iV30=,XMIzqCZ5pqxJB7ndMec1B6d06DY=
-21,1,C4R9kQcEhJ0NWw6Snd+JSG9iV30=,XMIzqCZ5pqxJB7ndMec1B6d06DY=
-20,3,C4R9kQcEhJ0NWw6Snd+JSG9iV30=,mHciAs6KAttlMmtbZTQALd3dN50=
-18,4,C4R9kQcEhJ0NWw6Snd+JSG9iV30=,HLCDG1Ib8C+jJec0833//X4Hw+w=
-18,2,C4R9kQcEhJ0NWw6Snd+JSG9iV30=,mHciAs6KAttlMmtbZTQALd3dN50=
-20,1,C4R9kQcEhJ0NWw6Snd+JSG9iV30=,mHciAs6KAttlMmtbZTQALd3dN50=
-19,2,C4R9kQcEhJ0NWw6Snd+JSG9iV30=,mHciAs6KAttlMmtbZTQALd3dN50=
-19,1,C4R9kQcEhJ0NWw6Snd+JSG9iV30=,mHciAs6KAttlMmtbZTQALd3dN50=
-20,2,C4R9kQcEhJ0NWw6Snd+JSG9iV30=,mHciAs6KAttlMmtbZTQALd3dN50=
-18,1,C4R9kQcEhJ0NWw6Snd+JSG9iV30=,mHciAs6KAttlMmtbZTQALd3dN50=
-30,2,C4R9kQcEhJ0NWw6Snd+JSG9iV30=,pSpd/Kz9971XYfw7zo9/hUjnVYc=
-21,4,C4R9kQcEhJ0NWw6Snd+JSG9iV30=,dX0nPWUovH0h5fQ3e5tvFdNiRQA=
-29,2,C4R9kQcEhJ0NWw6Snd+JSG9iV30=,pSpd/Kz9971XYfw7zo9/hUjnVYc=
-31,1,C4R9kQcEhJ0NWw6Snd+JSG9iV30=,pSpd/Kz9971XYfw7zo9/hUjnVYc=
-30,1,C4R9kQcEhJ0NWw6Snd+JSG9iV30=,pSpd/Kz9971XYfw7zo9/hUjnVYc=
-19,7,C4R9kQcEhJ0NWw6Snd+JSG9iV30=,HLCDG1Ib8C+jJec0833//X4Hw+w=
-31,2,C4R9kQcEhJ0NWw6Snd+JSG9iV30=,pSpd/Kz9971XYfw7zo9/hUjnVYc=
-29,1,C4R9kQcEhJ0NWw6Snd+JSG9iV30=,pSpd/Kz9971XYfw7zo9/hUjnVYc=
-19,9,C4R9kQcEhJ0NWw6Snd+JSG9iV30=,wRf5k0kkEvQY1WdIA1+SeNU08OE=
-28,2,C4R9kQcEhJ0NWw6Snd+JSG9iV30=,Ng4vDzVxg2DsvmSDFqN1CB0Dkgg=
-28,1,C4R9kQcEhJ0NWw6Snd+JSG9iV30=,Ng4vDzVxg2DsvmSDFqN1CB0Dkgg=
-18,9,C4R9kQcEhJ0NWw6Snd+JSG9iV30=,wRf5k0kkEvQY1WdIA1+SeNU08OE=
-18,8,C4R9kQcEhJ0NWw6Snd+JSG9iV30=,wRf5k0kkEvQY1WdIA1+SeNU08OE=
-18,7,C4R9kQcEhJ0NWw6Snd+JSG9iV30=,HLCDG1Ib8C+jJec0833//X4Hw+w=
-18,10,C4R9kQcEhJ0NWw6Snd+JSG9iV30=,wRf5k0kkEvQY1WdIA1+SeNU08OE=
-19,8,C4R9kQcEhJ0NWw6Snd+JSG9iV30=,wRf5k0kkEvQY1WdIA1+SeNU08OE=
-19,10,C4R9kQcEhJ0NWw6Snd+JSG9iV30=,wRf5k0kkEvQY1WdIA1+SeNU08OE=
-21,10,miDs0qzpSCxnVqhYm0RalMYD2v0=,um/FiTHxtozwl6Ju94R6UleetDE=
-23,7,miDs0qzpSCxnVqhYm0RalMYD2v0=,dX0nPWUovH0h5fQ3e5tvFdNiRQA=
-22,10,miDs0qzpSCxnVqhYm0RalMYD2v0=,um/FiTHxtozwl6Ju94R6UleetDE=
-20,7,miDs0qzpSCxnVqhYm0RalMYD2v0=,HLCDG1Ib8C+jJec0833//X4Hw+w=
-20,9,miDs0qzpSCxnVqhYm0RalMYD2v0=,wRf5k0kkEvQY1WdIA1+SeNU08OE=
-23,10,miDs0qzpSCxnVqhYm0RalMYD2v0=,um/FiTHxtozwl6Ju94R6UleetDE=
-21,9,miDs0qzpSCxnVqhYm0RalMYD2v0=,um/FiTHxtozwl6Ju94R6UleetDE=
-22,9,miDs0qzpSCxnVqhYm0RalMYD2v0=,um/FiTHxtozwl6Ju94R6UleetDE=
-23,9,miDs0qzpSCxnVqhYm0RalMYD2v0=,um/FiTHxtozwl6Ju94R6UleetDE=
-20,8,miDs0qzpSCxnVqhYm0RalMYD2v0=,wRf5k0kkEvQY1WdIA1+SeNU08OE=
-22,7,miDs0qzpSCxnVqhYm0RalMYD2v0=,dX0nPWUovH0h5fQ3e5tvFdNiRQA=
-21,8,miDs0qzpSCxnVqhYm0RalMYD2v0=,um/FiTHxtozwl6Ju94R6UleetDE=
-20,10,miDs0qzpSCxnVqhYm0RalMYD2v0=,wRf5k0kkEvQY1WdIA1+SeNU08OE=
-21,7,miDs0qzpSCxnVqhYm0RalMYD2v0=,dX0nPWUovH0h5fQ3e5tvFdNiRQA=
-22,8,miDs0qzpSCxnVqhYm0RalMYD2v0=,um/FiTHxtozwl6Ju94R6UleetDE=
-23,8,miDs0qzpSCxnVqhYm0RalMYD2v0=,um/FiTHxtozwl6Ju94R6UleetDE=
-30,9,miDs0qzpSCxnVqhYm0RalMYD2v0=,Q0T0liHQ7oUSIM7cUMGQGPpu8I8=
-31,9,miDs0qzpSCxnVqhYm0RalMYD2v0=,Q0T0liHQ7oUSIM7cUMGQGPpu8I8=
-30,10,miDs0qzpSCxnVqhYm0RalMYD2v0=,Q0T0liHQ7oUSIM7cUMGQGPpu8I8=
-31,10,miDs0qzpSCxnVqhYm0RalMYD2v0=,Q0T0liHQ7oUSIM7cUMGQGPpu8I8=
-24,7,miDs0qzpSCxnVqhYm0RalMYD2v0=,dX0nPWUovH0h5fQ3e5tvFdNiRQA=
-27,7,miDs0qzpSCxnVqhYm0RalMYD2v0=,fD1xejpZmmEkt3BCCYFg+ZSxgK0=
-26,7,miDs0qzpSCxnVqhYm0RalMYD2v0=,fD1xejpZmmEkt3BCCYFg+ZSxgK0=
-29,10,miDs0qzpSCxnVqhYm0RalMYD2v0=,Q0T0liHQ7oUSIM7cUMGQGPpu8I8=
-29,9,miDs0qzpSCxnVqhYm0RalMYD2v0=,Q0T0liHQ7oUSIM7cUMGQGPpu8I8=
-25,7,miDs0qzpSCxnVqhYm0RalMYD2v0=,fD1xejpZmmEkt3BCCYFg+ZSxgK0=
-24,8,miDs0qzpSCxnVqhYm0RalMYD2v0=,um/FiTHxtozwl6Ju94R6UleetDE=
-25,10,miDs0qzpSCxnVqhYm0RalMYD2v0=,U05XcF7UInrS0av2eluW6gWIZjc=
-26,10,miDs0qzpSCxnVqhYm0RalMYD2v0=,U05XcF7UInrS0av2eluW6gWIZjc=
-24,10,miDs0qzpSCxnVqhYm0RalMYD2v0=,um/FiTHxtozwl6Ju94R6UleetDE=
-27,8,miDs0qzpSCxnVqhYm0RalMYD2v0=,U05XcF7UInrS0av2eluW6gWIZjc=
-27,10,miDs0qzpSCxnVqhYm0RalMYD2v0=,U05XcF7UInrS0av2eluW6gWIZjc=
-28,10,miDs0qzpSCxnVqhYm0RalMYD2v0=,U05XcF7UInrS0av2eluW6gWIZjc=
-26,8,miDs0qzpSCxnVqhYm0RalMYD2v0=,U05XcF7UInrS0av2eluW6gWIZjc=
-24,9,miDs0qzpSCxnVqhYm0RalMYD2v0=,um/FiTHxtozwl6Ju94R6UleetDE=
-25,9,miDs0qzpSCxnVqhYm0RalMYD2v0=,U05XcF7UInrS0av2eluW6gWIZjc=
-26,9,miDs0qzpSCxnVqhYm0RalMYD2v0=,U05XcF7UInrS0av2eluW6gWIZjc=
-25,8,miDs0qzpSCxnVqhYm0RalMYD2v0=,U05XcF7UInrS0av2eluW6gWIZjc=
-27,9,miDs0qzpSCxnVqhYm0RalMYD2v0=,U05XcF7UInrS0av2eluW6gWIZjc=
-28,9,miDs0qzpSCxnVqhYm0RalMYD2v0=,U05XcF7UInrS0av2eluW6gWIZjc=
-22,12,miDs0qzpSCxnVqhYm0RalMYD2v0=,IkJhPRPAoCAnvizBS86K4E9Iizw=
-23,13,miDs0qzpSCxnVqhYm0RalMYD2v0=,IkJhPRPAoCAnvizBS86K4E9Iizw=
-22,11,miDs0qzpSCxnVqhYm0RalMYD2v0=,um/FiTHxtozwl6Ju94R6UleetDE=
-23,12,miDs0qzpSCxnVqhYm0RalMYD2v0=,IkJhPRPAoCAnvizBS86K4E9Iizw=
-22,13,miDs0qzpSCxnVqhYm0RalMYD2v0=,IkJhPRPAoCAnvizBS86K4E9Iizw=
-23,14,miDs0qzpSCxnVqhYm0RalMYD2v0=,IkJhPRPAoCAnvizBS86K4E9Iizw=
-22,14,miDs0qzpSCxnVqhYm0RalMYD2v0=,IkJhPRPAoCAnvizBS86K4E9Iizw=
-23,11,miDs0qzpSCxnVqhYm0RalMYD2v0=,um/FiTHxtozwl6Ju94R6UleetDE=
-23,15,miDs0qzpSCxnVqhYm0RalMYD2v0=,IkJhPRPAoCAnvizBS86K4E9Iizw=
-22,15,miDs0qzpSCxnVqhYm0RalMYD2v0=,IkJhPRPAoCAnvizBS86K4E9Iizw=
-17,9,VcgSej9D+Lp68Fjae6VE/sAKN18=,wRf5k0kkEvQY1WdIA1+SeNU08OE=
-17,10,VcgSej9D+Lp68Fjae6VE/sAKN18=,wRf5k0kkEvQY1WdIA1+SeNU08OE=
-17,5,VcgSej9D+Lp68Fjae6VE/sAKN18=,HLCDG1Ib8C+jJec0833//X4Hw+w=
-17,6,VcgSej9D+Lp68Fjae6VE/sAKN18=,HLCDG1Ib8C+jJec0833//X4Hw+w=
-17,8,VcgSej9D+Lp68Fjae6VE/sAKN18=,wRf5k0kkEvQY1WdIA1+SeNU08OE=
-17,7,VcgSej9D+Lp68Fjae6VE/sAKN18=,HLCDG1Ib8C+jJec0833//X4Hw+w=
-17,4,e/ITycnYCfJldRmYj6zI6VXwXcU=,HLCDG1Ib8C+jJec0833//X4Hw+w=
-17,3,e/ITycnYCfJldRmYj6zI6VXwXcU=,mHciAs6KAttlMmtbZTQALd3dN50=
-17,1,e/ITycnYCfJldRmYj6zI6VXwXcU=,mHciAs6KAttlMmtbZTQALd3dN50=
-17,2,e/ITycnYCfJldRmYj6zI6VXwXcU=,mHciAs6KAttlMmtbZTQALd3dN50=
-32,10,e/ITycnYCfJldRmYj6zI6VXwXcU=,Q0T0liHQ7oUSIM7cUMGQGPpu8I8=
-32,9,e/ITycnYCfJldRmYj6zI6VXwXcU=,Q0T0liHQ7oUSIM7cUMGQGPpu8I8=
-32,11,fumSruNS/y4YQUBLOCdzqGr5zDw=,Q0T0liHQ7oUSIM7cUMGQGPpu8I8=
-31,14,fumSruNS/y4YQUBLOCdzqGr5zDw=,mDlyKyj4gqj5z/qwRAW4b88oN04=
-32,12,fumSruNS/y4YQUBLOCdzqGr5zDw=,mDlyKyj4gqj5z/qwRAW4b88oN04=
-30,14,fumSruNS/y4YQUBLOCdzqGr5zDw=,mDlyKyj4gqj5z/qwRAW4b88oN04=
-31,15,fumSruNS/y4YQUBLOCdzqGr5zDw=,mDlyKyj4gqj5z/qwRAW4b88oN04=
-30,12,fumSruNS/y4YQUBLOCdzqGr5zDw=,mDlyKyj4gqj5z/qwRAW4b88oN04=
-30,15,fumSruNS/y4YQUBLOCdzqGr5zDw=,mDlyKyj4gqj5z/qwRAW4b88oN04=
-31,13,fumSruNS/y4YQUBLOCdzqGr5zDw=,mDlyKyj4gqj5z/qwRAW4b88oN04=
-31,11,fumSruNS/y4YQUBLOCdzqGr5zDw=,Q0T0liHQ7oUSIM7cUMGQGPpu8I8=
-30,13,fumSruNS/y4YQUBLOCdzqGr5zDw=,mDlyKyj4gqj5z/qwRAW4b88oN04=
-32,13,fumSruNS/y4YQUBLOCdzqGr5zDw=,mDlyKyj4gqj5z/qwRAW4b88oN04=
-30,11,fumSruNS/y4YQUBLOCdzqGr5zDw=,Q0T0liHQ7oUSIM7cUMGQGPpu8I8=
-32,14,fumSruNS/y4YQUBLOCdzqGr5zDw=,mDlyKyj4gqj5z/qwRAW4b88oN04=
-31,12,fumSruNS/y4YQUBLOCdzqGr5zDw=,mDlyKyj4gqj5z/qwRAW4b88oN04=
-32,2,fumSruNS/y4YQUBLOCdzqGr5zDw=,pSpd/Kz9971XYfw7zo9/hUjnVYc=
-32,1,fumSruNS/y4YQUBLOCdzqGr5zDw=,pSpd/Kz9971XYfw7zo9/hUjnVYc=
-20,11,fumSruNS/y4YQUBLOCdzqGr5zDw=,wRf5k0kkEvQY1WdIA1+SeNU08OE=
-21,12,W5VxnG8zc0Nd+mzKsZCC0/GAqyo=,IkJhPRPAoCAnvizBS86K4E9Iizw=
-19,11,W5VxnG8zc0Nd+mzKsZCC0/GAqyo=,wRf5k0kkEvQY1WdIA1+SeNU08OE=
-18,11,W5VxnG8zc0Nd+mzKsZCC0/GAqyo=,wRf5k0kkEvQY1WdIA1+SeNU08OE=
-21,13,W5VxnG8zc0Nd+mzKsZCC0/GAqyo=,IkJhPRPAoCAnvizBS86K4E9Iizw=
-28,15,W5VxnG8zc0Nd+mzKsZCC0/GAqyo=,2iz0LMan/GfBgGz0FDiX9llU/bU=
-17,11,W5VxnG8zc0Nd+mzKsZCC0/GAqyo=,wRf5k0kkEvQY1WdIA1+SeNU08OE=
-21,14,W5VxnG8zc0Nd+mzKsZCC0/GAqyo=,IkJhPRPAoCAnvizBS86K4E9Iizw=
-24,13,W5VxnG8zc0Nd+mzKsZCC0/GAqyo=,IkJhPRPAoCAnvizBS86K4E9Iizw=
-20,13,W5VxnG8zc0Nd+mzKsZCC0/GAqyo=,U7qTKmWZeMMkb/fkAnOJ067goEw=
-29,15,W5VxnG8zc0Nd+mzKsZCC0/GAqyo=,mDlyKyj4gqj5z/qwRAW4b88oN04=
-19,13,W5VxnG8zc0Nd+mzKsZCC0/GAqyo=,U7qTKmWZeMMkb/fkAnOJ067goEw=
-24,11,W5VxnG8zc0Nd+mzKsZCC0/GAqyo=,um/FiTHxtozwl6Ju94R6UleetDE=
-20,12,W5VxnG8zc0Nd+mzKsZCC0/GAqyo=,U7qTKmWZeMMkb/fkAnOJ067goEw=
-24,14,W5VxnG8zc0Nd+mzKsZCC0/GAqyo=,IkJhPRPAoCAnvizBS86K4E9Iizw=
-18,13,W5VxnG8zc0Nd+mzKsZCC0/GAqyo=,U7qTKmWZeMMkb/fkAnOJ067goEw=
-28,11,W5VxnG8zc0Nd+mzKsZCC0/GAqyo=,U05XcF7UInrS0av2eluW6gWIZjc=
-17,13,W5VxnG8zc0Nd+mzKsZCC0/GAqyo=,U7qTKmWZeMMkb/fkAnOJ067goEw=
-31,0,W5VxnG8zc0Nd+mzKsZCC0/GAqyo=,pSpd/Kz9971XYfw7zo9/hUjnVYc=
-27,15,W5VxnG8zc0Nd+mzKsZCC0/GAqyo=,2iz0LMan/GfBgGz0FDiX9llU/bU=
-30,0,W5VxnG8zc0Nd+mzKsZCC0/GAqyo=,pSpd/Kz9971XYfw7zo9/hUjnVYc=
-21,15,W5VxnG8zc0Nd+mzKsZCC0/GAqyo=,IkJhPRPAoCAnvizBS86K4E9Iizw=
-29,13,W5VxnG8zc0Nd+mzKsZCC0/GAqyo=,mDlyKyj4gqj5z/qwRAW4b88oN04=
-18,15,W5VxnG8zc0Nd+mzKsZCC0/GAqyo=,U7qTKmWZeMMkb/fkAnOJ067goEw=
-20,14,W5VxnG8zc0Nd+mzKsZCC0/GAqyo=,U7qTKmWZeMMkb/fkAnOJ067goEw=
-28,12,W5VxnG8zc0Nd+mzKsZCC0/GAqyo=,2iz0LMan/GfBgGz0FDiX9llU/bU=
-27,11,W5VxnG8zc0Nd+mzKsZCC0/GAqyo=,U05XcF7UInrS0av2eluW6gWIZjc=
-21,11,W5VxnG8zc0Nd+mzKsZCC0/GAqyo=,um/FiTHxtozwl6Ju94R6UleetDE=
-25,14,W5VxnG8zc0Nd+mzKsZCC0/GAqyo=,2iz0LMan/GfBgGz0FDiX9llU/bU=
-19,12,W5VxnG8zc0Nd+mzKsZCC0/GAqyo=,U7qTKmWZeMMkb/fkAnOJ067goEw=
-26,11,W5VxnG8zc0Nd+mzKsZCC0/GAqyo=,U05XcF7UInrS0av2eluW6gWIZjc=
-19,14,W5VxnG8zc0Nd+mzKsZCC0/GAqyo=,U7qTKmWZeMMkb/fkAnOJ067goEw=
-28,0,W5VxnG8zc0Nd+mzKsZCC0/GAqyo=,Ng4vDzVxg2DsvmSDFqN1CB0Dkgg=
-18,12,W5VxnG8zc0Nd+mzKsZCC0/GAqyo=,U7qTKmWZeMMkb/fkAnOJ067goEw=
-29,12,W5VxnG8zc0Nd+mzKsZCC0/GAqyo=,mDlyKyj4gqj5z/qwRAW4b88oN04=
-27,0,W5VxnG8zc0Nd+mzKsZCC0/GAqyo=,Ng4vDzVxg2DsvmSDFqN1CB0Dkgg=
-25,11,W5VxnG8zc0Nd+mzKsZCC0/GAqyo=,U05XcF7UInrS0av2eluW6gWIZjc=
-26,0,W5VxnG8zc0Nd+mzKsZCC0/GAqyo=,Ng4vDzVxg2DsvmSDFqN1CB0Dkgg=
-27,12,W5VxnG8zc0Nd+mzKsZCC0/GAqyo=,2iz0LMan/GfBgGz0FDiX9llU/bU=
-18,14,W5VxnG8zc0Nd+mzKsZCC0/GAqyo=,U7qTKmWZeMMkb/fkAnOJ067goEw=
-29,0,W5VxnG8zc0Nd+mzKsZCC0/GAqyo=,pSpd/Kz9971XYfw7zo9/hUjnVYc=
-26,12,W5VxnG8zc0Nd+mzKsZCC0/GAqyo=,2iz0LMan/GfBgGz0FDiX9llU/bU=
-17,12,W5VxnG8zc0Nd+mzKsZCC0/GAqyo=,U7qTKmWZeMMkb/fkAnOJ067goEw=
-29,11,W5VxnG8zc0Nd+mzKsZCC0/GAqyo=,Q0T0liHQ7oUSIM7cUMGQGPpu8I8=
-17,14,W5VxnG8zc0Nd+mzKsZCC0/GAqyo=,U7qTKmWZeMMkb/fkAnOJ067goEw=
-25,12,W5VxnG8zc0Nd+mzKsZCC0/GAqyo=,2iz0LMan/GfBgGz0FDiX9llU/bU=
-19,15,W5VxnG8zc0Nd+mzKsZCC0/GAqyo=,U7qTKmWZeMMkb/fkAnOJ067goEw=
-24,15,W5VxnG8zc0Nd+mzKsZCC0/GAqyo=,IkJhPRPAoCAnvizBS86K4E9Iizw=
-26,15,W5VxnG8zc0Nd+mzKsZCC0/GAqyo=,2iz0LMan/GfBgGz0FDiX9llU/bU=
-20,15,W5VxnG8zc0Nd+mzKsZCC0/GAqyo=,U7qTKmWZeMMkb/fkAnOJ067goEw=
-26,14,W5VxnG8zc0Nd+mzKsZCC0/GAqyo=,2iz0LMan/GfBgGz0FDiX9llU/bU=
-24,12,W5VxnG8zc0Nd+mzKsZCC0/GAqyo=,IkJhPRPAoCAnvizBS86K4E9Iizw=
-25,15,W5VxnG8zc0Nd+mzKsZCC0/GAqyo=,2iz0LMan/GfBgGz0FDiX9llU/bU=
-28,13,W5VxnG8zc0Nd+mzKsZCC0/GAqyo=,2iz0LMan/GfBgGz0FDiX9llU/bU=
-27,13,W5VxnG8zc0Nd+mzKsZCC0/GAqyo=,2iz0LMan/GfBgGz0FDiX9llU/bU=
-27,14,W5VxnG8zc0Nd+mzKsZCC0/GAqyo=,2iz0LMan/GfBgGz0FDiX9llU/bU=
-26,13,W5VxnG8zc0Nd+mzKsZCC0/GAqyo=,2iz0LMan/GfBgGz0FDiX9llU/bU=
-29,14,W5VxnG8zc0Nd+mzKsZCC0/GAqyo=,mDlyKyj4gqj5z/qwRAW4b88oN04=
-25,0,W5VxnG8zc0Nd+mzKsZCC0/GAqyo=,Ng4vDzVxg2DsvmSDFqN1CB0Dkgg=
-20,0,W5VxnG8zc0Nd+mzKsZCC0/GAqyo=,mHciAs6KAttlMmtbZTQALd3dN50=
-19,0,W5VxnG8zc0Nd+mzKsZCC0/GAqyo=,mHciAs6KAttlMmtbZTQALd3dN50=
-24,0,W5VxnG8zc0Nd+mzKsZCC0/GAqyo=,XMIzqCZ5pqxJB7ndMec1B6d06DY=
-23,0,W5VxnG8zc0Nd+mzKsZCC0/GAqyo=,XMIzqCZ5pqxJB7ndMec1B6d06DY=
-25,13,W5VxnG8zc0Nd+mzKsZCC0/GAqyo=,2iz0LMan/GfBgGz0FDiX9llU/bU=
-22,0,W5VxnG8zc0Nd+mzKsZCC0/GAqyo=,XMIzqCZ5pqxJB7ndMec1B6d06DY=
-18,0,W5VxnG8zc0Nd+mzKsZCC0/GAqyo=,mHciAs6KAttlMmtbZTQALd3dN50=
-32,0,W5VxnG8zc0Nd+mzKsZCC0/GAqyo=,pSpd/Kz9971XYfw7zo9/hUjnVYc=
-21,0,W5VxnG8zc0Nd+mzKsZCC0/GAqyo=,XMIzqCZ5pqxJB7ndMec1B6d06DY=
-28,14,W5VxnG8zc0Nd+mzKsZCC0/GAqyo=,2iz0LMan/GfBgGz0FDiX9llU/bU=
-17,0,W5VxnG8zc0Nd+mzKsZCC0/GAqyo=,mHciAs6KAttlMmtbZTQALd3dN50=
-17,15,W5VxnG8zc0Nd+mzKsZCC0/GAqyo=,U7qTKmWZeMMkb/fkAnOJ067goEw=
-32,15,W5VxnG8zc0Nd+mzKsZCC0/GAqyo=,mDlyKyj4gqj5z/qwRAW4b88oN04=
-31,6,WkJDS9rtqSSU1RtvAANkBI0DdSQ=,gr3EIOhJpHrh8g5US+VEu2Cj9z4=
-29,5,WkJDS9rtqSSU1RtvAANkBI0DdSQ=,gr3EIOhJpHrh8g5US+VEu2Cj9z4=
-28,3,WkJDS9rtqSSU1RtvAANkBI0DdSQ=,Ng4vDzVxg2DsvmSDFqN1CB0Dkgg=
-31,7,WkJDS9rtqSSU1RtvAANkBI0DdSQ=,gr3EIOhJpHrh8g5US+VEu2Cj9z4=
-28,4,WkJDS9rtqSSU1RtvAANkBI0DdSQ=,fD1xejpZmmEkt3BCCYFg+ZSxgK0=
-30,7,WkJDS9rtqSSU1RtvAANkBI0DdSQ=,gr3EIOhJpHrh8g5US+VEu2Cj9z4=
-28,7,WkJDS9rtqSSU1RtvAANkBI0DdSQ=,fD1xejpZmmEkt3BCCYFg+ZSxgK0=
-30,8,WkJDS9rtqSSU1RtvAANkBI0DdSQ=,Q0T0liHQ7oUSIM7cUMGQGPpu8I8=
-32,3,WkJDS9rtqSSU1RtvAANkBI0DdSQ=,pSpd/Kz9971XYfw7zo9/hUjnVYc=
-29,7,WkJDS9rtqSSU1RtvAANkBI0DdSQ=,gr3EIOhJpHrh8g5US+VEu2Cj9z4=
-32,6,WkJDS9rtqSSU1RtvAANkBI0DdSQ=,gr3EIOhJpHrh8g5US+VEu2Cj9z4=
-31,5,WkJDS9rtqSSU1RtvAANkBI0DdSQ=,gr3EIOhJpHrh8g5US+VEu2Cj9z4=
-32,5,WkJDS9rtqSSU1RtvAANkBI0DdSQ=,gr3EIOhJpHrh8g5US+VEu2Cj9z4=
-30,6,WkJDS9rtqSSU1RtvAANkBI0DdSQ=,gr3EIOhJpHrh8g5US+VEu2Cj9z4=
-32,8,WkJDS9rtqSSU1RtvAANkBI0DdSQ=,Q0T0liHQ7oUSIM7cUMGQGPpu8I8=
-32,4,WkJDS9rtqSSU1RtvAANkBI0DdSQ=,gr3EIOhJpHrh8g5US+VEu2Cj9z4=
-29,8,WkJDS9rtqSSU1RtvAANkBI0DdSQ=,Q0T0liHQ7oUSIM7cUMGQGPpu8I8=
-31,4,WkJDS9rtqSSU1RtvAANkBI0DdSQ=,gr3EIOhJpHrh8g5US+VEu2Cj9z4=
-28,5,WkJDS9rtqSSU1RtvAANkBI0DdSQ=,fD1xejpZmmEkt3BCCYFg+ZSxgK0=
-30,4,WkJDS9rtqSSU1RtvAANkBI0DdSQ=,gr3EIOhJpHrh8g5US+VEu2Cj9z4=
-29,6,WkJDS9rtqSSU1RtvAANkBI0DdSQ=,gr3EIOhJpHrh8g5US+VEu2Cj9z4=
-29,4,WkJDS9rtqSSU1RtvAANkBI0DdSQ=,gr3EIOhJpHrh8g5US+VEu2Cj9z4=
-31,8,WkJDS9rtqSSU1RtvAANkBI0DdSQ=,Q0T0liHQ7oUSIM7cUMGQGPpu8I8=
-28,8,WkJDS9rtqSSU1RtvAANkBI0DdSQ=,U05XcF7UInrS0av2eluW6gWIZjc=
-32,7,WkJDS9rtqSSU1RtvAANkBI0DdSQ=,gr3EIOhJpHrh8g5US+VEu2Cj9z4=
-28,6,WkJDS9rtqSSU1RtvAANkBI0DdSQ=,fD1xejpZmmEkt3BCCYFg+ZSxgK0=
-31,3,WkJDS9rtqSSU1RtvAANkBI0DdSQ=,pSpd/Kz9971XYfw7zo9/hUjnVYc=
-29,3,WkJDS9rtqSSU1RtvAANkBI0DdSQ=,pSpd/Kz9971XYfw7zo9/hUjnVYc=
-30,3,WkJDS9rtqSSU1RtvAANkBI0DdSQ=,pSpd/Kz9971XYfw7zo9/hUjnVYc=
-30,5,WkJDS9rtqSSU1RtvAANkBI0DdSQ=,gr3EIOhJpHrh8g5US+VEu2Cj9z4=
-18,26,w5IdKR+OWHJreWsb33tKDd9dh90=,MZOgvXUaJctEdWrD6VaVUZFvRPc=
-19,25,w5IdKR+OWHJreWsb33tKDd9dh90=,MZOgvXUaJctEdWrD6VaVUZFvRPc=
-18,25,w5IdKR+OWHJreWsb33tKDd9dh90=,MZOgvXUaJctEdWrD6VaVUZFvRPc=
-19,26,w5IdKR+OWHJreWsb33tKDd9dh90=,MZOgvXUaJctEdWrD6VaVUZFvRPc=
-23,25,w5IdKR+OWHJreWsb33tKDd9dh90=,4tVW5G0BLkLpx4ta7g6Z5uDP6fk=
-22,25,w5IdKR+OWHJreWsb33tKDd9dh90=,4tVW5G0BLkLpx4ta7g6Z5uDP6fk=
-21,25,w5IdKR+OWHJreWsb33tKDd9dh90=,4tVW5G0BLkLpx4ta7g6Z5uDP6fk=
-19,23,w5IdKR+OWHJreWsb33tKDd9dh90=,iOyDTXz7oTHUPTsP1VOXsYryV/s=
-20,25,w5IdKR+OWHJreWsb33tKDd9dh90=,MZOgvXUaJctEdWrD6VaVUZFvRPc=
-19,21,w5IdKR+OWHJreWsb33tKDd9dh90=,iOyDTXz7oTHUPTsP1VOXsYryV/s=
-18,23,w5IdKR+OWHJreWsb33tKDd9dh90=,iOyDTXz7oTHUPTsP1VOXsYryV/s=
-23,26,w5IdKR+OWHJreWsb33tKDd9dh90=,4tVW5G0BLkLpx4ta7g6Z5uDP6fk=
-18,21,w5IdKR+OWHJreWsb33tKDd9dh90=,iOyDTXz7oTHUPTsP1VOXsYryV/s=
-20,26,w5IdKR+OWHJreWsb33tKDd9dh90=,MZOgvXUaJctEdWrD6VaVUZFvRPc=
-22,26,w5IdKR+OWHJreWsb33tKDd9dh90=,4tVW5G0BLkLpx4ta7g6Z5uDP6fk=
-19,22,w5IdKR+OWHJreWsb33tKDd9dh90=,iOyDTXz7oTHUPTsP1VOXsYryV/s=
-21,26,w5IdKR+OWHJreWsb33tKDd9dh90=,4tVW5G0BLkLpx4ta7g6Z5uDP6fk=
-18,22,w5IdKR+OWHJreWsb33tKDd9dh90=,iOyDTXz7oTHUPTsP1VOXsYryV/s=
-20,21,w5IdKR+OWHJreWsb33tKDd9dh90=,iOyDTXz7oTHUPTsP1VOXsYryV/s=
-19,24,w5IdKR+OWHJreWsb33tKDd9dh90=,MZOgvXUaJctEdWrD6VaVUZFvRPc=
-23,23,w5IdKR+OWHJreWsb33tKDd9dh90=,bbv5PCY0EwVdKKXCnsTN6g8DdmU=
-18,24,w5IdKR+OWHJreWsb33tKDd9dh90=,MZOgvXUaJctEdWrD6VaVUZFvRPc=
-23,21,w5IdKR+OWHJreWsb33tKDd9dh90=,bbv5PCY0EwVdKKXCnsTN6g8DdmU=
-21,22,w5IdKR+OWHJreWsb33tKDd9dh90=,bbv5PCY0EwVdKKXCnsTN6g8DdmU=
-21,24,w5IdKR+OWHJreWsb33tKDd9dh90=,4tVW5G0BLkLpx4ta7g6Z5uDP6fk=
-22,21,w5IdKR+OWHJreWsb33tKDd9dh90=,bbv5PCY0EwVdKKXCnsTN6g8DdmU=
-22,23,w5IdKR+OWHJreWsb33tKDd9dh90=,bbv5PCY0EwVdKKXCnsTN6g8DdmU=
-22,22,Ir4XBnM2TzQ0x7QY5LD2X1u7B1Q=,bbv5PCY0EwVdKKXCnsTN6g8DdmU=
-20,23,Ir4XBnM2TzQ0x7QY5LD2X1u7B1Q=,iOyDTXz7oTHUPTsP1VOXsYryV/s=
-22,24,Ir4XBnM2TzQ0x7QY5LD2X1u7B1Q=,4tVW5G0BLkLpx4ta7g6Z5uDP6fk=
-21,21,Ir4XBnM2TzQ0x7QY5LD2X1u7B1Q=,bbv5PCY0EwVdKKXCnsTN6g8DdmU=
-20,22,Ir4XBnM2TzQ0x7QY5LD2X1u7B1Q=,iOyDTXz7oTHUPTsP1VOXsYryV/s=
-20,24,Ir4XBnM2TzQ0x7QY5LD2X1u7B1Q=,MZOgvXUaJctEdWrD6VaVUZFvRPc=
-23,22,Ir4XBnM2TzQ0x7QY5LD2X1u7B1Q=,bbv5PCY0EwVdKKXCnsTN6g8DdmU=
-23,24,Ir4XBnM2TzQ0x7QY5LD2X1u7B1Q=,4tVW5G0BLkLpx4ta7g6Z5uDP6fk=
-21,23,Ir4XBnM2TzQ0x7QY5LD2X1u7B1Q=,bbv5PCY0EwVdKKXCnsTN6g8DdmU=
-23,29,cgEb3lvJccuuURO30FAArWXLBSE=,iDTb6d0dN1889vts69wi975xu+A=
-22,28,cgEb3lvJccuuURO30FAArWXLBSE=,iDTb6d0dN1889vts69wi975xu+A=
-22,29,cgEb3lvJccuuURO30FAArWXLBSE=,iDTb6d0dN1889vts69wi975xu+A=
-23,28,cgEb3lvJccuuURO30FAArWXLBSE=,iDTb6d0dN1889vts69wi975xu+A=
-23,30,cgEb3lvJccuuURO30FAArWXLBSE=,iDTb6d0dN1889vts69wi975xu+A=
-22,27,cgEb3lvJccuuURO30FAArWXLBSE=,4tVW5G0BLkLpx4ta7g6Z5uDP6fk=
-22,30,cgEb3lvJccuuURO30FAArWXLBSE=,iDTb6d0dN1889vts69wi975xu+A=
-23,27,cgEb3lvJccuuURO30FAArWXLBSE=,4tVW5G0BLkLpx4ta7g6Z5uDP6fk=
-24,25,cgEb3lvJccuuURO30FAArWXLBSE=,4tVW5G0BLkLpx4ta7g6Z5uDP6fk=
-25,26,cgEb3lvJccuuURO30FAArWXLBSE=,aom7TnsWKgvymRcbTS1Zyi8h+Ng=
-26,26,cgEb3lvJccuuURO30FAArWXLBSE=,aom7TnsWKgvymRcbTS1Zyi8h+Ng=
-27,26,cgEb3lvJccuuURO30FAArWXLBSE=,aom7TnsWKgvymRcbTS1Zyi8h+Ng=
-27,25,cgEb3lvJccuuURO30FAArWXLBSE=,aom7TnsWKgvymRcbTS1Zyi8h+Ng=
-24,26,cgEb3lvJccuuURO30FAArWXLBSE=,4tVW5G0BLkLpx4ta7g6Z5uDP6fk=
-26,25,cgEb3lvJccuuURO30FAArWXLBSE=,aom7TnsWKgvymRcbTS1Zyi8h+Ng=
-24,29,cgEb3lvJccuuURO30FAArWXLBSE=,iDTb6d0dN1889vts69wi975xu+A=
-25,25,cgEb3lvJccuuURO30FAArWXLBSE=,aom7TnsWKgvymRcbTS1Zyi8h+Ng=
-27,29,cgEb3lvJccuuURO30FAArWXLBSE=,OO4ODhZx6xuG9apQSlXQCWIown0=
-25,28,cgEb3lvJccuuURO30FAArWXLBSE=,OO4ODhZx6xuG9apQSlXQCWIown0=
-24,28,cgEb3lvJccuuURO30FAArWXLBSE=,iDTb6d0dN1889vts69wi975xu+A=
-26,29,cgEb3lvJccuuURO30FAArWXLBSE=,OO4ODhZx6xuG9apQSlXQCWIown0=
-25,27,cgEb3lvJccuuURO30FAArWXLBSE=,aom7TnsWKgvymRcbTS1Zyi8h+Ng=
-25,29,cgEb3lvJccuuURO30FAArWXLBSE=,OO4ODhZx6xuG9apQSlXQCWIown0=
-27,30,cgEb3lvJccuuURO30FAArWXLBSE=,OO4ODhZx6xuG9apQSlXQCWIown0=
-26,27,cgEb3lvJccuuURO30FAArWXLBSE=,aom7TnsWKgvymRcbTS1Zyi8h+Ng=
-27,27,cgEb3lvJccuuURO30FAArWXLBSE=,aom7TnsWKgvymRcbTS1Zyi8h+Ng=
-26,30,cgEb3lvJccuuURO30FAArWXLBSE=,OO4ODhZx6xuG9apQSlXQCWIown0=
-25,30,cgEb3lvJccuuURO30FAArWXLBSE=,OO4ODhZx6xuG9apQSlXQCWIown0=
-28,25,cgEb3lvJccuuURO30FAArWXLBSE=,aom7TnsWKgvymRcbTS1Zyi8h+Ng=
-24,27,cgEb3lvJccuuURO30FAArWXLBSE=,4tVW5G0BLkLpx4ta7g6Z5uDP6fk=
-28,26,cgEb3lvJccuuURO30FAArWXLBSE=,aom7TnsWKgvymRcbTS1Zyi8h+Ng=
-26,28,cgEb3lvJccuuURO30FAArWXLBSE=,OO4ODhZx6xuG9apQSlXQCWIown0=
-24,30,cgEb3lvJccuuURO30FAArWXLBSE=,iDTb6d0dN1889vts69wi975xu+A=
-31,25,cgEb3lvJccuuURO30FAArWXLBSE=,0LHLzcC9vXFTYYf/sHw3N6dwpk8=
-27,28,cgEb3lvJccuuURO30FAArWXLBSE=,OO4ODhZx6xuG9apQSlXQCWIown0=
-30,25,cgEb3lvJccuuURO30FAArWXLBSE=,0LHLzcC9vXFTYYf/sHw3N6dwpk8=
-29,26,cgEb3lvJccuuURO30FAArWXLBSE=,0LHLzcC9vXFTYYf/sHw3N6dwpk8=
-29,25,DjuuONRc9dkiocSy/EikwKu5klE=,0LHLzcC9vXFTYYf/sHw3N6dwpk8=
-30,26,DjuuONRc9dkiocSy/EikwKu5klE=,0LHLzcC9vXFTYYf/sHw3N6dwpk8=
-31,26,DjuuONRc9dkiocSy/EikwKu5klE=,0LHLzcC9vXFTYYf/sHw3N6dwpk8=
-30,28,0C4Y2leAGZWkqHtvuzqYcnAlv5o=,XaM7rUW2n+mWpR7vU2HsTg9Oy2w=
-29,28,0C4Y2leAGZWkqHtvuzqYcnAlv5o=,XaM7rUW2n+mWpR7vU2HsTg9Oy2w=
-31,30,0C4Y2leAGZWkqHtvuzqYcnAlv5o=,XaM7rUW2n+mWpR7vU2HsTg9Oy2w=
-28,29,0C4Y2leAGZWkqHtvuzqYcnAlv5o=,OO4ODhZx6xuG9apQSlXQCWIown0=
-28,30,0C4Y2leAGZWkqHtvuzqYcnAlv5o=,OO4ODhZx6xuG9apQSlXQCWIown0=
-30,29,0C4Y2leAGZWkqHtvuzqYcnAlv5o=,XaM7rUW2n+mWpR7vU2HsTg9Oy2w=
-27,21,0C4Y2leAGZWkqHtvuzqYcnAlv5o=,Jk/IEduHGeaecl3NWkBp80M2Uxo=
-28,27,0C4Y2leAGZWkqHtvuzqYcnAlv5o=,aom7TnsWKgvymRcbTS1Zyi8h+Ng=
-28,28,0C4Y2leAGZWkqHtvuzqYcnAlv5o=,OO4ODhZx6xuG9apQSlXQCWIown0=
-26,23,0C4Y2leAGZWkqHtvuzqYcnAlv5o=,Jk/IEduHGeaecl3NWkBp80M2Uxo=
-29,29,0C4Y2leAGZWkqHtvuzqYcnAlv5o=,XaM7rUW2n+mWpR7vU2HsTg9Oy2w=
-30,30,0C4Y2leAGZWkqHtvuzqYcnAlv5o=,XaM7rUW2n+mWpR7vU2HsTg9Oy2w=
-26,21,0C4Y2leAGZWkqHtvuzqYcnAlv5o=,Jk/IEduHGeaecl3NWkBp80M2Uxo=
-29,30,0C4Y2leAGZWkqHtvuzqYcnAlv5o=,XaM7rUW2n+mWpR7vU2HsTg9Oy2w=
-31,27,0C4Y2leAGZWkqHtvuzqYcnAlv5o=,0LHLzcC9vXFTYYf/sHw3N6dwpk8=
-25,21,0C4Y2leAGZWkqHtvuzqYcnAlv5o=,Jk/IEduHGeaecl3NWkBp80M2Uxo=
-30,27,0C4Y2leAGZWkqHtvuzqYcnAlv5o=,0LHLzcC9vXFTYYf/sHw3N6dwpk8=
-29,27,0C4Y2leAGZWkqHtvuzqYcnAlv5o=,0LHLzcC9vXFTYYf/sHw3N6dwpk8=
-24,21,0C4Y2leAGZWkqHtvuzqYcnAlv5o=,bbv5PCY0EwVdKKXCnsTN6g8DdmU=
-31,29,0C4Y2leAGZWkqHtvuzqYcnAlv5o=,XaM7rUW2n+mWpR7vU2HsTg9Oy2w=
-27,23,0C4Y2leAGZWkqHtvuzqYcnAlv5o=,Jk/IEduHGeaecl3NWkBp80M2Uxo=
-31,28,0C4Y2leAGZWkqHtvuzqYcnAlv5o=,XaM7rUW2n+mWpR7vU2HsTg9Oy2w=
-25,24,0C4Y2leAGZWkqHtvuzqYcnAlv5o=,aom7TnsWKgvymRcbTS1Zyi8h+Ng=
-24,23,0C4Y2leAGZWkqHtvuzqYcnAlv5o=,bbv5PCY0EwVdKKXCnsTN6g8DdmU=
-24,24,0C4Y2leAGZWkqHtvuzqYcnAlv5o=,4tVW5G0BLkLpx4ta7g6Z5uDP6fk=
-26,24,0C4Y2leAGZWkqHtvuzqYcnAlv5o=,aom7TnsWKgvymRcbTS1Zyi8h+Ng=
-25,23,0C4Y2leAGZWkqHtvuzqYcnAlv5o=,Jk/IEduHGeaecl3NWkBp80M2Uxo=
-30,22,0C4Y2leAGZWkqHtvuzqYcnAlv5o=,WxzD74yQOYfvLarCd60j/eqVNo0=
-28,21,0C4Y2leAGZWkqHtvuzqYcnAlv5o=,Jk/IEduHGeaecl3NWkBp80M2Uxo=
-24,22,0C4Y2leAGZWkqHtvuzqYcnAlv5o=,bbv5PCY0EwVdKKXCnsTN6g8DdmU=
-27,22,0C4Y2leAGZWkqHtvuzqYcnAlv5o=,Jk/IEduHGeaecl3NWkBp80M2Uxo=
-29,22,0C4Y2leAGZWkqHtvuzqYcnAlv5o=,WxzD74yQOYfvLarCd60j/eqVNo0=
-26,22,0C4Y2leAGZWkqHtvuzqYcnAlv5o=,Jk/IEduHGeaecl3NWkBp80M2Uxo=
-27,24,0C4Y2leAGZWkqHtvuzqYcnAlv5o=,aom7TnsWKgvymRcbTS1Zyi8h+Ng=
-31,23,0C4Y2leAGZWkqHtvuzqYcnAlv5o=,WxzD74yQOYfvLarCd60j/eqVNo0=
-25,22,0C4Y2leAGZWkqHtvuzqYcnAlv5o=,Jk/IEduHGeaecl3NWkBp80M2Uxo=
-30,23,0C4Y2leAGZWkqHtvuzqYcnAlv5o=,WxzD74yQOYfvLarCd60j/eqVNo0=
-29,23,0C4Y2leAGZWkqHtvuzqYcnAlv5o=,WxzD74yQOYfvLarCd60j/eqVNo0=
-31,21,0C4Y2leAGZWkqHtvuzqYcnAlv5o=,WxzD74yQOYfvLarCd60j/eqVNo0=
-28,23,0C4Y2leAGZWkqHtvuzqYcnAlv5o=,Jk/IEduHGeaecl3NWkBp80M2Uxo=
-30,21,0C4Y2leAGZWkqHtvuzqYcnAlv5o=,WxzD74yQOYfvLarCd60j/eqVNo0=
-29,21,H04tRlSdeQKl6t0gP7TinzevaCo=,WxzD74yQOYfvLarCd60j/eqVNo0=
-28,24,H04tRlSdeQKl6t0gP7TinzevaCo=,aom7TnsWKgvymRcbTS1Zyi8h+Ng=
-31,22,H04tRlSdeQKl6t0gP7TinzevaCo=,WxzD74yQOYfvLarCd60j/eqVNo0=
-28,22,H04tRlSdeQKl6t0gP7TinzevaCo=,Jk/IEduHGeaecl3NWkBp80M2Uxo=
-31,24,H04tRlSdeQKl6t0gP7TinzevaCo=,0LHLzcC9vXFTYYf/sHw3N6dwpk8=
-29,24,H04tRlSdeQKl6t0gP7TinzevaCo=,0LHLzcC9vXFTYYf/sHw3N6dwpk8=
-30,24,H04tRlSdeQKl6t0gP7TinzevaCo=,0LHLzcC9vXFTYYf/sHw3N6dwpk8=
-27,20,H04tRlSdeQKl6t0gP7TinzevaCo=,Jk/IEduHGeaecl3NWkBp80M2Uxo=
-27,17,H04tRlSdeQKl6t0gP7TinzevaCo=,bT/wR43SAKOwyHNc1aS7Z+5u/Q0=
-26,20,H04tRlSdeQKl6t0gP7TinzevaCo=,Jk/IEduHGeaecl3NWkBp80M2Uxo=
-26,19,H04tRlSdeQKl6t0gP7TinzevaCo=,bT/wR43SAKOwyHNc1aS7Z+5u/Q0=
-26,17,H04tRlSdeQKl6t0gP7TinzevaCo=,bT/wR43SAKOwyHNc1aS7Z+5u/Q0=
-27,18,H04tRlSdeQKl6t0gP7TinzevaCo=,bT/wR43SAKOwyHNc1aS7Z+5u/Q0=
-26,18,H04tRlSdeQKl6t0gP7TinzevaCo=,bT/wR43SAKOwyHNc1aS7Z+5u/Q0=
-27,19,H04tRlSdeQKl6t0gP7TinzevaCo=,bT/wR43SAKOwyHNc1aS7Z+5u/Q0=
-27,16,SYzVskwoboJ2eq1pHjVKbQaRJxQ=,bT/wR43SAKOwyHNc1aS7Z+5u/Q0=
-26,16,SYzVskwoboJ2eq1pHjVKbQaRJxQ=,bT/wR43SAKOwyHNc1aS7Z+5u/Q0=
-17,21,SYzVskwoboJ2eq1pHjVKbQaRJxQ=,iOyDTXz7oTHUPTsP1VOXsYryV/s=
-17,22,SYzVskwoboJ2eq1pHjVKbQaRJxQ=,iOyDTXz7oTHUPTsP1VOXsYryV/s=
-17,23,SYzVskwoboJ2eq1pHjVKbQaRJxQ=,iOyDTXz7oTHUPTsP1VOXsYryV/s=
-17,26,SYzVskwoboJ2eq1pHjVKbQaRJxQ=,MZOgvXUaJctEdWrD6VaVUZFvRPc=
-17,25,SYzVskwoboJ2eq1pHjVKbQaRJxQ=,MZOgvXUaJctEdWrD6VaVUZFvRPc=
-17,24,SYzVskwoboJ2eq1pHjVKbQaRJxQ=,MZOgvXUaJctEdWrD6VaVUZFvRPc=
-28,17,XZ9t/NTaMmjFPkwQdtlxA07EBfE=,bT/wR43SAKOwyHNc1aS7Z+5u/Q0=
-30,20,XZ9t/NTaMmjFPkwQdtlxA07EBfE=,WxzD74yQOYfvLarCd60j/eqVNo0=
-29,17,XZ9t/NTaMmjFPkwQdtlxA07EBfE=,UjrSiL6SQwBaI6B+2FCga1A+u+g=
-29,20,XZ9t/NTaMmjFPkwQdtlxA07EBfE=,WxzD74yQOYfvLarCd60j/eqVNo0=
-24,17,XZ9t/NTaMmjFPkwQdtlxA07EBfE=,Ma+1yb44KUh3qrcnuTMH/20D77g=
-23,17,XZ9t/NTaMmjFPkwQdtlxA07EBfE=,Ma+1yb44KUh3qrcnuTMH/20D77g=
-29,18,XZ9t/NTaMmjFPkwQdtlxA07EBfE=,UjrSiL6SQwBaI6B+2FCga1A+u+g=
-31,16,XZ9t/NTaMmjFPkwQdtlxA07EBfE=,UjrSiL6SQwBaI6B+2FCga1A+u+g=
-25,20,XZ9t/NTaMmjFPkwQdtlxA07EBfE=,Jk/IEduHGeaecl3NWkBp80M2Uxo=
-28,18,XZ9t/NTaMmjFPkwQdtlxA07EBfE=,bT/wR43SAKOwyHNc1aS7Z+5u/Q0=
-25,17,XZ9t/NTaMmjFPkwQdtlxA07EBfE=,bT/wR43SAKOwyHNc1aS7Z+5u/Q0=
-28,19,XZ9t/NTaMmjFPkwQdtlxA07EBfE=,bT/wR43SAKOwyHNc1aS7Z+5u/Q0=
-31,19,XZ9t/NTaMmjFPkwQdtlxA07EBfE=,UjrSiL6SQwBaI6B+2FCga1A+u+g=
-30,19,XZ9t/NTaMmjFPkwQdtlxA07EBfE=,UjrSiL6SQwBaI6B+2FCga1A+u+g=
-22,17,XZ9t/NTaMmjFPkwQdtlxA07EBfE=,Ma+1yb44KUh3qrcnuTMH/20D77g=
-20,17,XZ9t/NTaMmjFPkwQdtlxA07EBfE=,cexZuFn1+5/zSjwjNRTJ+lBHJlA=
-28,16,XZ9t/NTaMmjFPkwQdtlxA07EBfE=,bT/wR43SAKOwyHNc1aS7Z+5u/Q0=
-24,18,XZ9t/NTaMmjFPkwQdtlxA07EBfE=,Ma+1yb44KUh3qrcnuTMH/20D77g=
-25,18,XZ9t/NTaMmjFPkwQdtlxA07EBfE=,bT/wR43SAKOwyHNc1aS7Z+5u/Q0=
-19,17,XZ9t/NTaMmjFPkwQdtlxA07EBfE=,cexZuFn1+5/zSjwjNRTJ+lBHJlA=
-28,20,XZ9t/NTaMmjFPkwQdtlxA07EBfE=,Jk/IEduHGeaecl3NWkBp80M2Uxo=
-23,18,XZ9t/NTaMmjFPkwQdtlxA07EBfE=,Ma+1yb44KUh3qrcnuTMH/20D77g=
-18,17,XZ9t/NTaMmjFPkwQdtlxA07EBfE=,cexZuFn1+5/zSjwjNRTJ+lBHJlA=
-32,18,XZ9t/NTaMmjFPkwQdtlxA07EBfE=,UjrSiL6SQwBaI6B+2FCga1A+u+g=
-22,18,XZ9t/NTaMmjFPkwQdtlxA07EBfE=,Ma+1yb44KUh3qrcnuTMH/20D77g=
-20,20,XZ9t/NTaMmjFPkwQdtlxA07EBfE=,iOyDTXz7oTHUPTsP1VOXsYryV/s=
-25,19,XZ9t/NTaMmjFPkwQdtlxA07EBfE=,bT/wR43SAKOwyHNc1aS7Z+5u/Q0=
-19,20,XZ9t/NTaMmjFPkwQdtlxA07EBfE=,iOyDTXz7oTHUPTsP1VOXsYryV/s=
-24,19,XZ9t/NTaMmjFPkwQdtlxA07EBfE=,Ma+1yb44KUh3qrcnuTMH/20D77g=
-18,20,XZ9t/NTaMmjFPkwQdtlxA07EBfE=,iOyDTXz7oTHUPTsP1VOXsYryV/s=
-17,17,XZ9t/NTaMmjFPkwQdtlxA07EBfE=,cexZuFn1+5/zSjwjNRTJ+lBHJlA=
-25,16,XZ9t/NTaMmjFPkwQdtlxA07EBfE=,bT/wR43SAKOwyHNc1aS7Z+5u/Q0=
-21,17,XZ9t/NTaMmjFPkwQdtlxA07EBfE=,Ma+1yb44KUh3qrcnuTMH/20D77g=
-32,17,XZ9t/NTaMmjFPkwQdtlxA07EBfE=,UjrSiL6SQwBaI6B+2FCga1A+u+g=
-23,19,XZ9t/NTaMmjFPkwQdtlxA07EBfE=,Ma+1yb44KUh3qrcnuTMH/20D77g=
-17,20,XZ9t/NTaMmjFPkwQdtlxA07EBfE=,iOyDTXz7oTHUPTsP1VOXsYryV/s=
-30,16,XZ9t/NTaMmjFPkwQdtlxA07EBfE=,UjrSiL6SQwBaI6B+2FCga1A+u+g=
-20,18,XZ9t/NTaMmjFPkwQdtlxA07EBfE=,cexZuFn1+5/zSjwjNRTJ+lBHJlA=
-22,19,XZ9t/NTaMmjFPkwQdtlxA07EBfE=,Ma+1yb44KUh3qrcnuTMH/20D77g=
-21,18,XZ9t/NTaMmjFPkwQdtlxA07EBfE=,Ma+1yb44KUh3qrcnuTMH/20D77g=
-19,18,XZ9t/NTaMmjFPkwQdtlxA07EBfE=,cexZuFn1+5/zSjwjNRTJ+lBHJlA=
-24,16,XZ9t/NTaMmjFPkwQdtlxA07EBfE=,Ma+1yb44KUh3qrcnuTMH/20D77g=
-20,16,XZ9t/NTaMmjFPkwQdtlxA07EBfE=,cexZuFn1+5/zSjwjNRTJ+lBHJlA=
-31,17,XZ9t/NTaMmjFPkwQdtlxA07EBfE=,UjrSiL6SQwBaI6B+2FCga1A+u+g=
-31,18,XZ9t/NTaMmjFPkwQdtlxA07EBfE=,UjrSiL6SQwBaI6B+2FCga1A+u+g=
-24,20,XZ9t/NTaMmjFPkwQdtlxA07EBfE=,bbv5PCY0EwVdKKXCnsTN6g8DdmU=
-20,19,XZ9t/NTaMmjFPkwQdtlxA07EBfE=,cexZuFn1+5/zSjwjNRTJ+lBHJlA=
-29,19,XZ9t/NTaMmjFPkwQdtlxA07EBfE=,UjrSiL6SQwBaI6B+2FCga1A+u+g=
-23,16,XZ9t/NTaMmjFPkwQdtlxA07EBfE=,Ma+1yb44KUh3qrcnuTMH/20D77g=
-19,19,XZ9t/NTaMmjFPkwQdtlxA07EBfE=,cexZuFn1+5/zSjwjNRTJ+lBHJlA=
-22,16,XZ9t/NTaMmjFPkwQdtlxA07EBfE=,Ma+1yb44KUh3qrcnuTMH/20D77g=
-30,17,XZ9t/NTaMmjFPkwQdtlxA07EBfE=,UjrSiL6SQwBaI6B+2FCga1A+u+g=
-30,18,XZ9t/NTaMmjFPkwQdtlxA07EBfE=,UjrSiL6SQwBaI6B+2FCga1A+u+g=
-18,18,XZ9t/NTaMmjFPkwQdtlxA07EBfE=,cexZuFn1+5/zSjwjNRTJ+lBHJlA=
-31,20,XZ9t/NTaMmjFPkwQdtlxA07EBfE=,WxzD74yQOYfvLarCd60j/eqVNo0=
-29,16,XZ9t/NTaMmjFPkwQdtlxA07EBfE=,UjrSiL6SQwBaI6B+2FCga1A+u+g=
-23,20,XZ9t/NTaMmjFPkwQdtlxA07EBfE=,bbv5PCY0EwVdKKXCnsTN6g8DdmU=
-17,18,XZ9t/NTaMmjFPkwQdtlxA07EBfE=,cexZuFn1+5/zSjwjNRTJ+lBHJlA=
-22,20,XZ9t/NTaMmjFPkwQdtlxA07EBfE=,bbv5PCY0EwVdKKXCnsTN6g8DdmU=
-21,19,XZ9t/NTaMmjFPkwQdtlxA07EBfE=,Ma+1yb44KUh3qrcnuTMH/20D77g=
-19,16,XZ9t/NTaMmjFPkwQdtlxA07EBfE=,cexZuFn1+5/zSjwjNRTJ+lBHJlA=
-21,20,XZ9t/NTaMmjFPkwQdtlxA07EBfE=,bbv5PCY0EwVdKKXCnsTN6g8DdmU=
-18,19,XZ9t/NTaMmjFPkwQdtlxA07EBfE=,cexZuFn1+5/zSjwjNRTJ+lBHJlA=
-17,19,XZ9t/NTaMmjFPkwQdtlxA07EBfE=,cexZuFn1+5/zSjwjNRTJ+lBHJlA=
-18,16,XZ9t/NTaMmjFPkwQdtlxA07EBfE=,cexZuFn1+5/zSjwjNRTJ+lBHJlA=
-21,16,XZ9t/NTaMmjFPkwQdtlxA07EBfE=,Ma+1yb44KUh3qrcnuTMH/20D77g=
-27,31,XZ9t/NTaMmjFPkwQdtlxA07EBfE=,OO4ODhZx6xuG9apQSlXQCWIown0=
-26,31,XZ9t/NTaMmjFPkwQdtlxA07EBfE=,OO4ODhZx6xuG9apQSlXQCWIown0=
-25,31,XZ9t/NTaMmjFPkwQdtlxA07EBfE=,OO4ODhZx6xuG9apQSlXQCWIown0=
-30,31,XZ9t/NTaMmjFPkwQdtlxA07EBfE=,XaM7rUW2n+mWpR7vU2HsTg9Oy2w=
-28,31,XZ9t/NTaMmjFPkwQdtlxA07EBfE=,OO4ODhZx6xuG9apQSlXQCWIown0=
-24,31,XZ9t/NTaMmjFPkwQdtlxA07EBfE=,iDTb6d0dN1889vts69wi975xu+A=
-29,31,XZ9t/NTaMmjFPkwQdtlxA07EBfE=,XaM7rUW2n+mWpR7vU2HsTg9Oy2w=
-23,31,XZ9t/NTaMmjFPkwQdtlxA07EBfE=,iDTb6d0dN1889vts69wi975xu+A=
-31,31,XZ9t/NTaMmjFPkwQdtlxA07EBfE=,XaM7rUW2n+mWpR7vU2HsTg9Oy2w=
-22,31,XZ9t/NTaMmjFPkwQdtlxA07EBfE=,iDTb6d0dN1889vts69wi975xu+A=
-32,22,mzmSU9KUuODycv9BkEOLMod1MEg=,WxzD74yQOYfvLarCd60j/eqVNo0=
-32,23,mzmSU9KUuODycv9BkEOLMod1MEg=,WxzD74yQOYfvLarCd60j/eqVNo0=
-32,29,mzmSU9KUuODycv9BkEOLMod1MEg=,XaM7rUW2n+mWpR7vU2HsTg9Oy2w=
-32,21,mzmSU9KUuODycv9BkEOLMod1MEg=,WxzD74yQOYfvLarCd60j/eqVNo0=
-32,27,mzmSU9KUuODycv9BkEOLMod1MEg=,0LHLzcC9vXFTYYf/sHw3N6dwpk8=
-32,24,mzmSU9KUuODycv9BkEOLMod1MEg=,0LHLzcC9vXFTYYf/sHw3N6dwpk8=
-32,19,mzmSU9KUuODycv9BkEOLMod1MEg=,UjrSiL6SQwBaI6B+2FCga1A+u+g=
-32,20,mzmSU9KUuODycv9BkEOLMod1MEg=,WxzD74yQOYfvLarCd60j/eqVNo0=
-32,30,mzmSU9KUuODycv9BkEOLMod1MEg=,XaM7rUW2n+mWpR7vU2HsTg9Oy2w=
-32,25,mzmSU9KUuODycv9BkEOLMod1MEg=,0LHLzcC9vXFTYYf/sHw3N6dwpk8=
-32,26,mzmSU9KUuODycv9BkEOLMod1MEg=,0LHLzcC9vXFTYYf/sHw3N6dwpk8=
-32,31,mzmSU9KUuODycv9BkEOLMod1MEg=,XaM7rUW2n+mWpR7vU2HsTg9Oy2w=
-32,28,mzmSU9KUuODycv9BkEOLMod1MEg=,XaM7rUW2n+mWpR7vU2HsTg9Oy2w=
-32,16,mzmSU9KUuODycv9BkEOLMod1MEg=,UjrSiL6SQwBaI6B+2FCga1A+u+g=
-17,16,mzmSU9KUuODycv9BkEOLMod1MEg=,cexZuFn1+5/zSjwjNRTJ+lBHJlA=
-20,27,mzmSU9KUuODycv9BkEOLMod1MEg=,MZOgvXUaJctEdWrD6VaVUZFvRPc=
-21,28,mzmSU9KUuODycv9BkEOLMod1MEg=,iDTb6d0dN1889vts69wi975xu+A=
-17,28,mzmSU9KUuODycv9BkEOLMod1MEg=,iGfruoYl+R+AWUZc0UEeynOfdwY=
-19,27,mzmSU9KUuODycv9BkEOLMod1MEg=,MZOgvXUaJctEdWrD6VaVUZFvRPc=
-18,28,mzmSU9KUuODycv9BkEOLMod1MEg=,iGfruoYl+R+AWUZc0UEeynOfdwY=
-18,27,mzmSU9KUuODycv9BkEOLMod1MEg=,MZOgvXUaJctEdWrD6VaVUZFvRPc=
-19,28,mzmSU9KUuODycv9BkEOLMod1MEg=,iGfruoYl+R+AWUZc0UEeynOfdwY=
-17,27,mzmSU9KUuODycv9BkEOLMod1MEg=,MZOgvXUaJctEdWrD6VaVUZFvRPc=
-21,27,mzmSU9KUuODycv9BkEOLMod1MEg=,4tVW5G0BLkLpx4ta7g6Z5uDP6fk=
-20,29,mzmSU9KUuODycv9BkEOLMod1MEg=,iGfruoYl+R+AWUZc0UEeynOfdwY=
-19,29,mzmSU9KUuODycv9BkEOLMod1MEg=,iGfruoYl+R+AWUZc0UEeynOfdwY=
-21,31,mzmSU9KUuODycv9BkEOLMod1MEg=,iDTb6d0dN1889vts69wi975xu+A=
-20,28,mzmSU9KUuODycv9BkEOLMod1MEg=,iGfruoYl+R+AWUZc0UEeynOfdwY=
-21,29,mzmSU9KUuODycv9BkEOLMod1MEg=,iDTb6d0dN1889vts69wi975xu+A=
-17,31,mzmSU9KUuODycv9BkEOLMod1MEg=,iGfruoYl+R+AWUZc0UEeynOfdwY=
-18,29,mzmSU9KUuODycv9BkEOLMod1MEg=,iGfruoYl+R+AWUZc0UEeynOfdwY=
-17,29,mzmSU9KUuODycv9BkEOLMod1MEg=,iGfruoYl+R+AWUZc0UEeynOfdwY=
-21,30,mzmSU9KUuODycv9BkEOLMod1MEg=,iDTb6d0dN1889vts69wi975xu+A=
-18,31,mzmSU9KUuODycv9BkEOLMod1MEg=,iGfruoYl+R+AWUZc0UEeynOfdwY=
-20,31,mzmSU9KUuODycv9BkEOLMod1MEg=,iGfruoYl+R+AWUZc0UEeynOfdwY=
-19,31,mzmSU9KUuODycv9BkEOLMod1MEg=,iGfruoYl+R+AWUZc0UEeynOfdwY=
-18,30,mzmSU9KUuODycv9BkEOLMod1MEg=,iGfruoYl+R+AWUZc0UEeynOfdwY=
-17,30,mzmSU9KUuODycv9BkEOLMod1MEg=,iGfruoYl+R+AWUZc0UEeynOfdwY=
-19,30,mzmSU9KUuODycv9BkEOLMod1MEg=,iGfruoYl+R+AWUZc0UEeynOfdwY=
-20,30,mzmSU9KUuODycv9BkEOLMod1MEg=,iGfruoYl+R+AWUZc0UEeynOfdwY=
-10,26,0cMbyoHFzHHL30JBPJwGS+gU+zU=,iGiJIm5GtPjdVCwWBsts+7cdNJM=
-11,25,0cMbyoHFzHHL30JBPJwGS+gU+zU=,iGiJIm5GtPjdVCwWBsts+7cdNJM=
-11,26,0cMbyoHFzHHL30JBPJwGS+gU+zU=,iGiJIm5GtPjdVCwWBsts+7cdNJM=
-10,25,0cMbyoHFzHHL30JBPJwGS+gU+zU=,iGiJIm5GtPjdVCwWBsts+7cdNJM=
-15,26,0cMbyoHFzHHL30JBPJwGS+gU+zU=,GMqwK/r4Af5newutBSuj0HpLI8I=
-11,23,0cMbyoHFzHHL30JBPJwGS+gU+zU=,LRCHaiYgZhkhGO9Bi9jAvXbU4Os=
-12,25,0cMbyoHFzHHL30JBPJwGS+gU+zU=,iGiJIm5GtPjdVCwWBsts+7cdNJM=
-10,23,0cMbyoHFzHHL30JBPJwGS+gU+zU=,LRCHaiYgZhkhGO9Bi9jAvXbU4Os=
-11,24,0cMbyoHFzHHL30JBPJwGS+gU+zU=,iGiJIm5GtPjdVCwWBsts+7cdNJM=
-10,24,0cMbyoHFzHHL30JBPJwGS+gU+zU=,iGiJIm5GtPjdVCwWBsts+7cdNJM=
-14,26,0cMbyoHFzHHL30JBPJwGS+gU+zU=,GMqwK/r4Af5newutBSuj0HpLI8I=
-14,21,0cMbyoHFzHHL30JBPJwGS+gU+zU=,/4OPZCZmiBuEjaT/GHpLP+eDH5w=
-15,25,0cMbyoHFzHHL30JBPJwGS+gU+zU=,GMqwK/r4Af5newutBSuj0HpLI8I=
-11,21,0cMbyoHFzHHL30JBPJwGS+gU+zU=,LRCHaiYgZhkhGO9Bi9jAvXbU4Os=
-14,22,0cMbyoHFzHHL30JBPJwGS+gU+zU=,/4OPZCZmiBuEjaT/GHpLP+eDH5w=
-10,21,0cMbyoHFzHHL30JBPJwGS+gU+zU=,LRCHaiYgZhkhGO9Bi9jAvXbU4Os=
-12,26,0cMbyoHFzHHL30JBPJwGS+gU+zU=,iGiJIm5GtPjdVCwWBsts+7cdNJM=
-13,21,0cMbyoHFzHHL30JBPJwGS+gU+zU=,/4OPZCZmiBuEjaT/GHpLP+eDH5w=
-11,22,0cMbyoHFzHHL30JBPJwGS+gU+zU=,LRCHaiYgZhkhGO9Bi9jAvXbU4Os=
-14,25,0cMbyoHFzHHL30JBPJwGS+gU+zU=,GMqwK/r4Af5newutBSuj0HpLI8I=
-12,23,0cMbyoHFzHHL30JBPJwGS+gU+zU=,LRCHaiYgZhkhGO9Bi9jAvXbU4Os=
-13,22,0cMbyoHFzHHL30JBPJwGS+gU+zU=,/4OPZCZmiBuEjaT/GHpLP+eDH5w=
-13,26,0cMbyoHFzHHL30JBPJwGS+gU+zU=,GMqwK/r4Af5newutBSuj0HpLI8I=
-13,25,0cMbyoHFzHHL30JBPJwGS+gU+zU=,GMqwK/r4Af5newutBSuj0HpLI8I=
-15,22,0cMbyoHFzHHL30JBPJwGS+gU+zU=,/4OPZCZmiBuEjaT/GHpLP+eDH5w=
-10,22,0cMbyoHFzHHL30JBPJwGS+gU+zU=,LRCHaiYgZhkhGO9Bi9jAvXbU4Os=
-15,23,0cMbyoHFzHHL30JBPJwGS+gU+zU=,/4OPZCZmiBuEjaT/GHpLP+eDH5w=
-15,21,0cMbyoHFzHHL30JBPJwGS+gU+zU=,/4OPZCZmiBuEjaT/GHpLP+eDH5w=
-14,24,0cMbyoHFzHHL30JBPJwGS+gU+zU=,GMqwK/r4Af5newutBSuj0HpLI8I=
-13,24,0cMbyoHFzHHL30JBPJwGS+gU+zU=,GMqwK/r4Af5newutBSuj0HpLI8I=
-14,23,0cMbyoHFzHHL30JBPJwGS+gU+zU=,/4OPZCZmiBuEjaT/GHpLP+eDH5w=
-13,23,0cMbyoHFzHHL30JBPJwGS+gU+zU=,/4OPZCZmiBuEjaT/GHpLP+eDH5w=
-12,22,0cMbyoHFzHHL30JBPJwGS+gU+zU=,LRCHaiYgZhkhGO9Bi9jAvXbU4Os=
-12,24,0cMbyoHFzHHL30JBPJwGS+gU+zU=,iGiJIm5GtPjdVCwWBsts+7cdNJM=
-15,24,0cMbyoHFzHHL30JBPJwGS+gU+zU=,GMqwK/r4Af5newutBSuj0HpLI8I=
-12,21,0cMbyoHFzHHL30JBPJwGS+gU+zU=,LRCHaiYgZhkhGO9Bi9jAvXbU4Os=
-9,21,g5ZPdhsg0hLxdj+7Q5ORcL0O9bQ=,LRCHaiYgZhkhGO9Bi9jAvXbU4Os=
-8,21,g5ZPdhsg0hLxdj+7Q5ORcL0O9bQ=,JRaJP0PWavAawMlKLVQuS/ef9xc=
-7,21,g5ZPdhsg0hLxdj+7Q5ORcL0O9bQ=,JRaJP0PWavAawMlKLVQuS/ef9xc=
-6,21,g5ZPdhsg0hLxdj+7Q5ORcL0O9bQ=,JRaJP0PWavAawMlKLVQuS/ef9xc=
-9,22,g5ZPdhsg0hLxdj+7Q5ORcL0O9bQ=,LRCHaiYgZhkhGO9Bi9jAvXbU4Os=
-8,22,g5ZPdhsg0hLxdj+7Q5ORcL0O9bQ=,JRaJP0PWavAawMlKLVQuS/ef9xc=
-5,21,g5ZPdhsg0hLxdj+7Q5ORcL0O9bQ=,JRaJP0PWavAawMlKLVQuS/ef9xc=
-4,21,g5ZPdhsg0hLxdj+7Q5ORcL0O9bQ=,gQzkIeSNwpUM9qNNPU6ofy+6Osk=
-7,22,g5ZPdhsg0hLxdj+7Q5ORcL0O9bQ=,JRaJP0PWavAawMlKLVQuS/ef9xc=
-3,21,g5ZPdhsg0hLxdj+7Q5ORcL0O9bQ=,gQzkIeSNwpUM9qNNPU6ofy+6Osk=
-6,22,g5ZPdhsg0hLxdj+7Q5ORcL0O9bQ=,JRaJP0PWavAawMlKLVQuS/ef9xc=
-2,21,g5ZPdhsg0hLxdj+7Q5ORcL0O9bQ=,gQzkIeSNwpUM9qNNPU6ofy+6Osk=
-4,22,g5ZPdhsg0hLxdj+7Q5ORcL0O9bQ=,gQzkIeSNwpUM9qNNPU6ofy+6Osk=
-3,22,g5ZPdhsg0hLxdj+7Q5ORcL0O9bQ=,gQzkIeSNwpUM9qNNPU6ofy+6Osk=
-2,22,g5ZPdhsg0hLxdj+7Q5ORcL0O9bQ=,gQzkIeSNwpUM9qNNPU6ofy+6Osk=
-5,22,g5ZPdhsg0hLxdj+7Q5ORcL0O9bQ=,JRaJP0PWavAawMlKLVQuS/ef9xc=
-8,23,g5ZPdhsg0hLxdj+7Q5ORcL0O9bQ=,JRaJP0PWavAawMlKLVQuS/ef9xc=
-9,23,g5ZPdhsg0hLxdj+7Q5ORcL0O9bQ=,LRCHaiYgZhkhGO9Bi9jAvXbU4Os=
-7,23,g5ZPdhsg0hLxdj+7Q5ORcL0O9bQ=,JRaJP0PWavAawMlKLVQuS/ef9xc=
-8,24,v1couGbrWik7KwapRjCvSaQJTrg=,V19hlwnufIUeowhjbrIy6I/J1Kc=
-7,24,v1couGbrWik7KwapRjCvSaQJTrg=,V19hlwnufIUeowhjbrIy6I/J1Kc=
-6,24,v1couGbrWik7KwapRjCvSaQJTrg=,V19hlwnufIUeowhjbrIy6I/J1Kc=
-6,23,v1couGbrWik7KwapRjCvSaQJTrg=,JRaJP0PWavAawMlKLVQuS/ef9xc=
-8,25,v1couGbrWik7KwapRjCvSaQJTrg=,V19hlwnufIUeowhjbrIy6I/J1Kc=
-9,24,v1couGbrWik7KwapRjCvSaQJTrg=,iGiJIm5GtPjdVCwWBsts+7cdNJM=
-7,25,v1couGbrWik7KwapRjCvSaQJTrg=,V19hlwnufIUeowhjbrIy6I/J1Kc=
-6,25,v1couGbrWik7KwapRjCvSaQJTrg=,V19hlwnufIUeowhjbrIy6I/J1Kc=
-9,25,v1couGbrWik7KwapRjCvSaQJTrg=,iGiJIm5GtPjdVCwWBsts+7cdNJM=
-8,26,v1couGbrWik7KwapRjCvSaQJTrg=,V19hlwnufIUeowhjbrIy6I/J1Kc=
-7,26,v1couGbrWik7KwapRjCvSaQJTrg=,V19hlwnufIUeowhjbrIy6I/J1Kc=
-6,26,v1couGbrWik7KwapRjCvSaQJTrg=,V19hlwnufIUeowhjbrIy6I/J1Kc=
-9,26,v1couGbrWik7KwapRjCvSaQJTrg=,iGiJIm5GtPjdVCwWBsts+7cdNJM=
-4,25,v1couGbrWik7KwapRjCvSaQJTrg=,aqpp+qWk1ZY+D+uruRbNKVvUPKo=
-4,23,v1couGbrWik7KwapRjCvSaQJTrg=,gQzkIeSNwpUM9qNNPU6ofy+6Osk=
-3,25,v1couGbrWik7KwapRjCvSaQJTrg=,aqpp+qWk1ZY+D+uruRbNKVvUPKo=
-3,23,v1couGbrWik7KwapRjCvSaQJTrg=,gQzkIeSNwpUM9qNNPU6ofy+6Osk=
-5,24,v1couGbrWik7KwapRjCvSaQJTrg=,V19hlwnufIUeowhjbrIy6I/J1Kc=
-5,23,v1couGbrWik7KwapRjCvSaQJTrg=,JRaJP0PWavAawMlKLVQuS/ef9xc=
-2,25,v1couGbrWik7KwapRjCvSaQJTrg=,aqpp+qWk1ZY+D+uruRbNKVvUPKo=
-5,26,v1couGbrWik7KwapRjCvSaQJTrg=,V19hlwnufIUeowhjbrIy6I/J1Kc=
-2,23,v1couGbrWik7KwapRjCvSaQJTrg=,gQzkIeSNwpUM9qNNPU6ofy+6Osk=
-4,26,v1couGbrWik7KwapRjCvSaQJTrg=,aqpp+qWk1ZY+D+uruRbNKVvUPKo=
-2,24,v1couGbrWik7KwapRjCvSaQJTrg=,aqpp+qWk1ZY+D+uruRbNKVvUPKo=
-3,26,v1couGbrWik7KwapRjCvSaQJTrg=,aqpp+qWk1ZY+D+uruRbNKVvUPKo=
-3,24,v1couGbrWik7KwapRjCvSaQJTrg=,aqpp+qWk1ZY+D+uruRbNKVvUPKo=
-5,25,v1couGbrWik7KwapRjCvSaQJTrg=,V19hlwnufIUeowhjbrIy6I/J1Kc=
-2,26,v1couGbrWik7KwapRjCvSaQJTrg=,aqpp+qWk1ZY+D+uruRbNKVvUPKo=
-4,24,v1couGbrWik7KwapRjCvSaQJTrg=,aqpp+qWk1ZY+D+uruRbNKVvUPKo=
-7,27,b3ZDdO/qoenOITZYnf7g5dTt8ho=,V19hlwnufIUeowhjbrIy6I/J1Kc=
-7,29,b3ZDdO/qoenOITZYnf7g5dTt8ho=,D00KHm70OLyItrQqHbCVizyiaQQ=
-6,28,b3ZDdO/qoenOITZYnf7g5dTt8ho=,D00KHm70OLyItrQqHbCVizyiaQQ=
-6,29,b3ZDdO/qoenOITZYnf7g5dTt8ho=,D00KHm70OLyItrQqHbCVizyiaQQ=
-6,27,b3ZDdO/qoenOITZYnf7g5dTt8ho=,V19hlwnufIUeowhjbrIy6I/J1Kc=
-7,28,b3ZDdO/qoenOITZYnf7g5dTt8ho=,D00KHm70OLyItrQqHbCVizyiaQQ=
-7,30,b3ZDdO/qoenOITZYnf7g5dTt8ho=,D00KHm70OLyItrQqHbCVizyiaQQ=
-6,30,b3ZDdO/qoenOITZYnf7g5dTt8ho=,D00KHm70OLyItrQqHbCVizyiaQQ=
-7,31,b3ZDdO/qoenOITZYnf7g5dTt8ho=,D00KHm70OLyItrQqHbCVizyiaQQ=
-4,29,b3ZDdO/qoenOITZYnf7g5dTt8ho=,CwWvuTMzMlhHAoJnh6mBo3ASCyk=
-6,31,b3ZDdO/qoenOITZYnf7g5dTt8ho=,D00KHm70OLyItrQqHbCVizyiaQQ=
-5,28,b3ZDdO/qoenOITZYnf7g5dTt8ho=,D00KHm70OLyItrQqHbCVizyiaQQ=
-5,29,b3ZDdO/qoenOITZYnf7g5dTt8ho=,D00KHm70OLyItrQqHbCVizyiaQQ=
-2,28,b3ZDdO/qoenOITZYnf7g5dTt8ho=,CwWvuTMzMlhHAoJnh6mBo3ASCyk=
-5,27,b3ZDdO/qoenOITZYnf7g5dTt8ho=,V19hlwnufIUeowhjbrIy6I/J1Kc=
-2,30,b3ZDdO/qoenOITZYnf7g5dTt8ho=,CwWvuTMzMlhHAoJnh6mBo3ASCyk=
-8,29,b3ZDdO/qoenOITZYnf7g5dTt8ho=,D00KHm70OLyItrQqHbCVizyiaQQ=
-4,27,b3ZDdO/qoenOITZYnf7g5dTt8ho=,aqpp+qWk1ZY+D+uruRbNKVvUPKo=
-3,27,b3ZDdO/qoenOITZYnf7g5dTt8ho=,aqpp+qWk1ZY+D+uruRbNKVvUPKo=
-3,30,b3ZDdO/qoenOITZYnf7g5dTt8ho=,CwWvuTMzMlhHAoJnh6mBo3ASCyk=
-5,30,b3ZDdO/qoenOITZYnf7g5dTt8ho=,D00KHm70OLyItrQqHbCVizyiaQQ=
-11,31,b3ZDdO/qoenOITZYnf7g5dTt8ho=,zISKuNhpRdsr6CrRSvyzhKh5G7c=
-3,29,b3ZDdO/qoenOITZYnf7g5dTt8ho=,CwWvuTMzMlhHAoJnh6mBo3ASCyk=
-8,27,b3ZDdO/qoenOITZYnf7g5dTt8ho=,V19hlwnufIUeowhjbrIy6I/J1Kc=
-10,31,b3ZDdO/qoenOITZYnf7g5dTt8ho=,zISKuNhpRdsr6CrRSvyzhKh5G7c=
-2,29,b3ZDdO/qoenOITZYnf7g5dTt8ho=,CwWvuTMzMlhHAoJnh6mBo3ASCyk=
-9,31,b3ZDdO/qoenOITZYnf7g5dTt8ho=,zISKuNhpRdsr6CrRSvyzhKh5G7c=
-8,30,b3ZDdO/qoenOITZYnf7g5dTt8ho=,D00KHm70OLyItrQqHbCVizyiaQQ=
-2,27,b3ZDdO/qoenOITZYnf7g5dTt8ho=,aqpp+qWk1ZY+D+uruRbNKVvUPKo=
-8,31,b3ZDdO/qoenOITZYnf7g5dTt8ho=,D00KHm70OLyItrQqHbCVizyiaQQ=
-11,27,b3ZDdO/qoenOITZYnf7g5dTt8ho=,iGiJIm5GtPjdVCwWBsts+7cdNJM=
-10,27,b3ZDdO/qoenOITZYnf7g5dTt8ho=,iGiJIm5GtPjdVCwWBsts+7cdNJM=
-11,28,b3ZDdO/qoenOITZYnf7g5dTt8ho=,zISKuNhpRdsr6CrRSvyzhKh5G7c=
-9,27,b3ZDdO/qoenOITZYnf7g5dTt8ho=,iGiJIm5GtPjdVCwWBsts+7cdNJM=
-4,28,b3ZDdO/qoenOITZYnf7g5dTt8ho=,CwWvuTMzMlhHAoJnh6mBo3ASCyk=
-10,28,b3ZDdO/qoenOITZYnf7g5dTt8ho=,zISKuNhpRdsr6CrRSvyzhKh5G7c=
-4,30,b3ZDdO/qoenOITZYnf7g5dTt8ho=,CwWvuTMzMlhHAoJnh6mBo3ASCyk=
-9,28,b3ZDdO/qoenOITZYnf7g5dTt8ho=,zISKuNhpRdsr6CrRSvyzhKh5G7c=
-11,29,b3ZDdO/qoenOITZYnf7g5dTt8ho=,zISKuNhpRdsr6CrRSvyzhKh5G7c=
-8,28,b3ZDdO/qoenOITZYnf7g5dTt8ho=,D00KHm70OLyItrQqHbCVizyiaQQ=
-3,28,b3ZDdO/qoenOITZYnf7g5dTt8ho=,CwWvuTMzMlhHAoJnh6mBo3ASCyk=
-10,29,b3ZDdO/qoenOITZYnf7g5dTt8ho=,zISKuNhpRdsr6CrRSvyzhKh5G7c=
-11,30,b3ZDdO/qoenOITZYnf7g5dTt8ho=,zISKuNhpRdsr6CrRSvyzhKh5G7c=
-9,29,b3ZDdO/qoenOITZYnf7g5dTt8ho=,zISKuNhpRdsr6CrRSvyzhKh5G7c=
-9,30,b3ZDdO/qoenOITZYnf7g5dTt8ho=,zISKuNhpRdsr6CrRSvyzhKh5G7c=
-10,30,b3ZDdO/qoenOITZYnf7g5dTt8ho=,zISKuNhpRdsr6CrRSvyzhKh5G7c=
-16,26,b3ZDdO/qoenOITZYnf7g5dTt8ho=,GMqwK/r4Af5newutBSuj0HpLI8I=
-16,25,b3ZDdO/qoenOITZYnf7g5dTt8ho=,GMqwK/r4Af5newutBSuj0HpLI8I=
-12,31,IeMguUHxTSLLnD971nyCD/5KPvA=,zISKuNhpRdsr6CrRSvyzhKh5G7c=
-15,30,IeMguUHxTSLLnD971nyCD/5KPvA=,euG/e+03Ba9/28UAsG+jrGKbBR8=
-14,27,IeMguUHxTSLLnD971nyCD/5KPvA=,GMqwK/r4Af5newutBSuj0HpLI8I=
-16,22,IeMguUHxTSLLnD971nyCD/5KPvA=,/4OPZCZmiBuEjaT/GHpLP+eDH5w=
-16,24,IeMguUHxTSLLnD971nyCD/5KPvA=,GMqwK/r4Af5newutBSuj0HpLI8I=
-13,27,IeMguUHxTSLLnD971nyCD/5KPvA=,GMqwK/r4Af5newutBSuj0HpLI8I=
-16,28,IeMguUHxTSLLnD971nyCD/5KPvA=,euG/e+03Ba9/28UAsG+jrGKbBR8=
-16,23,IeMguUHxTSLLnD971nyCD/5KPvA=,/4OPZCZmiBuEjaT/GHpLP+eDH5w=
-16,30,IeMguUHxTSLLnD971nyCD/5KPvA=,euG/e+03Ba9/28UAsG+jrGKbBR8=
-16,21,IeMguUHxTSLLnD971nyCD/5KPvA=,/4OPZCZmiBuEjaT/GHpLP+eDH5w=
-15,31,IeMguUHxTSLLnD971nyCD/5KPvA=,euG/e+03Ba9/28UAsG+jrGKbBR8=
-12,27,IeMguUHxTSLLnD971nyCD/5KPvA=,iGiJIm5GtPjdVCwWBsts+7cdNJM=
-15,29,IeMguUHxTSLLnD971nyCD/5KPvA=,euG/e+03Ba9/28UAsG+jrGKbBR8=
-14,31,IeMguUHxTSLLnD971nyCD/5KPvA=,euG/e+03Ba9/28UAsG+jrGKbBR8=
-13,31,IeMguUHxTSLLnD971nyCD/5KPvA=,euG/e+03Ba9/28UAsG+jrGKbBR8=
-12,28,IeMguUHxTSLLnD971nyCD/5KPvA=,zISKuNhpRdsr6CrRSvyzhKh5G7c=
-16,27,IeMguUHxTSLLnD971nyCD/5KPvA=,GMqwK/r4Af5newutBSuj0HpLI8I=
-14,28,IeMguUHxTSLLnD971nyCD/5KPvA=,euG/e+03Ba9/28UAsG+jrGKbBR8=
-13,28,IeMguUHxTSLLnD971nyCD/5KPvA=,euG/e+03Ba9/28UAsG+jrGKbBR8=
-16,29,IeMguUHxTSLLnD971nyCD/5KPvA=,euG/e+03Ba9/28UAsG+jrGKbBR8=
-15,28,IeMguUHxTSLLnD971nyCD/5KPvA=,euG/e+03Ba9/28UAsG+jrGKbBR8=
-12,30,IeMguUHxTSLLnD971nyCD/5KPvA=,zISKuNhpRdsr6CrRSvyzhKh5G7c=
-13,30,IeMguUHxTSLLnD971nyCD/5KPvA=,euG/e+03Ba9/28UAsG+jrGKbBR8=
-12,29,IeMguUHxTSLLnD971nyCD/5KPvA=,zISKuNhpRdsr6CrRSvyzhKh5G7c=
-14,29,IeMguUHxTSLLnD971nyCD/5KPvA=,euG/e+03Ba9/28UAsG+jrGKbBR8=
-15,27,IeMguUHxTSLLnD971nyCD/5KPvA=,GMqwK/r4Af5newutBSuj0HpLI8I=
-14,30,IeMguUHxTSLLnD971nyCD/5KPvA=,euG/e+03Ba9/28UAsG+jrGKbBR8=
-13,29,IeMguUHxTSLLnD971nyCD/5KPvA=,euG/e+03Ba9/28UAsG+jrGKbBR8=
-14,19,gSHn5XgUMfEuIOg6t/TMicIgt10=,q2OCqm5J223yn+7taGtRNiCMSaI=
-14,20,gSHn5XgUMfEuIOg6t/TMicIgt10=,/4OPZCZmiBuEjaT/GHpLP+eDH5w=
-15,19,gSHn5XgUMfEuIOg6t/TMicIgt10=,q2OCqm5J223yn+7taGtRNiCMSaI=
-15,18,gSHn5XgUMfEuIOg6t/TMicIgt10=,q2OCqm5J223yn+7taGtRNiCMSaI=
-14,17,gSHn5XgUMfEuIOg6t/TMicIgt10=,q2OCqm5J223yn+7taGtRNiCMSaI=
-15,20,gSHn5XgUMfEuIOg6t/TMicIgt10=,/4OPZCZmiBuEjaT/GHpLP+eDH5w=
-14,18,gSHn5XgUMfEuIOg6t/TMicIgt10=,q2OCqm5J223yn+7taGtRNiCMSaI=
-15,17,gSHn5XgUMfEuIOg6t/TMicIgt10=,q2OCqm5J223yn+7taGtRNiCMSaI=
-12,19,gSHn5XgUMfEuIOg6t/TMicIgt10=,JPNsBQtf3FnQ9JSHjdx2SyjNxTE=
-13,19,gSHn5XgUMfEuIOg6t/TMicIgt10=,q2OCqm5J223yn+7taGtRNiCMSaI=
-10,18,gSHn5XgUMfEuIOg6t/TMicIgt10=,JPNsBQtf3FnQ9JSHjdx2SyjNxTE=
-11,19,gSHn5XgUMfEuIOg6t/TMicIgt10=,JPNsBQtf3FnQ9JSHjdx2SyjNxTE=
-11,18,gSHn5XgUMfEuIOg6t/TMicIgt10=,JPNsBQtf3FnQ9JSHjdx2SyjNxTE=
-10,19,gSHn5XgUMfEuIOg6t/TMicIgt10=,JPNsBQtf3FnQ9JSHjdx2SyjNxTE=
-13,17,gSHn5XgUMfEuIOg6t/TMicIgt10=,q2OCqm5J223yn+7taGtRNiCMSaI=
-12,20,gSHn5XgUMfEuIOg6t/TMicIgt10=,LRCHaiYgZhkhGO9Bi9jAvXbU4Os=
-13,20,gSHn5XgUMfEuIOg6t/TMicIgt10=,/4OPZCZmiBuEjaT/GHpLP+eDH5w=
-12,18,gSHn5XgUMfEuIOg6t/TMicIgt10=,JPNsBQtf3FnQ9JSHjdx2SyjNxTE=
-11,20,gSHn5XgUMfEuIOg6t/TMicIgt10=,LRCHaiYgZhkhGO9Bi9jAvXbU4Os=
-10,20,gSHn5XgUMfEuIOg6t/TMicIgt10=,LRCHaiYgZhkhGO9Bi9jAvXbU4Os=
-12,17,gSHn5XgUMfEuIOg6t/TMicIgt10=,JPNsBQtf3FnQ9JSHjdx2SyjNxTE=
-10,17,gSHn5XgUMfEuIOg6t/TMicIgt10=,JPNsBQtf3FnQ9JSHjdx2SyjNxTE=
-13,18,gSHn5XgUMfEuIOg6t/TMicIgt10=,q2OCqm5J223yn+7taGtRNiCMSaI=
-11,17,gSHn5XgUMfEuIOg6t/TMicIgt10=,JPNsBQtf3FnQ9JSHjdx2SyjNxTE=
-8,19,gSHn5XgUMfEuIOg6t/TMicIgt10=,ztvdPJV8jD+Tp1ajP/uH9IWfjAg=
-7,19,gSHn5XgUMfEuIOg6t/TMicIgt10=,ztvdPJV8jD+Tp1ajP/uH9IWfjAg=
-11,16,gSHn5XgUMfEuIOg6t/TMicIgt10=,JPNsBQtf3FnQ9JSHjdx2SyjNxTE=
-10,16,gSHn5XgUMfEuIOg6t/TMicIgt10=,JPNsBQtf3FnQ9JSHjdx2SyjNxTE=
-6,19,gSHn5XgUMfEuIOg6t/TMicIgt10=,ztvdPJV8jD+Tp1ajP/uH9IWfjAg=
-9,16,gSHn5XgUMfEuIOg6t/TMicIgt10=,JPNsBQtf3FnQ9JSHjdx2SyjNxTE=
-8,17,gSHn5XgUMfEuIOg6t/TMicIgt10=,ztvdPJV8jD+Tp1ajP/uH9IWfjAg=
-8,16,gSHn5XgUMfEuIOg6t/TMicIgt10=,ztvdPJV8jD+Tp1ajP/uH9IWfjAg=
-7,17,ZRLlY4qpvaVe59ew4vXNURy+VEE=,ztvdPJV8jD+Tp1ajP/uH9IWfjAg=
-9,18,ZRLlY4qpvaVe59ew4vXNURy+VEE=,JPNsBQtf3FnQ9JSHjdx2SyjNxTE=
-5,17,ZRLlY4qpvaVe59ew4vXNURy+VEE=,ztvdPJV8jD+Tp1ajP/uH9IWfjAg=
-6,17,ZRLlY4qpvaVe59ew4vXNURy+VEE=,ztvdPJV8jD+Tp1ajP/uH9IWfjAg=
-6,16,ZRLlY4qpvaVe59ew4vXNURy+VEE=,ztvdPJV8jD+Tp1ajP/uH9IWfjAg=
-4,19,ZRLlY4qpvaVe59ew4vXNURy+VEE=,xu2YrYnuJTMw881KVOZQ1fDjv74=
-8,20,ZRLlY4qpvaVe59ew4vXNURy+VEE=,JRaJP0PWavAawMlKLVQuS/ef9xc=
-5,19,ZRLlY4qpvaVe59ew4vXNURy+VEE=,ztvdPJV8jD+Tp1ajP/uH9IWfjAg=
-1,19,ZRLlY4qpvaVe59ew4vXNURy+VEE=,xu2YrYnuJTMw881KVOZQ1fDjv74=
-7,20,ZRLlY4qpvaVe59ew4vXNURy+VEE=,JRaJP0PWavAawMlKLVQuS/ef9xc=
-4,16,ZRLlY4qpvaVe59ew4vXNURy+VEE=,xu2YrYnuJTMw881KVOZQ1fDjv74=
-1,20,ZRLlY4qpvaVe59ew4vXNURy+VEE=,gQzkIeSNwpUM9qNNPU6ofy+6Osk=
-9,19,ZRLlY4qpvaVe59ew4vXNURy+VEE=,JPNsBQtf3FnQ9JSHjdx2SyjNxTE=
-1,21,ZRLlY4qpvaVe59ew4vXNURy+VEE=,gQzkIeSNwpUM9qNNPU6ofy+6Osk=
-3,19,ZRLlY4qpvaVe59ew4vXNURy+VEE=,xu2YrYnuJTMw881KVOZQ1fDjv74=
-1,22,ZRLlY4qpvaVe59ew4vXNURy+VEE=,gQzkIeSNwpUM9qNNPU6ofy+6Osk=
-3,16,ZRLlY4qpvaVe59ew4vXNURy+VEE=,xu2YrYnuJTMw881KVOZQ1fDjv74=
-4,17,ZRLlY4qpvaVe59ew4vXNURy+VEE=,xu2YrYnuJTMw881KVOZQ1fDjv74=
-5,16,ZRLlY4qpvaVe59ew4vXNURy+VEE=,ztvdPJV8jD+Tp1ajP/uH9IWfjAg=
-2,19,ZRLlY4qpvaVe59ew4vXNURy+VEE=,xu2YrYnuJTMw881KVOZQ1fDjv74=
-2,16,ZRLlY4qpvaVe59ew4vXNURy+VEE=,xu2YrYnuJTMw881KVOZQ1fDjv74=
-9,20,ZRLlY4qpvaVe59ew4vXNURy+VEE=,LRCHaiYgZhkhGO9Bi9jAvXbU4Os=
-1,23,ZRLlY4qpvaVe59ew4vXNURy+VEE=,gQzkIeSNwpUM9qNNPU6ofy+6Osk=
-5,20,ZRLlY4qpvaVe59ew4vXNURy+VEE=,JRaJP0PWavAawMlKLVQuS/ef9xc=
-3,17,ZRLlY4qpvaVe59ew4vXNURy+VEE=,xu2YrYnuJTMw881KVOZQ1fDjv74=
-9,17,ZRLlY4qpvaVe59ew4vXNURy+VEE=,JPNsBQtf3FnQ9JSHjdx2SyjNxTE=
-4,20,ZRLlY4qpvaVe59ew4vXNURy+VEE=,gQzkIeSNwpUM9qNNPU6ofy+6Osk=
-1,25,ZRLlY4qpvaVe59ew4vXNURy+VEE=,aqpp+qWk1ZY+D+uruRbNKVvUPKo=
-6,18,ZRLlY4qpvaVe59ew4vXNURy+VEE=,ztvdPJV8jD+Tp1ajP/uH9IWfjAg=
-8,18,ZRLlY4qpvaVe59ew4vXNURy+VEE=,ztvdPJV8jD+Tp1ajP/uH9IWfjAg=
-7,16,ZRLlY4qpvaVe59ew4vXNURy+VEE=,ztvdPJV8jD+Tp1ajP/uH9IWfjAg=
-1,24,ZRLlY4qpvaVe59ew4vXNURy+VEE=,aqpp+qWk1ZY+D+uruRbNKVvUPKo=
-2,17,ZRLlY4qpvaVe59ew4vXNURy+VEE=,xu2YrYnuJTMw881KVOZQ1fDjv74=
-1,26,ZRLlY4qpvaVe59ew4vXNURy+VEE=,aqpp+qWk1ZY+D+uruRbNKVvUPKo=
-6,20,ZRLlY4qpvaVe59ew4vXNURy+VEE=,JRaJP0PWavAawMlKLVQuS/ef9xc=
-1,17,ZRLlY4qpvaVe59ew4vXNURy+VEE=,xu2YrYnuJTMw881KVOZQ1fDjv74=
-7,18,ZRLlY4qpvaVe59ew4vXNURy+VEE=,ztvdPJV8jD+Tp1ajP/uH9IWfjAg=
-3,20,ZRLlY4qpvaVe59ew4vXNURy+VEE=,gQzkIeSNwpUM9qNNPU6ofy+6Osk=
-1,18,ZRLlY4qpvaVe59ew4vXNURy+VEE=,xu2YrYnuJTMw881KVOZQ1fDjv74=
-5,18,ZRLlY4qpvaVe59ew4vXNURy+VEE=,ztvdPJV8jD+Tp1ajP/uH9IWfjAg=
-2,20,ZRLlY4qpvaVe59ew4vXNURy+VEE=,gQzkIeSNwpUM9qNNPU6ofy+6Osk=
-4,18,ZRLlY4qpvaVe59ew4vXNURy+VEE=,xu2YrYnuJTMw881KVOZQ1fDjv74=
-1,29,ZRLlY4qpvaVe59ew4vXNURy+VEE=,CwWvuTMzMlhHAoJnh6mBo3ASCyk=
-4,31,ZRLlY4qpvaVe59ew4vXNURy+VEE=,CwWvuTMzMlhHAoJnh6mBo3ASCyk=
-2,18,ZRLlY4qpvaVe59ew4vXNURy+VEE=,xu2YrYnuJTMw881KVOZQ1fDjv74=
-3,18,ZRLlY4qpvaVe59ew4vXNURy+VEE=,xu2YrYnuJTMw881KVOZQ1fDjv74=
-5,31,ZRLlY4qpvaVe59ew4vXNURy+VEE=,D00KHm70OLyItrQqHbCVizyiaQQ=
-1,31,ZRLlY4qpvaVe59ew4vXNURy+VEE=,CwWvuTMzMlhHAoJnh6mBo3ASCyk=
-1,28,ZRLlY4qpvaVe59ew4vXNURy+VEE=,CwWvuTMzMlhHAoJnh6mBo3ASCyk=
-3,31,ZRLlY4qpvaVe59ew4vXNURy+VEE=,CwWvuTMzMlhHAoJnh6mBo3ASCyk=
-1,27,ZRLlY4qpvaVe59ew4vXNURy+VEE=,aqpp+qWk1ZY+D+uruRbNKVvUPKo=
-1,16,ZRLlY4qpvaVe59ew4vXNURy+VEE=,xu2YrYnuJTMw881KVOZQ1fDjv74=
-16,17,ZRLlY4qpvaVe59ew4vXNURy+VEE=,q2OCqm5J223yn+7taGtRNiCMSaI=
-16,20,ZRLlY4qpvaVe59ew4vXNURy+VEE=,/4OPZCZmiBuEjaT/GHpLP+eDH5w=
-2,31,ZRLlY4qpvaVe59ew4vXNURy+VEE=,CwWvuTMzMlhHAoJnh6mBo3ASCyk=
-1,30,ZRLlY4qpvaVe59ew4vXNURy+VEE=,CwWvuTMzMlhHAoJnh6mBo3ASCyk=
-16,18,ZRLlY4qpvaVe59ew4vXNURy+VEE=,q2OCqm5J223yn+7taGtRNiCMSaI=
-16,19,ZRLlY4qpvaVe59ew4vXNURy+VEE=,q2OCqm5J223yn+7taGtRNiCMSaI=
-16,31,ZRLlY4qpvaVe59ew4vXNURy+VEE=,euG/e+03Ba9/28UAsG+jrGKbBR8=
-13,16,ZRLlY4qpvaVe59ew4vXNURy+VEE=,q2OCqm5J223yn+7taGtRNiCMSaI=
-14,16,ZRLlY4qpvaVe59ew4vXNURy+VEE=,q2OCqm5J223yn+7taGtRNiCMSaI=
-12,16,ZRLlY4qpvaVe59ew4vXNURy+VEE=,JPNsBQtf3FnQ9JSHjdx2SyjNxTE=
-15,16,ZRLlY4qpvaVe59ew4vXNURy+VEE=,q2OCqm5J223yn+7taGtRNiCMSaI=
-16,16,ZRLlY4qpvaVe59ew4vXNURy+VEE=,q2OCqm5J223yn+7taGtRNiCMSaI=
-7,1,5E4FGIa/+n1ZiHYcNtoj5OI/fG0=,FHeMW+qZVSBVZCb5qIpF1ypeJYU=
-6,1,5E4FGIa/+n1ZiHYcNtoj5OI/fG0=,FHeMW+qZVSBVZCb5qIpF1ypeJYU=
-7,2,5E4FGIa/+n1ZiHYcNtoj5OI/fG0=,FHeMW+qZVSBVZCb5qIpF1ypeJYU=
-6,2,5E4FGIa/+n1ZiHYcNtoj5OI/fG0=,FHeMW+qZVSBVZCb5qIpF1ypeJYU=
-7,3,5E4FGIa/+n1ZiHYcNtoj5OI/fG0=,FHeMW+qZVSBVZCb5qIpF1ypeJYU=
-6,3,5E4FGIa/+n1ZiHYcNtoj5OI/fG0=,FHeMW+qZVSBVZCb5qIpF1ypeJYU=
-7,4,5E4FGIa/+n1ZiHYcNtoj5OI/fG0=,1V1wT/XBbDfUuer04PJ43PqYnMQ=
-6,4,5E4FGIa/+n1ZiHYcNtoj5OI/fG0=,1V1wT/XBbDfUuer04PJ43PqYnMQ=
-7,5,5E4FGIa/+n1ZiHYcNtoj5OI/fG0=,1V1wT/XBbDfUuer04PJ43PqYnMQ=
-4,1,5E4FGIa/+n1ZiHYcNtoj5OI/fG0=,q+FB8cIs4BkmdF6Wwy2ry942BGw=
-5,1,5E4FGIa/+n1ZiHYcNtoj5OI/fG0=,FHeMW+qZVSBVZCb5qIpF1ypeJYU=
-6,5,5E4FGIa/+n1ZiHYcNtoj5OI/fG0=,1V1wT/XBbDfUuer04PJ43PqYnMQ=
-7,6,5E4FGIa/+n1ZiHYcNtoj5OI/fG0=,1V1wT/XBbDfUuer04PJ43PqYnMQ=
-3,1,5E4FGIa/+n1ZiHYcNtoj5OI/fG0=,q+FB8cIs4BkmdF6Wwy2ry942BGw=
-6,6,5E4FGIa/+n1ZiHYcNtoj5OI/fG0=,1V1wT/XBbDfUuer04PJ43PqYnMQ=
-2,1,5E4FGIa/+n1ZiHYcNtoj5OI/fG0=,q+FB8cIs4BkmdF6Wwy2ry942BGw=
-4,2,5E4FGIa/+n1ZiHYcNtoj5OI/fG0=,q+FB8cIs4BkmdF6Wwy2ry942BGw=
-3,2,5E4FGIa/+n1ZiHYcNtoj5OI/fG0=,q+FB8cIs4BkmdF6Wwy2ry942BGw=
-4,3,5E4FGIa/+n1ZiHYcNtoj5OI/fG0=,q+FB8cIs4BkmdF6Wwy2ry942BGw=
-3,3,5E4FGIa/+n1ZiHYcNtoj5OI/fG0=,q+FB8cIs4BkmdF6Wwy2ry942BGw=
-2,3,5E4FGIa/+n1ZiHYcNtoj5OI/fG0=,q+FB8cIs4BkmdF6Wwy2ry942BGw=
-2,2,5E4FGIa/+n1ZiHYcNtoj5OI/fG0=,q+FB8cIs4BkmdF6Wwy2ry942BGw=
-4,4,5E4FGIa/+n1ZiHYcNtoj5OI/fG0=,ml17QRy+7kFeluRKlvsMqmeUMmA=
-5,2,5E4FGIa/+n1ZiHYcNtoj5OI/fG0=,FHeMW+qZVSBVZCb5qIpF1ypeJYU=
-5,3,5E4FGIa/+n1ZiHYcNtoj5OI/fG0=,FHeMW+qZVSBVZCb5qIpF1ypeJYU=
-5,4,5E4FGIa/+n1ZiHYcNtoj5OI/fG0=,1V1wT/XBbDfUuer04PJ43PqYnMQ=
-3,4,5E4FGIa/+n1ZiHYcNtoj5OI/fG0=,ml17QRy+7kFeluRKlvsMqmeUMmA=
-2,4,5E4FGIa/+n1ZiHYcNtoj5OI/fG0=,ml17QRy+7kFeluRKlvsMqmeUMmA=
-4,5,5E4FGIa/+n1ZiHYcNtoj5OI/fG0=,ml17QRy+7kFeluRKlvsMqmeUMmA=
-3,5,5E4FGIa/+n1ZiHYcNtoj5OI/fG0=,ml17QRy+7kFeluRKlvsMqmeUMmA=
-2,5,5E4FGIa/+n1ZiHYcNtoj5OI/fG0=,ml17QRy+7kFeluRKlvsMqmeUMmA=
-5,5,5E4FGIa/+n1ZiHYcNtoj5OI/fG0=,1V1wT/XBbDfUuer04PJ43PqYnMQ=
-4,6,5E4FGIa/+n1ZiHYcNtoj5OI/fG0=,ml17QRy+7kFeluRKlvsMqmeUMmA=
-3,6,5E4FGIa/+n1ZiHYcNtoj5OI/fG0=,ml17QRy+7kFeluRKlvsMqmeUMmA=
-5,6,2nqPM31nmoPjhKeuafsEX9Ls4fQ=,1V1wT/XBbDfUuer04PJ43PqYnMQ=
-2,6,2nqPM31nmoPjhKeuafsEX9Ls4fQ=,ml17QRy+7kFeluRKlvsMqmeUMmA=
-7,9,vdQ0/vhICbonXNCkoEZVN/kLHGc=,wovsRpmrRv/X0gdhv5HedXTyS+I=
-6,8,vdQ0/vhICbonXNCkoEZVN/kLHGc=,wovsRpmrRv/X0gdhv5HedXTyS+I=
-7,7,vdQ0/vhICbonXNCkoEZVN/kLHGc=,1V1wT/XBbDfUuer04PJ43PqYnMQ=
-6,7,vdQ0/vhICbonXNCkoEZVN/kLHGc=,1V1wT/XBbDfUuer04PJ43PqYnMQ=
-7,8,vdQ0/vhICbonXNCkoEZVN/kLHGc=,wovsRpmrRv/X0gdhv5HedXTyS+I=
-6,9,vdQ0/vhICbonXNCkoEZVN/kLHGc=,wovsRpmrRv/X0gdhv5HedXTyS+I=
-7,10,vdQ0/vhICbonXNCkoEZVN/kLHGc=,wovsRpmrRv/X0gdhv5HedXTyS+I=
-6,10,vdQ0/vhICbonXNCkoEZVN/kLHGc=,wovsRpmrRv/X0gdhv5HedXTyS+I=
-4,7,vdQ0/vhICbonXNCkoEZVN/kLHGc=,ml17QRy+7kFeluRKlvsMqmeUMmA=
-3,7,vdQ0/vhICbonXNCkoEZVN/kLHGc=,ml17QRy+7kFeluRKlvsMqmeUMmA=
-5,9,vdQ0/vhICbonXNCkoEZVN/kLHGc=,wovsRpmrRv/X0gdhv5HedXTyS+I=
-5,7,vdQ0/vhICbonXNCkoEZVN/kLHGc=,1V1wT/XBbDfUuer04PJ43PqYnMQ=
-5,10,vdQ0/vhICbonXNCkoEZVN/kLHGc=,wovsRpmrRv/X0gdhv5HedXTyS+I=
-2,7,vdQ0/vhICbonXNCkoEZVN/kLHGc=,ml17QRy+7kFeluRKlvsMqmeUMmA=
-4,9,vdQ0/vhICbonXNCkoEZVN/kLHGc=,RvgG0u7zFiR5x1kFrk3dkYQn6H8=
-3,9,vdQ0/vhICbonXNCkoEZVN/kLHGc=,RvgG0u7zFiR5x1kFrk3dkYQn6H8=
-8,9,vdQ0/vhICbonXNCkoEZVN/kLHGc=,wovsRpmrRv/X0gdhv5HedXTyS+I=
-11,9,vdQ0/vhICbonXNCkoEZVN/kLHGc=,kPm+wlOEPXCVUA/GEqgrvduJptE=
-2,9,vdQ0/vhICbonXNCkoEZVN/kLHGc=,RvgG0u7zFiR5x1kFrk3dkYQn6H8=
-4,10,vdQ0/vhICbonXNCkoEZVN/kLHGc=,RvgG0u7zFiR5x1kFrk3dkYQn6H8=
-10,9,vdQ0/vhICbonXNCkoEZVN/kLHGc=,kPm+wlOEPXCVUA/GEqgrvduJptE=
-3,10,vdQ0/vhICbonXNCkoEZVN/kLHGc=,RvgG0u7zFiR5x1kFrk3dkYQn6H8=
-2,10,vdQ0/vhICbonXNCkoEZVN/kLHGc=,RvgG0u7zFiR5x1kFrk3dkYQn6H8=
-11,12,vdQ0/vhICbonXNCkoEZVN/kLHGc=,zMYviPrhA2HzhJMsLMSgtJD4w6c=
-4,8,vdQ0/vhICbonXNCkoEZVN/kLHGc=,RvgG0u7zFiR5x1kFrk3dkYQn6H8=
-8,10,vdQ0/vhICbonXNCkoEZVN/kLHGc=,wovsRpmrRv/X0gdhv5HedXTyS+I=
-11,14,vdQ0/vhICbonXNCkoEZVN/kLHGc=,zMYviPrhA2HzhJMsLMSgtJD4w6c=
-5,8,vdQ0/vhICbonXNCkoEZVN/kLHGc=,wovsRpmrRv/X0gdhv5HedXTyS+I=
-10,14,vdQ0/vhICbonXNCkoEZVN/kLHGc=,zMYviPrhA2HzhJMsLMSgtJD4w6c=
-11,13,vdQ0/vhICbonXNCkoEZVN/kLHGc=,zMYviPrhA2HzhJMsLMSgtJD4w6c=
-10,12,vdQ0/vhICbonXNCkoEZVN/kLHGc=,zMYviPrhA2HzhJMsLMSgtJD4w6c=
-9,9,vdQ0/vhICbonXNCkoEZVN/kLHGc=,kPm+wlOEPXCVUA/GEqgrvduJptE=
-3,8,vdQ0/vhICbonXNCkoEZVN/kLHGc=,RvgG0u7zFiR5x1kFrk3dkYQn6H8=
-10,13,vdQ0/vhICbonXNCkoEZVN/kLHGc=,zMYviPrhA2HzhJMsLMSgtJD4w6c=
-11,11,vdQ0/vhICbonXNCkoEZVN/kLHGc=,kPm+wlOEPXCVUA/GEqgrvduJptE=
-2,8,vdQ0/vhICbonXNCkoEZVN/kLHGc=,RvgG0u7zFiR5x1kFrk3dkYQn6H8=
-10,11,vdQ0/vhICbonXNCkoEZVN/kLHGc=,kPm+wlOEPXCVUA/GEqgrvduJptE=
-11,10,vdQ0/vhICbonXNCkoEZVN/kLHGc=,kPm+wlOEPXCVUA/GEqgrvduJptE=
-10,10,vdQ0/vhICbonXNCkoEZVN/kLHGc=,kPm+wlOEPXCVUA/GEqgrvduJptE=
-9,10,vdQ0/vhICbonXNCkoEZVN/kLHGc=,kPm+wlOEPXCVUA/GEqgrvduJptE=
-1,9,Vunv2PVRBKu1ANUkHkH03H18PFk=,RvgG0u7zFiR5x1kFrk3dkYQn6H8=
-1,10,Vunv2PVRBKu1ANUkHkH03H18PFk=,RvgG0u7zFiR5x1kFrk3dkYQn6H8=
-1,7,Vunv2PVRBKu1ANUkHkH03H18PFk=,ml17QRy+7kFeluRKlvsMqmeUMmA=
-1,1,Vunv2PVRBKu1ANUkHkH03H18PFk=,q+FB8cIs4BkmdF6Wwy2ry942BGw=
-1,5,Vunv2PVRBKu1ANUkHkH03H18PFk=,ml17QRy+7kFeluRKlvsMqmeUMmA=
-1,4,Vunv2PVRBKu1ANUkHkH03H18PFk=,ml17QRy+7kFeluRKlvsMqmeUMmA=
-1,8,Vunv2PVRBKu1ANUkHkH03H18PFk=,RvgG0u7zFiR5x1kFrk3dkYQn6H8=
-1,6,Vunv2PVRBKu1ANUkHkH03H18PFk=,ml17QRy+7kFeluRKlvsMqmeUMmA=
-1,2,Vunv2PVRBKu1ANUkHkH03H18PFk=,q+FB8cIs4BkmdF6Wwy2ry942BGw=
-1,3,Vunv2PVRBKu1ANUkHkH03H18PFk=,q+FB8cIs4BkmdF6Wwy2ry942BGw=
-10,15,Vunv2PVRBKu1ANUkHkH03H18PFk=,zMYviPrhA2HzhJMsLMSgtJD4w6c=
-11,15,Vunv2PVRBKu1ANUkHkH03H18PFk=,zMYviPrhA2HzhJMsLMSgtJD4w6c=
-8,13,l2BY/PZSbbSu8FoJ+PbkIrU9YXs=,9cQH0LoyyUxkLGK+37xqYyeOhOw=
-7,13,l2BY/PZSbbSu8FoJ+PbkIrU9YXs=,9cQH0LoyyUxkLGK+37xqYyeOhOw=
-9,12,l2BY/PZSbbSu8FoJ+PbkIrU9YXs=,zMYviPrhA2HzhJMsLMSgtJD4w6c=
-6,13,l2BY/PZSbbSu8FoJ+PbkIrU9YXs=,9cQH0LoyyUxkLGK+37xqYyeOhOw=
-9,15,l2BY/PZSbbSu8FoJ+PbkIrU9YXs=,zMYviPrhA2HzhJMsLMSgtJD4w6c=
-6,12,l2BY/PZSbbSu8FoJ+PbkIrU9YXs=,9cQH0LoyyUxkLGK+37xqYyeOhOw=
-7,12,l2BY/PZSbbSu8FoJ+PbkIrU9YXs=,9cQH0LoyyUxkLGK+37xqYyeOhOw=
-9,11,l2BY/PZSbbSu8FoJ+PbkIrU9YXs=,kPm+wlOEPXCVUA/GEqgrvduJptE=
-6,11,08PR+WSFJqpWjB7CK9jtjz7IgQw=,wovsRpmrRv/X0gdhv5HedXTyS+I=
-8,12,08PR+WSFJqpWjB7CK9jtjz7IgQw=,9cQH0LoyyUxkLGK+37xqYyeOhOw=
-9,14,08PR+WSFJqpWjB7CK9jtjz7IgQw=,zMYviPrhA2HzhJMsLMSgtJD4w6c=
-8,14,08PR+WSFJqpWjB7CK9jtjz7IgQw=,9cQH0LoyyUxkLGK+37xqYyeOhOw=
-9,13,08PR+WSFJqpWjB7CK9jtjz7IgQw=,zMYviPrhA2HzhJMsLMSgtJD4w6c=
-7,14,08PR+WSFJqpWjB7CK9jtjz7IgQw=,9cQH0LoyyUxkLGK+37xqYyeOhOw=
-7,11,08PR+WSFJqpWjB7CK9jtjz7IgQw=,wovsRpmrRv/X0gdhv5HedXTyS+I=
-8,11,08PR+WSFJqpWjB7CK9jtjz7IgQw=,wovsRpmrRv/X0gdhv5HedXTyS+I=
-6,15,08PR+WSFJqpWjB7CK9jtjz7IgQw=,9cQH0LoyyUxkLGK+37xqYyeOhOw=
-7,15,08PR+WSFJqpWjB7CK9jtjz7IgQw=,9cQH0LoyyUxkLGK+37xqYyeOhOw=
-6,14,08PR+WSFJqpWjB7CK9jtjz7IgQw=,9cQH0LoyyUxkLGK+37xqYyeOhOw=
-8,15,08PR+WSFJqpWjB7CK9jtjz7IgQw=,9cQH0LoyyUxkLGK+37xqYyeOhOw=
-4,11,08PR+WSFJqpWjB7CK9jtjz7IgQw=,RvgG0u7zFiR5x1kFrk3dkYQn6H8=
-5,12,08PR+WSFJqpWjB7CK9jtjz7IgQw=,9cQH0LoyyUxkLGK+37xqYyeOhOw=
-5,13,08PR+WSFJqpWjB7CK9jtjz7IgQw=,9cQH0LoyyUxkLGK+37xqYyeOhOw=
-1,14,08PR+WSFJqpWjB7CK9jtjz7IgQw=,oHRUHDyZ43F60JK99szNmKsRTFQ=
-3,11,08PR+WSFJqpWjB7CK9jtjz7IgQw=,RvgG0u7zFiR5x1kFrk3dkYQn6H8=
-2,14,08PR+WSFJqpWjB7CK9jtjz7IgQw=,oHRUHDyZ43F60JK99szNmKsRTFQ=
-2,11,08PR+WSFJqpWjB7CK9jtjz7IgQw=,RvgG0u7zFiR5x1kFrk3dkYQn6H8=
-2,15,08PR+WSFJqpWjB7CK9jtjz7IgQw=,oHRUHDyZ43F60JK99szNmKsRTFQ=
-3,15,08PR+WSFJqpWjB7CK9jtjz7IgQw=,oHRUHDyZ43F60JK99szNmKsRTFQ=
-1,11,08PR+WSFJqpWjB7CK9jtjz7IgQw=,RvgG0u7zFiR5x1kFrk3dkYQn6H8=
-4,15,08PR+WSFJqpWjB7CK9jtjz7IgQw=,oHRUHDyZ43F60JK99szNmKsRTFQ=
-4,12,08PR+WSFJqpWjB7CK9jtjz7IgQw=,oHRUHDyZ43F60JK99szNmKsRTFQ=
-3,14,08PR+WSFJqpWjB7CK9jtjz7IgQw=,oHRUHDyZ43F60JK99szNmKsRTFQ=
-4,14,08PR+WSFJqpWjB7CK9jtjz7IgQw=,oHRUHDyZ43F60JK99szNmKsRTFQ=
-3,12,08PR+WSFJqpWjB7CK9jtjz7IgQw=,oHRUHDyZ43F60JK99szNmKsRTFQ=
-5,11,08PR+WSFJqpWjB7CK9jtjz7IgQw=,wovsRpmrRv/X0gdhv5HedXTyS+I=
-1,13,08PR+WSFJqpWjB7CK9jtjz7IgQw=,oHRUHDyZ43F60JK99szNmKsRTFQ=
-2,13,08PR+WSFJqpWjB7CK9jtjz7IgQw=,oHRUHDyZ43F60JK99szNmKsRTFQ=
-5,14,08PR+WSFJqpWjB7CK9jtjz7IgQw=,9cQH0LoyyUxkLGK+37xqYyeOhOw=
-5,15,08PR+WSFJqpWjB7CK9jtjz7IgQw=,9cQH0LoyyUxkLGK+37xqYyeOhOw=
-2,12,08PR+WSFJqpWjB7CK9jtjz7IgQw=,oHRUHDyZ43F60JK99szNmKsRTFQ=
-3,13,08PR+WSFJqpWjB7CK9jtjz7IgQw=,oHRUHDyZ43F60JK99szNmKsRTFQ=
-1,12,08PR+WSFJqpWjB7CK9jtjz7IgQw=,oHRUHDyZ43F60JK99szNmKsRTFQ=
-4,13,08PR+WSFJqpWjB7CK9jtjz7IgQw=,oHRUHDyZ43F60JK99szNmKsRTFQ=
-12,14,SDjzUS/jQRhnXvvp5NCGM/FUaVw=,zMYviPrhA2HzhJMsLMSgtJD4w6c=
-15,14,SDjzUS/jQRhnXvvp5NCGM/FUaVw=,/sFfj1E3CrX0cZKVHj414m4ePu4=
-14,14,SDjzUS/jQRhnXvvp5NCGM/FUaVw=,/sFfj1E3CrX0cZKVHj414m4ePu4=
-13,14,SDjzUS/jQRhnXvvp5NCGM/FUaVw=,/sFfj1E3CrX0cZKVHj414m4ePu4=
-13,13,SDjzUS/jQRhnXvvp5NCGM/FUaVw=,/sFfj1E3CrX0cZKVHj414m4ePu4=
-12,13,SDjzUS/jQRhnXvvp5NCGM/FUaVw=,zMYviPrhA2HzhJMsLMSgtJD4w6c=
-15,13,SDjzUS/jQRhnXvvp5NCGM/FUaVw=,/sFfj1E3CrX0cZKVHj414m4ePu4=
-14,13,SDjzUS/jQRhnXvvp5NCGM/FUaVw=,/sFfj1E3CrX0cZKVHj414m4ePu4=
-13,9,SDjzUS/jQRhnXvvp5NCGM/FUaVw=,BYxWP4HxmhoWRvhEXyidRiieSuc=
-12,9,SDjzUS/jQRhnXvvp5NCGM/FUaVw=,kPm+wlOEPXCVUA/GEqgrvduJptE=
-13,12,SDjzUS/jQRhnXvvp5NCGM/FUaVw=,/sFfj1E3CrX0cZKVHj414m4ePu4=
-12,12,SDjzUS/jQRhnXvvp5NCGM/FUaVw=,zMYviPrhA2HzhJMsLMSgtJD4w6c=
-14,9,SDjzUS/jQRhnXvvp5NCGM/FUaVw=,BYxWP4HxmhoWRvhEXyidRiieSuc=
-15,9,SDjzUS/jQRhnXvvp5NCGM/FUaVw=,BYxWP4HxmhoWRvhEXyidRiieSuc=
-15,10,SDjzUS/jQRhnXvvp5NCGM/FUaVw=,BYxWP4HxmhoWRvhEXyidRiieSuc=
-14,12,SDjzUS/jQRhnXvvp5NCGM/FUaVw=,/sFfj1E3CrX0cZKVHj414m4ePu4=
-14,10,SDjzUS/jQRhnXvvp5NCGM/FUaVw=,BYxWP4HxmhoWRvhEXyidRiieSuc=
-15,12,SDjzUS/jQRhnXvvp5NCGM/FUaVw=,/sFfj1E3CrX0cZKVHj414m4ePu4=
-13,10,SDjzUS/jQRhnXvvp5NCGM/FUaVw=,BYxWP4HxmhoWRvhEXyidRiieSuc=
-13,11,SDjzUS/jQRhnXvvp5NCGM/FUaVw=,BYxWP4HxmhoWRvhEXyidRiieSuc=
-12,10,SDjzUS/jQRhnXvvp5NCGM/FUaVw=,kPm+wlOEPXCVUA/GEqgrvduJptE=
-12,11,SDjzUS/jQRhnXvvp5NCGM/FUaVw=,kPm+wlOEPXCVUA/GEqgrvduJptE=
-14,11,SDjzUS/jQRhnXvvp5NCGM/FUaVw=,BYxWP4HxmhoWRvhEXyidRiieSuc=
-15,11,SDjzUS/jQRhnXvvp5NCGM/FUaVw=,BYxWP4HxmhoWRvhEXyidRiieSuc=
-14,8,x8KT6DzG63rGWCmm/qXeh4hlEFU=,BYxWP4HxmhoWRvhEXyidRiieSuc=
-15,5,x8KT6DzG63rGWCmm/qXeh4hlEFU=,649s/qEYVh5jwk27zbYJYm7yTAM=
-15,7,x8KT6DzG63rGWCmm/qXeh4hlEFU=,649s/qEYVh5jwk27zbYJYm7yTAM=
-14,7,x8KT6DzG63rGWCmm/qXeh4hlEFU=,649s/qEYVh5jwk27zbYJYm7yTAM=
-15,6,x8KT6DzG63rGWCmm/qXeh4hlEFU=,649s/qEYVh5jwk27zbYJYm7yTAM=
-14,6,x8KT6DzG63rGWCmm/qXeh4hlEFU=,649s/qEYVh5jwk27zbYJYm7yTAM=
-14,5,x8KT6DzG63rGWCmm/qXeh4hlEFU=,649s/qEYVh5jwk27zbYJYm7yTAM=
-15,8,x8KT6DzG63rGWCmm/qXeh4hlEFU=,BYxWP4HxmhoWRvhEXyidRiieSuc=
-16,5,x8KT6DzG63rGWCmm/qXeh4hlEFU=,649s/qEYVh5jwk27zbYJYm7yTAM=
-16,6,x8KT6DzG63rGWCmm/qXeh4hlEFU=,649s/qEYVh5jwk27zbYJYm7yTAM=
-12,6,F6q4g5q6NfxFJv8q8H/qN0kXkMo=,he77cXPmzs/1vfifp71ZEXwOSv8=
-8,7,F6q4g5q6NfxFJv8q8H/qN0kXkMo=,1V1wT/XBbDfUuer04PJ43PqYnMQ=
-11,6,F6q4g5q6NfxFJv8q8H/qN0kXkMo=,he77cXPmzs/1vfifp71ZEXwOSv8=
-10,6,F6q4g5q6NfxFJv8q8H/qN0kXkMo=,he77cXPmzs/1vfifp71ZEXwOSv8=
-9,6,F6q4g5q6NfxFJv8q8H/qN0kXkMo=,he77cXPmzs/1vfifp71ZEXwOSv8=
-12,7,F6q4g5q6NfxFJv8q8H/qN0kXkMo=,he77cXPmzs/1vfifp71ZEXwOSv8=
-12,8,F6q4g5q6NfxFJv8q8H/qN0kXkMo=,kPm+wlOEPXCVUA/GEqgrvduJptE=
-13,8,F6q4g5q6NfxFJv8q8H/qN0kXkMo=,BYxWP4HxmhoWRvhEXyidRiieSuc=
-13,6,F6q4g5q6NfxFJv8q8H/qN0kXkMo=,649s/qEYVh5jwk27zbYJYm7yTAM=
-11,7,F6q4g5q6NfxFJv8q8H/qN0kXkMo=,he77cXPmzs/1vfifp71ZEXwOSv8=
-10,7,F6q4g5q6NfxFJv8q8H/qN0kXkMo=,he77cXPmzs/1vfifp71ZEXwOSv8=
-13,5,F6q4g5q6NfxFJv8q8H/qN0kXkMo=,649s/qEYVh5jwk27zbYJYm7yTAM=
-8,6,F6q4g5q6NfxFJv8q8H/qN0kXkMo=,1V1wT/XBbDfUuer04PJ43PqYnMQ=
-9,7,F6q4g5q6NfxFJv8q8H/qN0kXkMo=,he77cXPmzs/1vfifp71ZEXwOSv8=
-9,5,F6q4g5q6NfxFJv8q8H/qN0kXkMo=,he77cXPmzs/1vfifp71ZEXwOSv8=
-13,7,F6q4g5q6NfxFJv8q8H/qN0kXkMo=,649s/qEYVh5jwk27zbYJYm7yTAM=
-12,5,F6q4g5q6NfxFJv8q8H/qN0kXkMo=,he77cXPmzs/1vfifp71ZEXwOSv8=
-11,8,F6q4g5q6NfxFJv8q8H/qN0kXkMo=,kPm+wlOEPXCVUA/GEqgrvduJptE=
-10,8,F6q4g5q6NfxFJv8q8H/qN0kXkMo=,kPm+wlOEPXCVUA/GEqgrvduJptE=
-11,5,F6q4g5q6NfxFJv8q8H/qN0kXkMo=,he77cXPmzs/1vfifp71ZEXwOSv8=
-8,5,F6q4g5q6NfxFJv8q8H/qN0kXkMo=,1V1wT/XBbDfUuer04PJ43PqYnMQ=
-8,8,F6q4g5q6NfxFJv8q8H/qN0kXkMo=,wovsRpmrRv/X0gdhv5HedXTyS+I=
-9,8,F6q4g5q6NfxFJv8q8H/qN0kXkMo=,kPm+wlOEPXCVUA/GEqgrvduJptE=
-10,5,F6q4g5q6NfxFJv8q8H/qN0kXkMo=,he77cXPmzs/1vfifp71ZEXwOSv8=
-15,0,F6q4g5q6NfxFJv8q8H/qN0kXkMo=,K8NGsXVSxFDPu+rnIzcONvXkObk=
-14,0,F6q4g5q6NfxFJv8q8H/qN0kXkMo=,K8NGsXVSxFDPu+rnIzcONvXkObk=
-14,2,F6q4g5q6NfxFJv8q8H/qN0kXkMo=,K8NGsXVSxFDPu+rnIzcONvXkObk=
-16,1,F6q4g5q6NfxFJv8q8H/qN0kXkMo=,K8NGsXVSxFDPu+rnIzcONvXkObk=
-12,2,F6q4g5q6NfxFJv8q8H/qN0kXkMo=,VG7GQ/6owpu+KRodnCQYp+l49qQ=
-15,1,F6q4g5q6NfxFJv8q8H/qN0kXkMo=,K8NGsXVSxFDPu+rnIzcONvXkObk=
-14,1,F6q4g5q6NfxFJv8q8H/qN0kXkMo=,K8NGsXVSxFDPu+rnIzcONvXkObk=
-13,0,F6q4g5q6NfxFJv8q8H/qN0kXkMo=,K8NGsXVSxFDPu+rnIzcONvXkObk=
-16,2,F6q4g5q6NfxFJv8q8H/qN0kXkMo=,K8NGsXVSxFDPu+rnIzcONvXkObk=
-8,1,F6q4g5q6NfxFJv8q8H/qN0kXkMo=,FHeMW+qZVSBVZCb5qIpF1ypeJYU=
-11,2,F6q4g5q6NfxFJv8q8H/qN0kXkMo=,VG7GQ/6owpu+KRodnCQYp+l49qQ=
-10,2,F6q4g5q6NfxFJv8q8H/qN0kXkMo=,VG7GQ/6owpu+KRodnCQYp+l49qQ=
-13,1,F6q4g5q6NfxFJv8q8H/qN0kXkMo=,K8NGsXVSxFDPu+rnIzcONvXkObk=
-8,2,F6q4g5q6NfxFJv8q8H/qN0kXkMo=,FHeMW+qZVSBVZCb5qIpF1ypeJYU=
-16,4,F6q4g5q6NfxFJv8q8H/qN0kXkMo=,649s/qEYVh5jwk27zbYJYm7yTAM=
-9,2,F6q4g5q6NfxFJv8q8H/qN0kXkMo=,VG7GQ/6owpu+KRodnCQYp+l49qQ=
-12,4,F6q4g5q6NfxFJv8q8H/qN0kXkMo=,he77cXPmzs/1vfifp71ZEXwOSv8=
-8,3,F6q4g5q6NfxFJv8q8H/qN0kXkMo=,FHeMW+qZVSBVZCb5qIpF1ypeJYU=
-8,4,F6q4g5q6NfxFJv8q8H/qN0kXkMo=,1V1wT/XBbDfUuer04PJ43PqYnMQ=
-11,4,F6q4g5q6NfxFJv8q8H/qN0kXkMo=,he77cXPmzs/1vfifp71ZEXwOSv8=
-12,3,F6q4g5q6NfxFJv8q8H/qN0kXkMo=,VG7GQ/6owpu+KRodnCQYp+l49qQ=
-12,0,F6q4g5q6NfxFJv8q8H/qN0kXkMo=,VG7GQ/6owpu+KRodnCQYp+l49qQ=
-11,3,F6q4g5q6NfxFJv8q8H/qN0kXkMo=,VG7GQ/6owpu+KRodnCQYp+l49qQ=
-10,4,F6q4g5q6NfxFJv8q8H/qN0kXkMo=,he77cXPmzs/1vfifp71ZEXwOSv8=
-9,4,F6q4g5q6NfxFJv8q8H/qN0kXkMo=,he77cXPmzs/1vfifp71ZEXwOSv8=
-11,0,F6q4g5q6NfxFJv8q8H/qN0kXkMo=,VG7GQ/6owpu+KRodnCQYp+l49qQ=
-10,3,F6q4g5q6NfxFJv8q8H/qN0kXkMo=,VG7GQ/6owpu+KRodnCQYp+l49qQ=
-10,0,F6q4g5q6NfxFJv8q8H/qN0kXkMo=,VG7GQ/6owpu+KRodnCQYp+l49qQ=
-12,1,F6q4g5q6NfxFJv8q8H/qN0kXkMo=,VG7GQ/6owpu+KRodnCQYp+l49qQ=
-13,4,F6q4g5q6NfxFJv8q8H/qN0kXkMo=,649s/qEYVh5jwk27zbYJYm7yTAM=
-13,3,F6q4g5q6NfxFJv8q8H/qN0kXkMo=,K8NGsXVSxFDPu+rnIzcONvXkObk=
-11,1,F6q4g5q6NfxFJv8q8H/qN0kXkMo=,VG7GQ/6owpu+KRodnCQYp+l49qQ=
-10,1,F6q4g5q6NfxFJv8q8H/qN0kXkMo=,VG7GQ/6owpu+KRodnCQYp+l49qQ=
-9,3,F6q4g5q6NfxFJv8q8H/qN0kXkMo=,VG7GQ/6owpu+KRodnCQYp+l49qQ=
-9,1,F6q4g5q6NfxFJv8q8H/qN0kXkMo=,VG7GQ/6owpu+KRodnCQYp+l49qQ=
-9,0,F6q4g5q6NfxFJv8q8H/qN0kXkMo=,VG7GQ/6owpu+KRodnCQYp+l49qQ=
-13,2,F6q4g5q6NfxFJv8q8H/qN0kXkMo=,K8NGsXVSxFDPu+rnIzcONvXkObk=
-15,4,F6q4g5q6NfxFJv8q8H/qN0kXkMo=,649s/qEYVh5jwk27zbYJYm7yTAM=
-8,0,F6q4g5q6NfxFJv8q8H/qN0kXkMo=,FHeMW+qZVSBVZCb5qIpF1ypeJYU=
-7,0,F6q4g5q6NfxFJv8q8H/qN0kXkMo=,FHeMW+qZVSBVZCb5qIpF1ypeJYU=
-15,2,F6q4g5q6NfxFJv8q8H/qN0kXkMo=,K8NGsXVSxFDPu+rnIzcONvXkObk=
-6,0,F6q4g5q6NfxFJv8q8H/qN0kXkMo=,FHeMW+qZVSBVZCb5qIpF1ypeJYU=
-14,4,F6q4g5q6NfxFJv8q8H/qN0kXkMo=,649s/qEYVh5jwk27zbYJYm7yTAM=
-15,3,F6q4g5q6NfxFJv8q8H/qN0kXkMo=,K8NGsXVSxFDPu+rnIzcONvXkObk=
-16,3,F6q4g5q6NfxFJv8q8H/qN0kXkMo=,K8NGsXVSxFDPu+rnIzcONvXkObk=
-14,3,F6q4g5q6NfxFJv8q8H/qN0kXkMo=,K8NGsXVSxFDPu+rnIzcONvXkObk=
-1,15,F6q4g5q6NfxFJv8q8H/qN0kXkMo=,oHRUHDyZ43F60JK99szNmKsRTFQ=
-4,0,KY76YuwX03oYoFXhcA3wCXPHOI8=,q+FB8cIs4BkmdF6Wwy2ry942BGw=
-3,0,KY76YuwX03oYoFXhcA3wCXPHOI8=,q+FB8cIs4BkmdF6Wwy2ry942BGw=
-1,0,KY76YuwX03oYoFXhcA3wCXPHOI8=,q+FB8cIs4BkmdF6Wwy2ry942BGw=
-16,10,KY76YuwX03oYoFXhcA3wCXPHOI8=,BYxWP4HxmhoWRvhEXyidRiieSuc=
-2,0,KY76YuwX03oYoFXhcA3wCXPHOI8=,q+FB8cIs4BkmdF6Wwy2ry942BGw=
-16,14,KY76YuwX03oYoFXhcA3wCXPHOI8=,/sFfj1E3CrX0cZKVHj414m4ePu4=
-5,0,KY76YuwX03oYoFXhcA3wCXPHOI8=,FHeMW+qZVSBVZCb5qIpF1ypeJYU=
-16,9,KY76YuwX03oYoFXhcA3wCXPHOI8=,BYxWP4HxmhoWRvhEXyidRiieSuc=
-16,0,KY76YuwX03oYoFXhcA3wCXPHOI8=,K8NGsXVSxFDPu+rnIzcONvXkObk=
-16,11,KY76YuwX03oYoFXhcA3wCXPHOI8=,BYxWP4HxmhoWRvhEXyidRiieSuc=
-16,7,KY76YuwX03oYoFXhcA3wCXPHOI8=,649s/qEYVh5jwk27zbYJYm7yTAM=
-16,15,KY76YuwX03oYoFXhcA3wCXPHOI8=,/sFfj1E3CrX0cZKVHj414m4ePu4=
-16,8,KY76YuwX03oYoFXhcA3wCXPHOI8=,BYxWP4HxmhoWRvhEXyidRiieSuc=
-16,12,KY76YuwX03oYoFXhcA3wCXPHOI8=,/sFfj1E3CrX0cZKVHj414m4ePu4=
-15,15,KY76YuwX03oYoFXhcA3wCXPHOI8=,/sFfj1E3CrX0cZKVHj414m4ePu4=
-16,13,KY76YuwX03oYoFXhcA3wCXPHOI8=,/sFfj1E3CrX0cZKVHj414m4ePu4=
-14,15,KY76YuwX03oYoFXhcA3wCXPHOI8=,/sFfj1E3CrX0cZKVHj414m4ePu4=
-12,15,KY76YuwX03oYoFXhcA3wCXPHOI8=,zMYviPrhA2HzhJMsLMSgtJD4w6c=
-13,15,KY76YuwX03oYoFXhcA3wCXPHOI8=,/sFfj1E3CrX0cZKVHj414m4ePu4=
