9,1,0dSys/GPClzZCJYFpSw+BTbOAK0=,GYhukEwu1iiYrnRK6YYaHARIW58=
10,1,0dSys/GPClzZCJYFpSw+BTbOAK0=,GYhukEwu1iiYrnRK6YYaHARIW58=
9,2,0dSys/GPClzZCJYFpSw+BTbOAK0=,GYhukEwu1iiYrnRK6YYaHARIW58=
10,2,0dSys/GPClzZCJYFpSw+BTbOAK0=,GYhukEwu1iiYrnRK6YYaHARIW58=
12,1,nqB8NS3zYd34QrYFv86b56MGHa8=,d5I+TbHEvPr+gUO6SYvPfzgSS5g=
11,1,nqB8NS3zYd34QrYFv86b56MGHa8=,GYhukEwu1iiYrnRK6YYaHARIW58=
12,2,nqB8NS3zYd34QrYFv86b56MGHa8=,d5I+TbHEvPr+gUO6SYvPfzgSS5g=
13,4,nqB8NS3zYd34QrYFv86b56MGHa8=,gTC1Te9ZfbMN4jRnHtBPES1mshw=
13,1,nqB8NS3zYd34QrYFv86b56MGHa8=,d5I+TbHEvPr+gUO6SYvPfzgSS5g=
13,6,nqB8NS3zYd34QrYFv86b56MGHa8=,gTC1Te9ZfbMN4jRnHtBPES1mshw=
12,4,nqB8NS3zYd34QrYFv86b56MGHa8=,gTC1Te9ZfbMN4jRnHtBPES1mshw=
13,2,nqB8NS3zYd34QrYFv86b56MGHa8=,d5I+TbHEvPr+gUO6SYvPfzgSS5g=
14,6,nqB8NS3zYd34QrYFv86b56MGHa8=,gTC1Te9ZfbMN4jRnHtBPES1mshw=
14,1,nqB8NS3zYd34QrYFv86b56MGHa8=,d5I+TbHEvPr+gUO6SYvPfzgSS5g=
12,6,nqB8NS3zYd34QrYFv86b56MGHa8=,gTC1Te9ZfbMN4jRnHtBPES1mshw=
13,5,nqB8NS3zYd34QrYFv86b56MGHa8=,gTC1Te9ZfbMN4jRnHtBPES1mshw=
14,2,nqB8NS3zYd34QrYFv86b56MGHa8=,d5I+TbHEvPr+gUO6SYvPfzgSS5g=
12,5,nqB8NS3zYd34QrYFv86b56MGHa8=,gTC1Te9ZfbMN4jRnHtBPES1mshw=
11,2,nqB8NS3zYd34QrYFv86b56MGHa8=,GYhukEwu1iiYrnRK6YYaHARIW58=
14,4,nqB8NS3zYd34QrYFv86b56MGHa8=,gTC1Te9ZfbMN4jRnHtBPES1mshw=
12,3,nqB8NS3zYd34QrYFv86b56MGHa8=,d5I+TbHEvPr+gUO6SYvPfzgSS5g=
14,5,nqB8NS3zYd34QrYFv86b56MGHa8=,gTC1Te9ZfbMN4jRnHtBPES1mshw=
9,6,nqB8NS3zYd34QrYFv86b56MGHa8=,9IRKJF0WDVG2s0Li+TkZ9mCL0lw=
13,3,nqB8NS3zYd34QrYFv86b56MGHa8=,d5I+TbHEvPr+gUO6SYvPfzgSS5g=
14,3,nqB8NS3zYd34QrYFv86b56MGHa8=,d5I+TbHEvPr+gUO6SYvPfzgSS5g=
10,6,nqB8NS3zYd34QrYFv86b56MGHa8=,9IRKJF0WDVG2s0Li+TkZ9mCL0lw=
9,4,nqB8NS3zYd34QrYFv86b56MGHa8=,9IRKJF0WDVG2s0Li+TkZ9mCL0lw=
11,5,nqB8NS3zYd34QrYFv86b56MGHa8=,9IRKJF0WDVG2s0Li+TkZ9mCL0lw=
11,3,nqB8NS3zYd34QrYFv86b56MGHa8=,GYhukEwu1iiYrnRK6YYaHARIW58=
10,5,nqB8NS3zYd34QrYFv86b56MGHa8=,9IRKJF0WDVG2s0Li+TkZ9mCL0lw=
11,4,nqB8NS3zYd34QrYFv86b56MGHa8=,9IRKJF0WDVG2s0Li+TkZ9mCL0lw=
11,6,nqB8NS3zYd34QrYFv86b56MGHa8=,9IRKJF0WDVG2s0Li+TkZ9mCL0lw=
10,3,nqB8NS3zYd34QrYFv86b56MGHa8=,GYhukEwu1iiYrnRK6YYaHARIW58=
10,4,nqB8NS3zYd34QrYFv86b56MGHa8=,9IRKJF0WDVG2s0Li+TkZ9mCL0lw=
9,5,nqB8NS3zYd34QrYFv86b56MGHa8=,9IRKJF0WDVG2s0Li+TkZ9mCL0lw=
9,3,nqB8NS3zYd34QrYFv86b56MGHa8=,GYhukEwu1iiYrnRK6YYaHARIW58=
9,8,CKw+v2U6epB/PWX7ZfVTlwL91TI=,j9MohcJ3TTqd7ZVMlOI7CpmJ56s=
9,9,CKw+v2U6epB/PWX7ZfVTlwL91TI=,j9MohcJ3TTqd7ZVMlOI7CpmJ56s=
10,9,CKw+v2U6epB/PWX7ZfVTlwL91TI=,j9MohcJ3TTqd7ZVMlOI7CpmJ56s=
10,10,CKw+v2U6epB/PWX7ZfVTlwL91TI=,j9MohcJ3TTqd7ZVMlOI7CpmJ56s=
9,10,CKw+v2U6epB/PWX7ZfVTlwL91TI=,j9MohcJ3TTqd7ZVMlOI7CpmJ56s=
10,7,CKw+v2U6epB/PWX7ZfVTlwL91TI=,9IRKJF0WDVG2s0Li+TkZ9mCL0lw=
10,8,CKw+v2U6epB/PWX7ZfVTlwL91TI=,j9MohcJ3TTqd7ZVMlOI7CpmJ56s=
9,7,CKw+v2U6epB/PWX7ZfVTlwL91TI=,9IRKJF0WDVG2s0Li+TkZ9mCL0lw=
12,9,CKw+v2U6epB/PWX7ZfVTlwL91TI=,Ys7w7j1JlQIpdkvoFEGKrAPzxEw=
12,7,CKw+v2U6epB/PWX7ZfVTlwL91TI=,gTC1Te9ZfbMN4jRnHtBPES1mshw=
12,10,CKw+v2U6epB/PWX7ZfVTlwL91TI=,Ys7w7j1JlQIpdkvoFEGKrAPzxEw=
13,9,CKw+v2U6epB/PWX7ZfVTlwL91TI=,Ys7w7j1JlQIpdkvoFEGKrAPzxEw=
12,8,CKw+v2U6epB/PWX7ZfVTlwL91TI=,Ys7w7j1JlQIpdkvoFEGKrAPzxEw=
13,7,CKw+v2U6epB/PWX7ZfVTlwL91TI=,gTC1Te9ZfbMN4jRnHtBPES1mshw=
14,7,CKw+v2U6epB/PWX7ZfVTlwL91TI=,gTC1Te9ZfbMN4jRnHtBPES1mshw=
11,7,CKw+v2U6epB/PWX7ZfVTlwL91TI=,9IRKJF0WDVG2s0Li+TkZ9mCL0lw=
11,8,CKw+v2U6epB/PWX7ZfVTlwL91TI=,j9MohcJ3TTqd7ZVMlOI7CpmJ56s=
11,9,CKw+v2U6epB/PWX7ZfVTlwL91TI=,j9MohcJ3TTqd7ZVMlOI7CpmJ56s=
6,14,CKw+v2U6epB/PWX7ZfVTlwL91TI=,/laYOc4VxxbTTmgCcLi1PjGYUDw=
13,8,CKw+v2U6epB/PWX7ZfVTlwL91TI=,Ys7w7j1JlQIpdkvoFEGKrAPzxEw=
6,13,CKw+v2U6epB/PWX7ZfVTlwL91TI=,/laYOc4VxxbTTmgCcLi1PjGYUDw=
13,10,CKw+v2U6epB/PWX7ZfVTlwL91TI=,Ys7w7j1JlQIpdkvoFEGKrAPzxEw=
5,14,1/68dnB+iVvc9bmlSDKfu2ZMG24=,/laYOc4VxxbTTmgCcLi1PjGYUDw=
14,9,1/68dnB+iVvc9bmlSDKfu2ZMG24=,Ys7w7j1JlQIpdkvoFEGKrAPzxEw=
14,10,1/68dnB+iVvc9bmlSDKfu2ZMG24=,Ys7w7j1JlQIpdkvoFEGKrAPzxEw=
14,8,1/68dnB+iVvc9bmlSDKfu2ZMG24=,Ys7w7j1JlQIpdkvoFEGKrAPzxEw=
5,13,1/68dnB+iVvc9bmlSDKfu2ZMG24=,/laYOc4VxxbTTmgCcLi1PjGYUDw=
8,9,1/68dnB+iVvc9bmlSDKfu2ZMG24=,j9MohcJ3TTqd7ZVMlOI7CpmJ56s=
11,10,1/68dnB+iVvc9bmlSDKfu2ZMG24=,j9MohcJ3TTqd7ZVMlOI7CpmJ56s=
5,9,1/68dnB+iVvc9bmlSDKfu2ZMG24=,x0m/eWyVu35YHfDD69I59C4HhCw=
6,12,1/68dnB+iVvc9bmlSDKfu2ZMG24=,/laYOc4VxxbTTmgCcLi1PjGYUDw=
5,12,1/68dnB+iVvc9bmlSDKfu2ZMG24=,/laYOc4VxxbTTmgCcLi1PjGYUDw=
6,9,1/68dnB+iVvc9bmlSDKfu2ZMG24=,x0m/eWyVu35YHfDD69I59C4HhCw=
6,10,1/68dnB+iVvc9bmlSDKfu2ZMG24=,x0m/eWyVu35YHfDD69I59C4HhCw=
5,11,1/68dnB+iVvc9bmlSDKfu2ZMG24=,x0m/eWyVu35YHfDD69I59C4HhCw=
5,10,1/68dnB+iVvc9bmlSDKfu2ZMG24=,x0m/eWyVu35YHfDD69I59C4HhCw=
8,10,1/68dnB+iVvc9bmlSDKfu2ZMG24=,j9MohcJ3TTqd7ZVMlOI7CpmJ56s=
7,9,1/68dnB+iVvc9bmlSDKfu2ZMG24=,x0m/eWyVu35YHfDD69I59C4HhCw=
7,10,1/68dnB+iVvc9bmlSDKfu2ZMG24=,x0m/eWyVu35YHfDD69I59C4HhCw=
6,11,1/68dnB+iVvc9bmlSDKfu2ZMG24=,x0m/eWyVu35YHfDD69I59C4HhCw=
10,14,KMo8a0/18RFIXvlWCKyv/ksEeTI=,fvtxyOZ10TwhQfVETIe+3D55GaQ=
8,11,KMo8a0/18RFIXvlWCKyv/ksEeTI=,j9MohcJ3TTqd7ZVMlOI7CpmJ56s=
9,14,KMo8a0/18RFIXvlWCKyv/ksEeTI=,fvtxyOZ10TwhQfVETIe+3D55GaQ=
8,14,KMo8a0/18RFIXvlWCKyv/ksEeTI=,fvtxyOZ10TwhQfVETIe+3D55GaQ=
8,13,KMo8a0/18RFIXvlWCKyv/ksEeTI=,fvtxyOZ10TwhQfVETIe+3D55GaQ=
7,11,KMo8a0/18RFIXvlWCKyv/ksEeTI=,x0m/eWyVu35YHfDD69I59C4HhCw=
8,12,KMo8a0/18RFIXvlWCKyv/ksEeTI=,fvtxyOZ10TwhQfVETIe+3D55GaQ=
7,12,KMo8a0/18RFIXvlWCKyv/ksEeTI=,/laYOc4VxxbTTmgCcLi1PjGYUDw=
7,14,KMo8a0/18RFIXvlWCKyv/ksEeTI=,/laYOc4VxxbTTmgCcLi1PjGYUDw=
10,12,KMo8a0/18RFIXvlWCKyv/ksEeTI=,fvtxyOZ10TwhQfVETIe+3D55GaQ=
9,13,KMo8a0/18RFIXvlWCKyv/ksEeTI=,fvtxyOZ10TwhQfVETIe+3D55GaQ=
10,11,KMo8a0/18RFIXvlWCKyv/ksEeTI=,j9MohcJ3TTqd7ZVMlOI7CpmJ56s=
7,13,KMo8a0/18RFIXvlWCKyv/ksEeTI=,/laYOc4VxxbTTmgCcLi1PjGYUDw=
9,12,KMo8a0/18RFIXvlWCKyv/ksEeTI=,fvtxyOZ10TwhQfVETIe+3D55GaQ=
10,13,KMo8a0/18RFIXvlWCKyv/ksEeTI=,fvtxyOZ10TwhQfVETIe+3D55GaQ=
9,11,KMo8a0/18RFIXvlWCKyv/ksEeTI=,j9MohcJ3TTqd7ZVMlOI7CpmJ56s=
1,6,8hHfEqaFqUCoNlPZkcqPhRagq0o=,fhvN/CFVkIySZekH+Es4n/GmL8Q=
2,6,8hHfEqaFqUCoNlPZkcqPhRagq0o=,fhvN/CFVkIySZekH+Es4n/GmL8Q=
2,5,8hHfEqaFqUCoNlPZkcqPhRagq0o=,fhvN/CFVkIySZekH+Es4n/GmL8Q=
1,5,8hHfEqaFqUCoNlPZkcqPhRagq0o=,fhvN/CFVkIySZekH+Es4n/GmL8Q=
8,6,8hHfEqaFqUCoNlPZkcqPhRagq0o=,9IRKJF0WDVG2s0Li+TkZ9mCL0lw=
5,6,8hHfEqaFqUCoNlPZkcqPhRagq0o=,TcGyTCErd+1trqimxKvZW06MtbI=
4,6,8hHfEqaFqUCoNlPZkcqPhRagq0o=,TcGyTCErd+1trqimxKvZW06MtbI=
8,5,8hHfEqaFqUCoNlPZkcqPhRagq0o=,9IRKJF0WDVG2s0Li+TkZ9mCL0lw=
5,8,8hHfEqaFqUCoNlPZkcqPhRagq0o=,x0m/eWyVu35YHfDD69I59C4HhCw=
6,6,8hHfEqaFqUCoNlPZkcqPhRagq0o=,TcGyTCErd+1trqimxKvZW06MtbI=
3,5,8hHfEqaFqUCoNlPZkcqPhRagq0o=,fhvN/CFVkIySZekH+Es4n/GmL8Q=
7,6,8hHfEqaFqUCoNlPZkcqPhRagq0o=,TcGyTCErd+1trqimxKvZW06MtbI=
7,5,8hHfEqaFqUCoNlPZkcqPhRagq0o=,TcGyTCErd+1trqimxKvZW06MtbI=
6,5,8hHfEqaFqUCoNlPZkcqPhRagq0o=,TcGyTCErd+1trqimxKvZW06MtbI=
8,7,8hHfEqaFqUCoNlPZkcqPhRagq0o=,9IRKJF0WDVG2s0Li+TkZ9mCL0lw=
6,8,8hHfEqaFqUCoNlPZkcqPhRagq0o=,x0m/eWyVu35YHfDD69I59C4HhCw=
7,8,8hHfEqaFqUCoNlPZkcqPhRagq0o=,x0m/eWyVu35YHfDD69I59C4HhCw=
8,8,8hHfEqaFqUCoNlPZkcqPhRagq0o=,j9MohcJ3TTqd7ZVMlOI7CpmJ56s=
3,6,8hHfEqaFqUCoNlPZkcqPhRagq0o=,fhvN/CFVkIySZekH+Es4n/GmL8Q=
6,2,8hHfEqaFqUCoNlPZkcqPhRagq0o=,oNRKDJAq74fPShoAoEVLMjot4J4=
5,7,8hHfEqaFqUCoNlPZkcqPhRagq0o=,TcGyTCErd+1trqimxKvZW06MtbI=
8,4,8hHfEqaFqUCoNlPZkcqPhRagq0o=,9IRKJF0WDVG2s0Li+TkZ9mCL0lw=
6,7,8hHfEqaFqUCoNlPZkcqPhRagq0o=,TcGyTCErd+1trqimxKvZW06MtbI=
6,3,8hHfEqaFqUCoNlPZkcqPhRagq0o=,oNRKDJAq74fPShoAoEVLMjot4J4=
4,5,8hHfEqaFqUCoNlPZkcqPhRagq0o=,TcGyTCErd+1trqimxKvZW06MtbI=
7,2,8hHfEqaFqUCoNlPZkcqPhRagq0o=,oNRKDJAq74fPShoAoEVLMjot4J4=
5,5,8hHfEqaFqUCoNlPZkcqPhRagq0o=,TcGyTCErd+1trqimxKvZW06MtbI=
5,4,8hHfEqaFqUCoNlPZkcqPhRagq0o=,TcGyTCErd+1trqimxKvZW06MtbI=
7,7,8hHfEqaFqUCoNlPZkcqPhRagq0o=,TcGyTCErd+1trqimxKvZW06MtbI=
7,3,8hHfEqaFqUCoNlPZkcqPhRagq0o=,oNRKDJAq74fPShoAoEVLMjot4J4=
6,4,8hHfEqaFqUCoNlPZkcqPhRagq0o=,TcGyTCErd+1trqimxKvZW06MtbI=
8,1,8hHfEqaFqUCoNlPZkcqPhRagq0o=,GYhukEwu1iiYrnRK6YYaHARIW58=
8,2,8hHfEqaFqUCoNlPZkcqPhRagq0o=,GYhukEwu1iiYrnRK6YYaHARIW58=
5,3,8hHfEqaFqUCoNlPZkcqPhRagq0o=,oNRKDJAq74fPShoAoEVLMjot4J4=
8,3,8hHfEqaFqUCoNlPZkcqPhRagq0o=,GYhukEwu1iiYrnRK6YYaHARIW58=
7,4,8hHfEqaFqUCoNlPZkcqPhRagq0o=,TcGyTCErd+1trqimxKvZW06MtbI=
5,1,8hHfEqaFqUCoNlPZkcqPhRagq0o=,oNRKDJAq74fPShoAoEVLMjot4J4=
6,1,8hHfEqaFqUCoNlPZkcqPhRagq0o=,oNRKDJAq74fPShoAoEVLMjot4J4=
7,1,8hHfEqaFqUCoNlPZkcqPhRagq0o=,oNRKDJAq74fPShoAoEVLMjot4J4=
5,2,8hHfEqaFqUCoNlPZkcqPhRagq0o=,oNRKDJAq74fPShoAoEVLMjot4J4=
0,5,D6th3OGL75EzzBA5wf8+jDplPYk=,fhvN/CFVkIySZekH+Es4n/GmL8Q=
0,6,D6th3OGL75EzzBA5wf8+jDplPYk=,fhvN/CFVkIySZekH+Es4n/GmL8Q=
6,15,D6th3OGL75EzzBA5wf8+jDplPYk=,/laYOc4VxxbTTmgCcLi1PjGYUDw=
5,15,D6th3OGL75EzzBA5wf8+jDplPYk=,/laYOc4VxxbTTmgCcLi1PjGYUDw=
8,15,D6th3OGL75EzzBA5wf8+jDplPYk=,fvtxyOZ10TwhQfVETIe+3D55GaQ=
9,15,D6th3OGL75EzzBA5wf8+jDplPYk=,fvtxyOZ10TwhQfVETIe+3D55GaQ=
7,15,D6th3OGL75EzzBA5wf8+jDplPYk=,/laYOc4VxxbTTmgCcLi1PjGYUDw=
10,15,D6th3OGL75EzzBA5wf8+jDplPYk=,fvtxyOZ10TwhQfVETIe+3D55GaQ=
1,0,owDlx8hfGrjymjHlp+DChP+WmeA=,tRXXBXFaf0mNfeMrNF4BDnqCJWQ=
4,2,owDlx8hfGrjymjHlp+DChP+WmeA=,oNRKDJAq74fPShoAoEVLMjot4J4=
2,2,owDlx8hfGrjymjHlp+DChP+WmeA=,tRXXBXFaf0mNfeMrNF4BDnqCJWQ=
2,0,owDlx8hfGrjymjHlp+DChP+WmeA=,tRXXBXFaf0mNfeMrNF4BDnqCJWQ=
1,3,owDlx8hfGrjymjHlp+DChP+WmeA=,tRXXBXFaf0mNfeMrNF4BDnqCJWQ=
3,3,owDlx8hfGrjymjHlp+DChP+WmeA=,tRXXBXFaf0mNfeMrNF4BDnqCJWQ=
2,1,owDlx8hfGrjymjHlp+DChP+WmeA=,tRXXBXFaf0mNfeMrNF4BDnqCJWQ=
0,3,owDlx8hfGrjymjHlp+DChP+WmeA=,tRXXBXFaf0mNfeMrNF4BDnqCJWQ=
3,1,owDlx8hfGrjymjHlp+DChP+WmeA=,tRXXBXFaf0mNfeMrNF4BDnqCJWQ=
2,3,owDlx8hfGrjymjHlp+DChP+WmeA=,tRXXBXFaf0mNfeMrNF4BDnqCJWQ=
0,2,owDlx8hfGrjymjHlp+DChP+WmeA=,tRXXBXFaf0mNfeMrNF4BDnqCJWQ=
0,1,owDlx8hfGrjymjHlp+DChP+WmeA=,tRXXBXFaf0mNfeMrNF4BDnqCJWQ=
0,4,owDlx8hfGrjymjHlp+DChP+WmeA=,fhvN/CFVkIySZekH+Es4n/GmL8Q=
4,4,owDlx8hfGrjymjHlp+DChP+WmeA=,TcGyTCErd+1trqimxKvZW06MtbI=
1,1,owDlx8hfGrjymjHlp+DChP+WmeA=,tRXXBXFaf0mNfeMrNF4BDnqCJWQ=
4,1,owDlx8hfGrjymjHlp+DChP+WmeA=,oNRKDJAq74fPShoAoEVLMjot4J4=
3,2,owDlx8hfGrjymjHlp+DChP+WmeA=,tRXXBXFaf0mNfeMrNF4BDnqCJWQ=
3,4,owDlx8hfGrjymjHlp+DChP+WmeA=,fhvN/CFVkIySZekH+Es4n/GmL8Q=
4,3,owDlx8hfGrjymjHlp+DChP+WmeA=,oNRKDJAq74fPShoAoEVLMjot4J4=
1,2,owDlx8hfGrjymjHlp+DChP+WmeA=,tRXXBXFaf0mNfeMrNF4BDnqCJWQ=
2,4,owDlx8hfGrjymjHlp+DChP+WmeA=,fhvN/CFVkIySZekH+Es4n/GmL8Q=
1,4,owDlx8hfGrjymjHlp+DChP+WmeA=,fhvN/CFVkIySZekH+Es4n/GmL8Q=
4,10,owDlx8hfGrjymjHlp+DChP+WmeA=,x0m/eWyVu35YHfDD69I59C4HhCw=
2,8,owDlx8hfGrjymjHlp+DChP+WmeA=,ZerGXQuVr96WDwvBkDZo4V8GLvE=
2,14,owDlx8hfGrjymjHlp+DChP+WmeA=,eVYTNGCxjd6RmOtWuH2Ei+AlwZE=
3,7,owDlx8hfGrjymjHlp+DChP+WmeA=,fhvN/CFVkIySZekH+Es4n/GmL8Q=
3,14,owDlx8hfGrjymjHlp+DChP+WmeA=,eVYTNGCxjd6RmOtWuH2Ei+AlwZE=
3,11,owDlx8hfGrjymjHlp+DChP+WmeA=,ZerGXQuVr96WDwvBkDZo4V8GLvE=
4,11,+w+Hq4wrIetVxLWQNZ4MfuPWd1Q=,x0m/eWyVu35YHfDD69I59C4HhCw=
3,8,+w+Hq4wrIetVxLWQNZ4MfuPWd1Q=,ZerGXQuVr96WDwvBkDZo4V8GLvE=
0,13,+w+Hq4wrIetVxLWQNZ4MfuPWd1Q=,eVYTNGCxjd6RmOtWuH2Ei+AlwZE=
1,8,+w+Hq4wrIetVxLWQNZ4MfuPWd1Q=,ZerGXQuVr96WDwvBkDZo4V8GLvE=
2,9,+w+Hq4wrIetVxLWQNZ4MfuPWd1Q=,ZerGXQuVr96WDwvBkDZo4V8GLvE=
3,10,+w+Hq4wrIetVxLWQNZ4MfuPWd1Q=,ZerGXQuVr96WDwvBkDZo4V8GLvE=
15,9,+w+Hq4wrIetVxLWQNZ4MfuPWd1Q=,Ys7w7j1JlQIpdkvoFEGKrAPzxEw=
0,12,+w+Hq4wrIetVxLWQNZ4MfuPWd1Q=,eVYTNGCxjd6RmOtWuH2Ei+AlwZE=
15,10,+w+Hq4wrIetVxLWQNZ4MfuPWd1Q=,Ys7w7j1JlQIpdkvoFEGKrAPzxEw=
4,7,+w+Hq4wrIetVxLWQNZ4MfuPWd1Q=,TcGyTCErd+1trqimxKvZW06MtbI=
1,15,+w+Hq4wrIetVxLWQNZ4MfuPWd1Q=,eVYTNGCxjd6RmOtWuH2Ei+AlwZE=
1,12,+w+Hq4wrIetVxLWQNZ4MfuPWd1Q=,eVYTNGCxjd6RmOtWuH2Ei+AlwZE=
0,8,+w+Hq4wrIetVxLWQNZ4MfuPWd1Q=,ZerGXQuVr96WDwvBkDZo4V8GLvE=
0,11,+w+Hq4wrIetVxLWQNZ4MfuPWd1Q=,ZerGXQuVr96WDwvBkDZo4V8GLvE=
1,10,+w+Hq4wrIetVxLWQNZ4MfuPWd1Q=,ZerGXQuVr96WDwvBkDZo4V8GLvE=
2,15,+w+Hq4wrIetVxLWQNZ4MfuPWd1Q=,eVYTNGCxjd6RmOtWuH2Ei+AlwZE=
1,13,+w+Hq4wrIetVxLWQNZ4MfuPWd1Q=,eVYTNGCxjd6RmOtWuH2Ei+AlwZE=
0,9,+w+Hq4wrIetVxLWQNZ4MfuPWd1Q=,ZerGXQuVr96WDwvBkDZo4V8GLvE=
4,9,+w+Hq4wrIetVxLWQNZ4MfuPWd1Q=,x0m/eWyVu35YHfDD69I59C4HhCw=
1,9,+w+Hq4wrIetVxLWQNZ4MfuPWd1Q=,ZerGXQuVr96WDwvBkDZo4V8GLvE=
3,9,+w+Hq4wrIetVxLWQNZ4MfuPWd1Q=,ZerGXQuVr96WDwvBkDZo4V8GLvE=
3,15,+w+Hq4wrIetVxLWQNZ4MfuPWd1Q=,eVYTNGCxjd6RmOtWuH2Ei+AlwZE=
2,12,+w+Hq4wrIetVxLWQNZ4MfuPWd1Q=,eVYTNGCxjd6RmOtWuH2Ei+AlwZE=
4,8,+w+Hq4wrIetVxLWQNZ4MfuPWd1Q=,x0m/eWyVu35YHfDD69I59C4HhCw=
1,11,+w+Hq4wrIetVxLWQNZ4MfuPWd1Q=,ZerGXQuVr96WDwvBkDZo4V8GLvE=
15,7,+w+Hq4wrIetVxLWQNZ4MfuPWd1Q=,gTC1Te9ZfbMN4jRnHtBPES1mshw=
0,7,+w+Hq4wrIetVxLWQNZ4MfuPWd1Q=,fhvN/CFVkIySZekH+Es4n/GmL8Q=
15,6,+w+Hq4wrIetVxLWQNZ4MfuPWd1Q=,gTC1Te9ZfbMN4jRnHtBPES1mshw=
0,14,+w+Hq4wrIetVxLWQNZ4MfuPWd1Q=,eVYTNGCxjd6RmOtWuH2Ei+AlwZE=
15,5,+w+Hq4wrIetVxLWQNZ4MfuPWd1Q=,gTC1Te9ZfbMN4jRnHtBPES1mshw=
0,10,+w+Hq4wrIetVxLWQNZ4MfuPWd1Q=,ZerGXQuVr96WDwvBkDZo4V8GLvE=
3,12,+w+Hq4wrIetVxLWQNZ4MfuPWd1Q=,eVYTNGCxjd6RmOtWuH2Ei+AlwZE=
1,7,+w+Hq4wrIetVxLWQNZ4MfuPWd1Q=,fhvN/CFVkIySZekH+Es4n/GmL8Q=
15,8,+w+Hq4wrIetVxLWQNZ4MfuPWd1Q=,Ys7w7j1JlQIpdkvoFEGKrAPzxEw=
4,12,+w+Hq4wrIetVxLWQNZ4MfuPWd1Q=,/laYOc4VxxbTTmgCcLi1PjGYUDw=
2,7,+w+Hq4wrIetVxLWQNZ4MfuPWd1Q=,fhvN/CFVkIySZekH+Es4n/GmL8Q=
1,14,+w+Hq4wrIetVxLWQNZ4MfuPWd1Q=,eVYTNGCxjd6RmOtWuH2Ei+AlwZE=
2,10,+w+Hq4wrIetVxLWQNZ4MfuPWd1Q=,ZerGXQuVr96WDwvBkDZo4V8GLvE=
2,13,+w+Hq4wrIetVxLWQNZ4MfuPWd1Q=,eVYTNGCxjd6RmOtWuH2Ei+AlwZE=
4,15,+w+Hq4wrIetVxLWQNZ4MfuPWd1Q=,/laYOc4VxxbTTmgCcLi1PjGYUDw=
4,13,+w+Hq4wrIetVxLWQNZ4MfuPWd1Q=,/laYOc4VxxbTTmgCcLi1PjGYUDw=
4,14,+w+Hq4wrIetVxLWQNZ4MfuPWd1Q=,/laYOc4VxxbTTmgCcLi1PjGYUDw=
2,11,+w+Hq4wrIetVxLWQNZ4MfuPWd1Q=,ZerGXQuVr96WDwvBkDZo4V8GLvE=
3,13,+w+Hq4wrIetVxLWQNZ4MfuPWd1Q=,eVYTNGCxjd6RmOtWuH2Ei+AlwZE=
15,1,+w+Hq4wrIetVxLWQNZ4MfuPWd1Q=,d5I+TbHEvPr+gUO6SYvPfzgSS5g=
13,0,+w+Hq4wrIetVxLWQNZ4MfuPWd1Q=,d5I+TbHEvPr+gUO6SYvPfzgSS5g=
14,0,+w+Hq4wrIetVxLWQNZ4MfuPWd1Q=,d5I+TbHEvPr+gUO6SYvPfzgSS5g=
15,4,+w+Hq4wrIetVxLWQNZ4MfuPWd1Q=,gTC1Te9ZfbMN4jRnHtBPES1mshw=
15,3,+w+Hq4wrIetVxLWQNZ4MfuPWd1Q=,d5I+TbHEvPr+gUO6SYvPfzgSS5g=
15,2,+w+Hq4wrIetVxLWQNZ4MfuPWd1Q=,d5I+TbHEvPr+gUO6SYvPfzgSS5g=
15,0,+w+Hq4wrIetVxLWQNZ4MfuPWd1Q=,d5I+TbHEvPr+gUO6SYvPfzgSS5g=
0,0,+w+Hq4wrIetVxLWQNZ4MfuPWd1Q=,tRXXBXFaf0mNfeMrNF4BDnqCJWQ=
0,15,+w+Hq4wrIetVxLWQNZ4MfuPWd1Q=,eVYTNGCxjd6RmOtWuH2Ei+AlwZE=
11,0,+w+Hq4wrIetVxLWQNZ4MfuPWd1Q=,GYhukEwu1iiYrnRK6YYaHARIW58=
12,0,+w+Hq4wrIetVxLWQNZ4MfuPWd1Q=,d5I+TbHEvPr+gUO6SYvPfzgSS5g=
10,0,+w+Hq4wrIetVxLWQNZ4MfuPWd1Q=,GYhukEwu1iiYrnRK6YYaHARIW58=
9,0,+w+Hq4wrIetVxLWQNZ4MfuPWd1Q=,GYhukEwu1iiYrnRK6YYaHARIW58=
3,0,+w+Hq4wrIetVxLWQNZ4MfuPWd1Q=,tRXXBXFaf0mNfeMrNF4BDnqCJWQ=
8,0,+w+Hq4wrIetVxLWQNZ4MfuPWd1Q=,GYhukEwu1iiYrnRK6YYaHARIW58=
6,0,+w+Hq4wrIetVxLWQNZ4MfuPWd1Q=,oNRKDJAq74fPShoAoEVLMjot4J4=
5,0,+w+Hq4wrIetVxLWQNZ4MfuPWd1Q=,oNRKDJAq74fPShoAoEVLMjot4J4=
4,0,+w+Hq4wrIetVxLWQNZ4MfuPWd1Q=,oNRKDJAq74fPShoAoEVLMjot4J4=
7,0,+w+Hq4wrIetVxLWQNZ4MfuPWd1Q=,oNRKDJAq74fPShoAoEVLMjot4J4=
11,14,IZ49mt7hFe5LLORocOEDQL3v03g=,fvtxyOZ10TwhQfVETIe+3D55GaQ=
11,15,IZ49mt7hFe5LLORocOEDQL3v03g=,fvtxyOZ10TwhQfVETIe+3D55GaQ=
15,11,IZ49mt7hFe5LLORocOEDQL3v03g=,Ys7w7j1JlQIpdkvoFEGKrAPzxEw=
12,12,IZ49mt7hFe5LLORocOEDQL3v03g=,XbFtl7WmuvVALVQTKDeu5riYHOg=
15,13,IZ49mt7hFe5LLORocOEDQL3v03g=,XbFtl7WmuvVALVQTKDeu5riYHOg=
15,15,IZ49mt7hFe5LLORocOEDQL3v03g=,XbFtl7WmuvVALVQTKDeu5riYHOg=
12,13,IZ49mt7hFe5LLORocOEDQL3v03g=,XbFtl7WmuvVALVQTKDeu5riYHOg=
11,11,IZ49mt7hFe5LLORocOEDQL3v03g=,j9MohcJ3TTqd7ZVMlOI7CpmJ56s=
13,13,IZ49mt7hFe5LLORocOEDQL3v03g=,XbFtl7WmuvVALVQTKDeu5riYHOg=
11,12,IZ49mt7hFe5LLORocOEDQL3v03g=,fvtxyOZ10TwhQfVETIe+3D55GaQ=
15,14,IZ49mt7hFe5LLORocOEDQL3v03g=,XbFtl7WmuvVALVQTKDeu5riYHOg=
15,12,IZ49mt7hFe5LLORocOEDQL3v03g=,XbFtl7WmuvVALVQTKDeu5riYHOg=
14,13,IZ49mt7hFe5LLORocOEDQL3v03g=,XbFtl7WmuvVALVQTKDeu5riYHOg=
12,11,IZ49mt7hFe5LLORocOEDQL3v03g=,Ys7w7j1JlQIpdkvoFEGKrAPzxEw=
14,15,IZ49mt7hFe5LLORocOEDQL3v03g=,XbFtl7WmuvVALVQTKDeu5riYHOg=
14,11,IZ49mt7hFe5LLORocOEDQL3v03g=,Ys7w7j1JlQIpdkvoFEGKrAPzxEw=
13,15,IZ49mt7hFe5LLORocOEDQL3v03g=,XbFtl7WmuvVALVQTKDeu5riYHOg=
12,14,IZ49mt7hFe5LLORocOEDQL3v03g=,XbFtl7WmuvVALVQTKDeu5riYHOg=
13,11,IZ49mt7hFe5LLORocOEDQL3v03g=,Ys7w7j1JlQIpdkvoFEGKrAPzxEw=
12,15,IZ49mt7hFe5LLORocOEDQL3v03g=,XbFtl7WmuvVALVQTKDeu5riYHOg=
14,12,IZ49mt7hFe5LLORocOEDQL3v03g=,XbFtl7WmuvVALVQTKDeu5riYHOg=
13,12,IZ49mt7hFe5LLORocOEDQL3v03g=,XbFtl7WmuvVALVQTKDeu5riYHOg=
13,14,IZ49mt7hFe5LLORocOEDQL3v03g=,XbFtl7WmuvVALVQTKDeu5riYHOg=
11,13,IZ49mt7hFe5LLORocOEDQL3v03g=,fvtxyOZ10TwhQfVETIe+3D55GaQ=
14,14,IZ49mt7hFe5LLORocOEDQL3v03g=,XbFtl7WmuvVALVQTKDeu5riYHOg=
6,18,82KAYoGT1Hjyb+zQAjSbygEUYng=,PT1Zdeh1WL09DtkNdPbm5GxTKdQ=
6,17,82KAYoGT1Hjyb+zQAjSbygEUYng=,PT1Zdeh1WL09DtkNdPbm5GxTKdQ=
5,18,82KAYoGT1Hjyb+zQAjSbygEUYng=,PT1Zdeh1WL09DtkNdPbm5GxTKdQ=
5,17,82KAYoGT1Hjyb+zQAjSbygEUYng=,PT1Zdeh1WL09DtkNdPbm5GxTKdQ=
6,22,82KAYoGT1Hjyb+zQAjSbygEUYng=,Y9/L16ZM6tKJdL+DtLGuHXZ/v0c=
5,20,82KAYoGT1Hjyb+zQAjSbygEUYng=,Y9/L16ZM6tKJdL+DtLGuHXZ/v0c=
5,22,82KAYoGT1Hjyb+zQAjSbygEUYng=,Y9/L16ZM6tKJdL+DtLGuHXZ/v0c=
5,21,82KAYoGT1Hjyb+zQAjSbygEUYng=,Y9/L16ZM6tKJdL+DtLGuHXZ/v0c=
6,20,82KAYoGT1Hjyb+zQAjSbygEUYng=,Y9/L16ZM6tKJdL+DtLGuHXZ/v0c=
4,21,82KAYoGT1Hjyb+zQAjSbygEUYng=,Y9/L16ZM6tKJdL+DtLGuHXZ/v0c=
6,21,82KAYoGT1Hjyb+zQAjSbygEUYng=,Y9/L16ZM6tKJdL+DtLGuHXZ/v0c=
4,22,82KAYoGT1Hjyb+zQAjSbygEUYng=,Y9/L16ZM6tKJdL+DtLGuHXZ/v0c=
6,19,82KAYoGT1Hjyb+zQAjSbygEUYng=,PT1Zdeh1WL09DtkNdPbm5GxTKdQ=
5,19,82KAYoGT1Hjyb+zQAjSbygEUYng=,PT1Zdeh1WL09DtkNdPbm5GxTKdQ=
4,19,82KAYoGT1Hjyb+zQAjSbygEUYng=,PT1Zdeh1WL09DtkNdPbm5GxTKdQ=
3,21,82KAYoGT1Hjyb+zQAjSbygEUYng=,if5nXuBMrxt/hyIE8edof7kCq0I=
1,21,82KAYoGT1Hjyb+zQAjSbygEUYng=,if5nXuBMrxt/hyIE8edof7kCq0I=
3,22,82KAYoGT1Hjyb+zQAjSbygEUYng=,if5nXuBMrxt/hyIE8edof7kCq0I=
4,20,82KAYoGT1Hjyb+zQAjSbygEUYng=,Y9/L16ZM6tKJdL+DtLGuHXZ/v0c=
3,20,82KAYoGT1Hjyb+zQAjSbygEUYng=,if5nXuBMrxt/hyIE8edof7kCq0I=
2,21,82KAYoGT1Hjyb+zQAjSbygEUYng=,if5nXuBMrxt/hyIE8edof7kCq0I=
2,20,82KAYoGT1Hjyb+zQAjSbygEUYng=,if5nXuBMrxt/hyIE8edof7kCq0I=
1,22,82KAYoGT1Hjyb+zQAjSbygEUYng=,if5nXuBMrxt/hyIE8edof7kCq0I=
2,18,82KAYoGT1Hjyb+zQAjSbygEUYng=,tnXsNWniEzCdGxJmlR9CcpB27Zs=
1,19,82KAYoGT1Hjyb+zQAjSbygEUYng=,tnXsNWniEzCdGxJmlR9CcpB27Zs=
2,22,82KAYoGT1Hjyb+zQAjSbygEUYng=,if5nXuBMrxt/hyIE8edof7kCq0I=
1,18,82KAYoGT1Hjyb+zQAjSbygEUYng=,tnXsNWniEzCdGxJmlR9CcpB27Zs=
1,17,82KAYoGT1Hjyb+zQAjSbygEUYng=,tnXsNWniEzCdGxJmlR9CcpB27Zs=
4,18,82KAYoGT1Hjyb+zQAjSbygEUYng=,PT1Zdeh1WL09DtkNdPbm5GxTKdQ=
1,20,82KAYoGT1Hjyb+zQAjSbygEUYng=,if5nXuBMrxt/hyIE8edof7kCq0I=
2,19,82KAYoGT1Hjyb+zQAjSbygEUYng=,tnXsNWniEzCdGxJmlR9CcpB27Zs=
3,18,82KAYoGT1Hjyb+zQAjSbygEUYng=,tnXsNWniEzCdGxJmlR9CcpB27Zs=
4,17,82KAYoGT1Hjyb+zQAjSbygEUYng=,PT1Zdeh1WL09DtkNdPbm5GxTKdQ=
3,17,82KAYoGT1Hjyb+zQAjSbygEUYng=,tnXsNWniEzCdGxJmlR9CcpB27Zs=
3,19,82KAYoGT1Hjyb+zQAjSbygEUYng=,tnXsNWniEzCdGxJmlR9CcpB27Zs=
2,17,82KAYoGT1Hjyb+zQAjSbygEUYng=,tnXsNWniEzCdGxJmlR9CcpB27Zs=
14,26,5H80WMv1zDuCGTG/TLm4D6SowUs=,Vxb24d0iH957AmkjnTRF7FwJOQo=
13,25,5H80WMv1zDuCGTG/TLm4D6SowUs=,Vxb24d0iH957AmkjnTRF7FwJOQo=
13,26,5H80WMv1zDuCGTG/TLm4D6SowUs=,Vxb24d0iH957AmkjnTRF7FwJOQo=
5,23,5H80WMv1zDuCGTG/TLm4D6SowUs=,Y9/L16ZM6tKJdL+DtLGuHXZ/v0c=
14,25,5H80WMv1zDuCGTG/TLm4D6SowUs=,Vxb24d0iH957AmkjnTRF7FwJOQo=
6,26,5H80WMv1zDuCGTG/TLm4D6SowUs=,jAkHfAg803WLqF1gYg+UaWE2NUE=
6,23,5H80WMv1zDuCGTG/TLm4D6SowUs=,Y9/L16ZM6tKJdL+DtLGuHXZ/v0c=
5,26,5H80WMv1zDuCGTG/TLm4D6SowUs=,jAkHfAg803WLqF1gYg+UaWE2NUE=
5,24,5H80WMv1zDuCGTG/TLm4D6SowUs=,jAkHfAg803WLqF1gYg+UaWE2NUE=
6,25,5H80WMv1zDuCGTG/TLm4D6SowUs=,jAkHfAg803WLqF1gYg+UaWE2NUE=
5,25,5H80WMv1zDuCGTG/TLm4D6SowUs=,jAkHfAg803WLqF1gYg+UaWE2NUE=
12,25,5H80WMv1zDuCGTG/TLm4D6SowUs=,Vxb24d0iH957AmkjnTRF7FwJOQo=
11,26,5H80WMv1zDuCGTG/TLm4D6SowUs=,NhjVXAFvvwJFGplbEKCOg1SBTdo=
12,26,5H80WMv1zDuCGTG/TLm4D6SowUs=,Vxb24d0iH957AmkjnTRF7FwJOQo=
10,26,5H80WMv1zDuCGTG/TLm4D6SowUs=,NhjVXAFvvwJFGplbEKCOg1SBTdo=
8,25,5H80WMv1zDuCGTG/TLm4D6SowUs=,NhjVXAFvvwJFGplbEKCOg1SBTdo=
6,24,5H80WMv1zDuCGTG/TLm4D6SowUs=,jAkHfAg803WLqF1gYg+UaWE2NUE=
7,26,5H80WMv1zDuCGTG/TLm4D6SowUs=,jAkHfAg803WLqF1gYg+UaWE2NUE=
9,25,5H80WMv1zDuCGTG/TLm4D6SowUs=,NhjVXAFvvwJFGplbEKCOg1SBTdo=
7,25,5H80WMv1zDuCGTG/TLm4D6SowUs=,jAkHfAg803WLqF1gYg+UaWE2NUE=
9,26,5H80WMv1zDuCGTG/TLm4D6SowUs=,NhjVXAFvvwJFGplbEKCOg1SBTdo=
8,26,5H80WMv1zDuCGTG/TLm4D6SowUs=,NhjVXAFvvwJFGplbEKCOg1SBTdo=
10,25,5H80WMv1zDuCGTG/TLm4D6SowUs=,NhjVXAFvvwJFGplbEKCOg1SBTdo=
11,25,5H80WMv1zDuCGTG/TLm4D6SowUs=,NhjVXAFvvwJFGplbEKCOg1SBTdo=
1,24,c3MUxhEFqgVpLvDEmDlv/pviQJo=,dHhoGK0dF6v4AcyfmKtBF1QYt8E=
3,23,c3MUxhEFqgVpLvDEmDlv/pviQJo=,if5nXuBMrxt/hyIE8edof7kCq0I=
4,26,c3MUxhEFqgVpLvDEmDlv/pviQJo=,jAkHfAg803WLqF1gYg+UaWE2NUE=
2,23,c3MUxhEFqgVpLvDEmDlv/pviQJo=,if5nXuBMrxt/hyIE8edof7kCq0I=
4,23,c3MUxhEFqgVpLvDEmDlv/pviQJo=,Y9/L16ZM6tKJdL+DtLGuHXZ/v0c=
1,23,c3MUxhEFqgVpLvDEmDlv/pviQJo=,if5nXuBMrxt/hyIE8edof7kCq0I=
2,26,c3MUxhEFqgVpLvDEmDlv/pviQJo=,dHhoGK0dF6v4AcyfmKtBF1QYt8E=
3,26,c3MUxhEFqgVpLvDEmDlv/pviQJo=,dHhoGK0dF6v4AcyfmKtBF1QYt8E=
2,24,c3MUxhEFqgVpLvDEmDlv/pviQJo=,dHhoGK0dF6v4AcyfmKtBF1QYt8E=
4,25,c3MUxhEFqgVpLvDEmDlv/pviQJo=,jAkHfAg803WLqF1gYg+UaWE2NUE=
1,26,c3MUxhEFqgVpLvDEmDlv/pviQJo=,dHhoGK0dF6v4AcyfmKtBF1QYt8E=
4,24,c3MUxhEFqgVpLvDEmDlv/pviQJo=,jAkHfAg803WLqF1gYg+UaWE2NUE=
3,25,c3MUxhEFqgVpLvDEmDlv/pviQJo=,dHhoGK0dF6v4AcyfmKtBF1QYt8E=
2,25,c3MUxhEFqgVpLvDEmDlv/pviQJo=,dHhoGK0dF6v4AcyfmKtBF1QYt8E=
3,24,c3MUxhEFqgVpLvDEmDlv/pviQJo=,dHhoGK0dF6v4AcyfmKtBF1QYt8E=
1,25,c3MUxhEFqgVpLvDEmDlv/pviQJo=,dHhoGK0dF6v4AcyfmKtBF1QYt8E=
9,29,S67vv5zlz+/Fefeb4N3Qk1jJs2I=,Mcd+k00xdUY0qFWnlqOTOPAlC28=
10,29,S67vv5zlz+/Fefeb4N3Qk1jJs2I=,Mcd+k00xdUY0qFWnlqOTOPAlC28=
9,30,S67vv5zlz+/Fefeb4N3Qk1jJs2I=,Mcd+k00xdUY0qFWnlqOTOPAlC28=
10,30,S67vv5zlz+/Fefeb4N3Qk1jJs2I=,Mcd+k00xdUY0qFWnlqOTOPAlC28=
9,27,S67vv5zlz+/Fefeb4N3Qk1jJs2I=,NhjVXAFvvwJFGplbEKCOg1SBTdo=
2,29,S67vv5zlz+/Fefeb4N3Qk1jJs2I=,V3HjBnFW7mOch65z6YOTRFNZPTs=
10,27,S67vv5zlz+/Fefeb4N3Qk1jJs2I=,NhjVXAFvvwJFGplbEKCOg1SBTdo=
2,28,S67vv5zlz+/Fefeb4N3Qk1jJs2I=,V3HjBnFW7mOch65z6YOTRFNZPTs=
9,28,S67vv5zlz+/Fefeb4N3Qk1jJs2I=,Mcd+k00xdUY0qFWnlqOTOPAlC28=
2,30,S67vv5zlz+/Fefeb4N3Qk1jJs2I=,V3HjBnFW7mOch65z6YOTRFNZPTs=
10,28,S67vv5zlz+/Fefeb4N3Qk1jJs2I=,Mcd+k00xdUY0qFWnlqOTOPAlC28=
1,27,S67vv5zlz+/Fefeb4N3Qk1jJs2I=,dHhoGK0dF6v4AcyfmKtBF1QYt8E=
2,27,S67vv5zlz+/Fefeb4N3Qk1jJs2I=,dHhoGK0dF6v4AcyfmKtBF1QYt8E=
1,29,S67vv5zlz+/Fefeb4N3Qk1jJs2I=,V3HjBnFW7mOch65z6YOTRFNZPTs=
12,27,S67vv5zlz+/Fefeb4N3Qk1jJs2I=,Vxb24d0iH957AmkjnTRF7FwJOQo=
1,28,S67vv5zlz+/Fefeb4N3Qk1jJs2I=,V3HjBnFW7mOch65z6YOTRFNZPTs=
1,30,S67vv5zlz+/Fefeb4N3Qk1jJs2I=,V3HjBnFW7mOch65z6YOTRFNZPTs=
12,29,S67vv5zlz+/Fefeb4N3Qk1jJs2I=,/MV4sPxRoSzqGhG5O1XQWeF4hwg=
4,27,2idIFE290SAt+xgpDJnO41/jAqs=,jAkHfAg803WLqF1gYg+UaWE2NUE=
13,29,2idIFE290SAt+xgpDJnO41/jAqs=,/MV4sPxRoSzqGhG5O1XQWeF4hwg=
9,31,2idIFE290SAt+xgpDJnO41/jAqs=,Mcd+k00xdUY0qFWnlqOTOPAlC28=
8,29,2idIFE290SAt+xgpDJnO41/jAqs=,Mcd+k00xdUY0qFWnlqOTOPAlC28=
14,29,2idIFE290SAt+xgpDJnO41/jAqs=,/MV4sPxRoSzqGhG5O1XQWeF4hwg=
10,31,2idIFE290SAt+xgpDJnO41/jAqs=,Mcd+k00xdUY0qFWnlqOTOPAlC28=
5,27,2idIFE290SAt+xgpDJnO41/jAqs=,jAkHfAg803WLqF1gYg+UaWE2NUE=
12,31,2idIFE290SAt+xgpDJnO41/jAqs=,/MV4sPxRoSzqGhG5O1XQWeF4hwg=
13,31,2idIFE290SAt+xgpDJnO41/jAqs=,/MV4sPxRoSzqGhG5O1XQWeF4hwg=
6,27,2idIFE290SAt+xgpDJnO41/jAqs=,jAkHfAg803WLqF1gYg+UaWE2NUE=
14,31,2idIFE290SAt+xgpDJnO41/jAqs=,/MV4sPxRoSzqGhG5O1XQWeF4hwg=
13,27,2idIFE290SAt+xgpDJnO41/jAqs=,Vxb24d0iH957AmkjnTRF7FwJOQo=
11,31,2idIFE290SAt+xgpDJnO41/jAqs=,Mcd+k00xdUY0qFWnlqOTOPAlC28=
5,31,2idIFE290SAt+xgpDJnO41/jAqs=,y4SPTCxMvNayJm4gF30Qinbyw9s=
3,29,2idIFE290SAt+xgpDJnO41/jAqs=,V3HjBnFW7mOch65z6YOTRFNZPTs=
11,29,2idIFE290SAt+xgpDJnO41/jAqs=,Mcd+k00xdUY0qFWnlqOTOPAlC28=
4,31,2idIFE290SAt+xgpDJnO41/jAqs=,y4SPTCxMvNayJm4gF30Qinbyw9s=
4,28,2idIFE290SAt+xgpDJnO41/jAqs=,y4SPTCxMvNayJm4gF30Qinbyw9s=
1,31,2idIFE290SAt+xgpDJnO41/jAqs=,V3HjBnFW7mOch65z6YOTRFNZPTs=
14,27,2idIFE290SAt+xgpDJnO41/jAqs=,Vxb24d0iH957AmkjnTRF7FwJOQo=
2,31,2idIFE290SAt+xgpDJnO41/jAqs=,V3HjBnFW7mOch65z6YOTRFNZPTs=
3,31,2idIFE290SAt+xgpDJnO41/jAqs=,V3HjBnFW7mOch65z6YOTRFNZPTs=
12,30,2idIFE290SAt+xgpDJnO41/jAqs=,/MV4sPxRoSzqGhG5O1XQWeF4hwg=
7,27,2idIFE290SAt+xgpDJnO41/jAqs=,jAkHfAg803WLqF1gYg+UaWE2NUE=
6,31,2idIFE290SAt+xgpDJnO41/jAqs=,y4SPTCxMvNayJm4gF30Qinbyw9s=
8,30,2idIFE290SAt+xgpDJnO41/jAqs=,Mcd+k00xdUY0qFWnlqOTOPAlC28=
0,29,2idIFE290SAt+xgpDJnO41/jAqs=,V3HjBnFW7mOch65z6YOTRFNZPTs=
13,30,2idIFE290SAt+xgpDJnO41/jAqs=,/MV4sPxRoSzqGhG5O1XQWeF4hwg=
14,30,2idIFE290SAt+xgpDJnO41/jAqs=,/MV4sPxRoSzqGhG5O1XQWeF4hwg=
0,30,2idIFE290SAt+xgpDJnO41/jAqs=,V3HjBnFW7mOch65z6YOTRFNZPTs=
5,28,2idIFE290SAt+xgpDJnO41/jAqs=,y4SPTCxMvNayJm4gF30Qinbyw9s=
8,27,2idIFE290SAt+xgpDJnO41/jAqs=,NhjVXAFvvwJFGplbEKCOg1SBTdo=
11,30,2idIFE290SAt+xgpDJnO41/jAqs=,Mcd+k00xdUY0qFWnlqOTOPAlC28=
12,28,2idIFE290SAt+xgpDJnO41/jAqs=,/MV4sPxRoSzqGhG5O1XQWeF4hwg=
3,28,2idIFE290SAt+xgpDJnO41/jAqs=,V3HjBnFW7mOch65z6YOTRFNZPTs=
3,30,2idIFE290SAt+xgpDJnO41/jAqs=,V3HjBnFW7mOch65z6YOTRFNZPTs=
13,28,2idIFE290SAt+xgpDJnO41/jAqs=,/MV4sPxRoSzqGhG5O1XQWeF4hwg=
7,31,2idIFE290SAt+xgpDJnO41/jAqs=,y4SPTCxMvNayJm4gF30Qinbyw9s=
8,31,2idIFE290SAt+xgpDJnO41/jAqs=,Mcd+k00xdUY0qFWnlqOTOPAlC28=
0,25,2idIFE290SAt+xgpDJnO41/jAqs=,dHhoGK0dF6v4AcyfmKtBF1QYt8E=
11,27,2idIFE290SAt+xgpDJnO41/jAqs=,NhjVXAFvvwJFGplbEKCOg1SBTdo=
0,21,2idIFE290SAt+xgpDJnO41/jAqs=,if5nXuBMrxt/hyIE8edof7kCq0I=
0,26,2idIFE290SAt+xgpDJnO41/jAqs=,dHhoGK0dF6v4AcyfmKtBF1QYt8E=
14,28,2idIFE290SAt+xgpDJnO41/jAqs=,/MV4sPxRoSzqGhG5O1XQWeF4hwg=
11,28,2idIFE290SAt+xgpDJnO41/jAqs=,Mcd+k00xdUY0qFWnlqOTOPAlC28=
0,23,2idIFE290SAt+xgpDJnO41/jAqs=,if5nXuBMrxt/hyIE8edof7kCq0I=
0,27,2idIFE290SAt+xgpDJnO41/jAqs=,dHhoGK0dF6v4AcyfmKtBF1QYt8E=
0,22,2idIFE290SAt+xgpDJnO41/jAqs=,if5nXuBMrxt/hyIE8edof7kCq0I=
6,28,2idIFE290SAt+xgpDJnO41/jAqs=,y4SPTCxMvNayJm4gF30Qinbyw9s=
0,28,2idIFE290SAt+xgpDJnO41/jAqs=,V3HjBnFW7mOch65z6YOTRFNZPTs=
0,24,2idIFE290SAt+xgpDJnO41/jAqs=,dHhoGK0dF6v4AcyfmKtBF1QYt8E=
7,28,2idIFE290SAt+xgpDJnO41/jAqs=,y4SPTCxMvNayJm4gF30Qinbyw9s=
7,30,2idIFE290SAt+xgpDJnO41/jAqs=,y4SPTCxMvNayJm4gF30Qinbyw9s=
4,29,2idIFE290SAt+xgpDJnO41/jAqs=,y4SPTCxMvNayJm4gF30Qinbyw9s=
5,29,2idIFE290SAt+xgpDJnO41/jAqs=,y4SPTCxMvNayJm4gF30Qinbyw9s=
6,30,2idIFE290SAt+xgpDJnO41/jAqs=,y4SPTCxMvNayJm4gF30Qinbyw9s=
5,30,2idIFE290SAt+xgpDJnO41/jAqs=,y4SPTCxMvNayJm4gF30Qinbyw9s=
6,29,2idIFE290SAt+xgpDJnO41/jAqs=,y4SPTCxMvNayJm4gF30Qinbyw9s=
0,17,2idIFE290SAt+xgpDJnO41/jAqs=,tnXsNWniEzCdGxJmlR9CcpB27Zs=
5,16,2idIFE290SAt+xgpDJnO41/jAqs=,PT1Zdeh1WL09DtkNdPbm5GxTKdQ=
6,16,2idIFE290SAt+xgpDJnO41/jAqs=,PT1Zdeh1WL09DtkNdPbm5GxTKdQ=
0,19,2idIFE290SAt+xgpDJnO41/jAqs=,tnXsNWniEzCdGxJmlR9CcpB27Zs=
4,16,2idIFE290SAt+xgpDJnO41/jAqs=,PT1Zdeh1WL09DtkNdPbm5GxTKdQ=
3,27,2idIFE290SAt+xgpDJnO41/jAqs=,dHhoGK0dF6v4AcyfmKtBF1QYt8E=
8,28,2idIFE290SAt+xgpDJnO41/jAqs=,Mcd+k00xdUY0qFWnlqOTOPAlC28=
0,20,2idIFE290SAt+xgpDJnO41/jAqs=,if5nXuBMrxt/hyIE8edof7kCq0I=
1,16,2idIFE290SAt+xgpDJnO41/jAqs=,tnXsNWniEzCdGxJmlR9CcpB27Zs=
3,16,2idIFE290SAt+xgpDJnO41/jAqs=,tnXsNWniEzCdGxJmlR9CcpB27Zs=
7,29,2idIFE290SAt+xgpDJnO41/jAqs=,y4SPTCxMvNayJm4gF30Qinbyw9s=
2,16,2idIFE290SAt+xgpDJnO41/jAqs=,tnXsNWniEzCdGxJmlR9CcpB27Zs=
0,18,2idIFE290SAt+xgpDJnO41/jAqs=,tnXsNWniEzCdGxJmlR9CcpB27Zs=
4,30,2idIFE290SAt+xgpDJnO41/jAqs=,y4SPTCxMvNayJm4gF30Qinbyw9s=
14,22,HK7hZ4VXS2Fpj/C3BWK4MMMX1zM=,ERGp7D6Ou7uppBJeJnYPMoIV8+M=
13,23,HK7hZ4VXS2Fpj/C3BWK4MMMX1zM=,ERGp7D6Ou7uppBJeJnYPMoIV8+M=
14,23,HK7hZ4VXS2Fpj/C3BWK4MMMX1zM=,ERGp7D6Ou7uppBJeJnYPMoIV8+M=
13,21,HK7hZ4VXS2Fpj/C3BWK4MMMX1zM=,ERGp7D6Ou7uppBJeJnYPMoIV8+M=
13,22,HK7hZ4VXS2Fpj/C3BWK4MMMX1zM=,ERGp7D6Ou7uppBJeJnYPMoIV8+M=
14,21,HK7hZ4VXS2Fpj/C3BWK4MMMX1zM=,ERGp7D6Ou7uppBJeJnYPMoIV8+M=
14,24,HK7hZ4VXS2Fpj/C3BWK4MMMX1zM=,Vxb24d0iH957AmkjnTRF7FwJOQo=
13,24,Bj2n/0lnPaWXefSylEf2TXWAjp4=,Vxb24d0iH957AmkjnTRF7FwJOQo=
8,17,Bj2n/0lnPaWXefSylEf2TXWAjp4=,xM0PNcIH3rZesBHhEXdnPkGkCII=
9,17,Bj2n/0lnPaWXefSylEf2TXWAjp4=,xM0PNcIH3rZesBHhEXdnPkGkCII=
7,23,Bj2n/0lnPaWXefSylEf2TXWAjp4=,Y9/L16ZM6tKJdL+DtLGuHXZ/v0c=
10,17,Bj2n/0lnPaWXefSylEf2TXWAjp4=,xM0PNcIH3rZesBHhEXdnPkGkCII=
8,21,Bj2n/0lnPaWXefSylEf2TXWAjp4=,xYwS8kaU3X4ml4EOlhkD+HnecfA=
11,17,Bj2n/0lnPaWXefSylEf2TXWAjp4=,xM0PNcIH3rZesBHhEXdnPkGkCII=
8,23,Bj2n/0lnPaWXefSylEf2TXWAjp4=,xYwS8kaU3X4ml4EOlhkD+HnecfA=
11,18,Bj2n/0lnPaWXefSylEf2TXWAjp4=,xM0PNcIH3rZesBHhEXdnPkGkCII=
9,21,Bj2n/0lnPaWXefSylEf2TXWAjp4=,xYwS8kaU3X4ml4EOlhkD+HnecfA=
8,18,Bj2n/0lnPaWXefSylEf2TXWAjp4=,xM0PNcIH3rZesBHhEXdnPkGkCII=
7,21,Bj2n/0lnPaWXefSylEf2TXWAjp4=,Y9/L16ZM6tKJdL+DtLGuHXZ/v0c=
12,17,Bj2n/0lnPaWXefSylEf2TXWAjp4=,Cxp5cPpzd3uO0rFOxDU1ko/GWjk=
12,23,Bj2n/0lnPaWXefSylEf2TXWAjp4=,ERGp7D6Ou7uppBJeJnYPMoIV8+M=
7,19,Bj2n/0lnPaWXefSylEf2TXWAjp4=,PT1Zdeh1WL09DtkNdPbm5GxTKdQ=
12,19,Bj2n/0lnPaWXefSylEf2TXWAjp4=,Cxp5cPpzd3uO0rFOxDU1ko/GWjk=
7,20,Bj2n/0lnPaWXefSylEf2TXWAjp4=,Y9/L16ZM6tKJdL+DtLGuHXZ/v0c=
9,23,Bj2n/0lnPaWXefSylEf2TXWAjp4=,xYwS8kaU3X4ml4EOlhkD+HnecfA=
9,18,Bj2n/0lnPaWXefSylEf2TXWAjp4=,xM0PNcIH3rZesBHhEXdnPkGkCII=
13,17,Bj2n/0lnPaWXefSylEf2TXWAjp4=,Cxp5cPpzd3uO0rFOxDU1ko/GWjk=
10,18,Bj2n/0lnPaWXefSylEf2TXWAjp4=,xM0PNcIH3rZesBHhEXdnPkGkCII=
7,16,Bj2n/0lnPaWXefSylEf2TXWAjp4=,PT1Zdeh1WL09DtkNdPbm5GxTKdQ=
13,19,Bj2n/0lnPaWXefSylEf2TXWAjp4=,Cxp5cPpzd3uO0rFOxDU1ko/GWjk=
7,17,Bj2n/0lnPaWXefSylEf2TXWAjp4=,PT1Zdeh1WL09DtkNdPbm5GxTKdQ=
8,16,Bj2n/0lnPaWXefSylEf2TXWAjp4=,xM0PNcIH3rZesBHhEXdnPkGkCII=
10,23,Bj2n/0lnPaWXefSylEf2TXWAjp4=,xYwS8kaU3X4ml4EOlhkD+HnecfA=
14,17,Bj2n/0lnPaWXefSylEf2TXWAjp4=,Cxp5cPpzd3uO0rFOxDU1ko/GWjk=
7,18,Bj2n/0lnPaWXefSylEf2TXWAjp4=,PT1Zdeh1WL09DtkNdPbm5GxTKdQ=
12,18,Bj2n/0lnPaWXefSylEf2TXWAjp4=,Cxp5cPpzd3uO0rFOxDU1ko/GWjk=
12,20,Bj2n/0lnPaWXefSylEf2TXWAjp4=,ERGp7D6Ou7uppBJeJnYPMoIV8+M=
9,16,Bj2n/0lnPaWXefSylEf2TXWAjp4=,xM0PNcIH3rZesBHhEXdnPkGkCII=
8,24,Bj2n/0lnPaWXefSylEf2TXWAjp4=,NhjVXAFvvwJFGplbEKCOg1SBTdo=
15,21,Bj2n/0lnPaWXefSylEf2TXWAjp4=,ERGp7D6Ou7uppBJeJnYPMoIV8+M=
9,24,Bj2n/0lnPaWXefSylEf2TXWAjp4=,NhjVXAFvvwJFGplbEKCOg1SBTdo=
13,20,Bj2n/0lnPaWXefSylEf2TXWAjp4=,ERGp7D6Ou7uppBJeJnYPMoIV8+M=
15,22,Bj2n/0lnPaWXefSylEf2TXWAjp4=,ERGp7D6Ou7uppBJeJnYPMoIV8+M=
10,16,Bj2n/0lnPaWXefSylEf2TXWAjp4=,xM0PNcIH3rZesBHhEXdnPkGkCII=
11,23,Bj2n/0lnPaWXefSylEf2TXWAjp4=,xYwS8kaU3X4ml4EOlhkD+HnecfA=
11,19,Bj2n/0lnPaWXefSylEf2TXWAjp4=,xM0PNcIH3rZesBHhEXdnPkGkCII=
14,20,Bj2n/0lnPaWXefSylEf2TXWAjp4=,ERGp7D6Ou7uppBJeJnYPMoIV8+M=
13,18,Bj2n/0lnPaWXefSylEf2TXWAjp4=,Cxp5cPpzd3uO0rFOxDU1ko/GWjk=
14,18,Bj2n/0lnPaWXefSylEf2TXWAjp4=,Cxp5cPpzd3uO0rFOxDU1ko/GWjk=
10,20,Bj2n/0lnPaWXefSylEf2TXWAjp4=,xYwS8kaU3X4ml4EOlhkD+HnecfA=
14,19,Bj2n/0lnPaWXefSylEf2TXWAjp4=,Cxp5cPpzd3uO0rFOxDU1ko/GWjk=
10,24,Bj2n/0lnPaWXefSylEf2TXWAjp4=,NhjVXAFvvwJFGplbEKCOg1SBTdo=
12,22,Bj2n/0lnPaWXefSylEf2TXWAjp4=,ERGp7D6Ou7uppBJeJnYPMoIV8+M=
11,22,Bj2n/0lnPaWXefSylEf2TXWAjp4=,xYwS8kaU3X4ml4EOlhkD+HnecfA=
11,20,Bj2n/0lnPaWXefSylEf2TXWAjp4=,xYwS8kaU3X4ml4EOlhkD+HnecfA=
7,24,Bj2n/0lnPaWXefSylEf2TXWAjp4=,jAkHfAg803WLqF1gYg+UaWE2NUE=
15,17,Bj2n/0lnPaWXefSylEf2TXWAjp4=,Cxp5cPpzd3uO0rFOxDU1ko/GWjk=
11,24,Bj2n/0lnPaWXefSylEf2TXWAjp4=,NhjVXAFvvwJFGplbEKCOg1SBTdo=
8,19,Bj2n/0lnPaWXefSylEf2TXWAjp4=,xM0PNcIH3rZesBHhEXdnPkGkCII=
15,20,Bj2n/0lnPaWXefSylEf2TXWAjp4=,ERGp7D6Ou7uppBJeJnYPMoIV8+M=
10,21,Bj2n/0lnPaWXefSylEf2TXWAjp4=,xYwS8kaU3X4ml4EOlhkD+HnecfA=
9,19,Bj2n/0lnPaWXefSylEf2TXWAjp4=,xM0PNcIH3rZesBHhEXdnPkGkCII=
10,19,Bj2n/0lnPaWXefSylEf2TXWAjp4=,xM0PNcIH3rZesBHhEXdnPkGkCII=
11,21,Bj2n/0lnPaWXefSylEf2TXWAjp4=,xYwS8kaU3X4ml4EOlhkD+HnecfA=
9,20,Bj2n/0lnPaWXefSylEf2TXWAjp4=,xYwS8kaU3X4ml4EOlhkD+HnecfA=
8,20,Bj2n/0lnPaWXefSylEf2TXWAjp4=,xYwS8kaU3X4ml4EOlhkD+HnecfA=
12,21,Bj2n/0lnPaWXefSylEf2TXWAjp4=,ERGp7D6Ou7uppBJeJnYPMoIV8+M=
8,22,Bj2n/0lnPaWXefSylEf2TXWAjp4=,xYwS8kaU3X4ml4EOlhkD+HnecfA=
12,24,Bj2n/0lnPaWXefSylEf2TXWAjp4=,Vxb24d0iH957AmkjnTRF7FwJOQo=
15,18,Bj2n/0lnPaWXefSylEf2TXWAjp4=,Cxp5cPpzd3uO0rFOxDU1ko/GWjk=
7,22,Bj2n/0lnPaWXefSylEf2TXWAjp4=,Y9/L16ZM6tKJdL+DtLGuHXZ/v0c=
10,22,Bj2n/0lnPaWXefSylEf2TXWAjp4=,xYwS8kaU3X4ml4EOlhkD+HnecfA=
15,19,Bj2n/0lnPaWXefSylEf2TXWAjp4=,Cxp5cPpzd3uO0rFOxDU1ko/GWjk=
9,22,Bj2n/0lnPaWXefSylEf2TXWAjp4=,xYwS8kaU3X4ml4EOlhkD+HnecfA=
12,16,Bj2n/0lnPaWXefSylEf2TXWAjp4=,Cxp5cPpzd3uO0rFOxDU1ko/GWjk=
13,16,Bj2n/0lnPaWXefSylEf2TXWAjp4=,Cxp5cPpzd3uO0rFOxDU1ko/GWjk=
14,16,Bj2n/0lnPaWXefSylEf2TXWAjp4=,Cxp5cPpzd3uO0rFOxDU1ko/GWjk=
15,25,Bj2n/0lnPaWXefSylEf2TXWAjp4=,Vxb24d0iH957AmkjnTRF7FwJOQo=
0,31,Bj2n/0lnPaWXefSylEf2TXWAjp4=,V3HjBnFW7mOch65z6YOTRFNZPTs=
11,16,Bj2n/0lnPaWXefSylEf2TXWAjp4=,xM0PNcIH3rZesBHhEXdnPkGkCII=
15,23,Bj2n/0lnPaWXefSylEf2TXWAjp4=,ERGp7D6Ou7uppBJeJnYPMoIV8+M=
0,16,Bj2n/0lnPaWXefSylEf2TXWAjp4=,tnXsNWniEzCdGxJmlR9CcpB27Zs=
15,16,Bj2n/0lnPaWXefSylEf2TXWAjp4=,Cxp5cPpzd3uO0rFOxDU1ko/GWjk=
15,29,Bj2n/0lnPaWXefSylEf2TXWAjp4=,/MV4sPxRoSzqGhG5O1XQWeF4hwg=
15,28,Bj2n/0lnPaWXefSylEf2TXWAjp4=,/MV4sPxRoSzqGhG5O1XQWeF4hwg=
15,27,Bj2n/0lnPaWXefSylEf2TXWAjp4=,Vxb24d0iH957AmkjnTRF7FwJOQo=
15,26,Bj2n/0lnPaWXefSylEf2TXWAjp4=,Vxb24d0iH957AmkjnTRF7FwJOQo=
15,24,Bj2n/0lnPaWXefSylEf2TXWAjp4=,Vxb24d0iH957AmkjnTRF7FwJOQo=
15,31,Bj2n/0lnPaWXefSylEf2TXWAjp4=,/MV4sPxRoSzqGhG5O1XQWeF4hwg=
15,30,Bj2n/0lnPaWXefSylEf2TXWAjp4=,/MV4sPxRoSzqGhG5O1XQWeF4hwg=
25,21,IZaD5OspXF7JYA4mcKGQfCrmY/4=,5V7piEkGBRyRHspOqk05aB4oHE4=
26,21,IZaD5OspXF7JYA4mcKGQfCrmY/4=,5V7piEkGBRyRHspOqk05aB4oHE4=
26,22,IZaD5OspXF7JYA4mcKGQfCrmY/4=,5V7piEkGBRyRHspOqk05aB4oHE4=
25,22,IZaD5OspXF7JYA4mcKGQfCrmY/4=,5V7piEkGBRyRHspOqk05aB4oHE4=
26,20,IZaD5OspXF7JYA4mcKGQfCrmY/4=,5V7piEkGBRyRHspOqk05aB4oHE4=
25,17,IZaD5OspXF7JYA4mcKGQfCrmY/4=,+dL0KykdEPUVWzkc0rYFObT3Lss=
25,20,IZaD5OspXF7JYA4mcKGQfCrmY/4=,5V7piEkGBRyRHspOqk05aB4oHE4=
26,17,IZaD5OspXF7JYA4mcKGQfCrmY/4=,+dL0KykdEPUVWzkc0rYFObT3Lss=
25,18,IZaD5OspXF7JYA4mcKGQfCrmY/4=,+dL0KykdEPUVWzkc0rYFObT3Lss=
27,21,IZaD5OspXF7JYA4mcKGQfCrmY/4=,5V7piEkGBRyRHspOqk05aB4oHE4=
26,19,IZaD5OspXF7JYA4mcKGQfCrmY/4=,+dL0KykdEPUVWzkc0rYFObT3Lss=
26,18,IZaD5OspXF7JYA4mcKGQfCrmY/4=,+dL0KykdEPUVWzkc0rYFObT3Lss=
25,19,IZaD5OspXF7JYA4mcKGQfCrmY/4=,+dL0KykdEPUVWzkc0rYFObT3Lss=
28,21,IZaD5OspXF7JYA4mcKGQfCrmY/4=,3S9bIgHuAJWqDdF9yJ4dlWx0G0s=
30,22,IZaD5OspXF7JYA4mcKGQfCrmY/4=,3S9bIgHuAJWqDdF9yJ4dlWx0G0s=
27,22,IZaD5OspXF7JYA4mcKGQfCrmY/4=,5V7piEkGBRyRHspOqk05aB4oHE4=
29,21,IZaD5OspXF7JYA4mcKGQfCrmY/4=,3S9bIgHuAJWqDdF9yJ4dlWx0G0s=
30,21,IZaD5OspXF7JYA4mcKGQfCrmY/4=,3S9bIgHuAJWqDdF9yJ4dlWx0G0s=
29,22,IZaD5OspXF7JYA4mcKGQfCrmY/4=,3S9bIgHuAJWqDdF9yJ4dlWx0G0s=
28,22,IZaD5OspXF7JYA4mcKGQfCrmY/4=,3S9bIgHuAJWqDdF9yJ4dlWx0G0s=
27,17,IZaD5OspXF7JYA4mcKGQfCrmY/4=,+dL0KykdEPUVWzkc0rYFObT3Lss=
27,20,IZaD5OspXF7JYA4mcKGQfCrmY/4=,5V7piEkGBRyRHspOqk05aB4oHE4=
28,19,sfCKnX5OuIgfHV3eccsFeCLkeJA=,Op+RnclRxQBgBCHJKR7TsA1B0f4=
30,18,sfCKnX5OuIgfHV3eccsFeCLkeJA=,Op+RnclRxQBgBCHJKR7TsA1B0f4=
27,19,sfCKnX5OuIgfHV3eccsFeCLkeJA=,+dL0KykdEPUVWzkc0rYFObT3Lss=
29,19,sfCKnX5OuIgfHV3eccsFeCLkeJA=,Op+RnclRxQBgBCHJKR7TsA1B0f4=
27,18,sfCKnX5OuIgfHV3eccsFeCLkeJA=,+dL0KykdEPUVWzkc0rYFObT3Lss=
28,20,sfCKnX5OuIgfHV3eccsFeCLkeJA=,3S9bIgHuAJWqDdF9yJ4dlWx0G0s=
29,18,sfCKnX5OuIgfHV3eccsFeCLkeJA=,Op+RnclRxQBgBCHJKR7TsA1B0f4=
29,20,sfCKnX5OuIgfHV3eccsFeCLkeJA=,3S9bIgHuAJWqDdF9yJ4dlWx0G0s=
30,20,sfCKnX5OuIgfHV3eccsFeCLkeJA=,3S9bIgHuAJWqDdF9yJ4dlWx0G0s=
30,19,sfCKnX5OuIgfHV3eccsFeCLkeJA=,Op+RnclRxQBgBCHJKR7TsA1B0f4=
28,17,sfCKnX5OuIgfHV3eccsFeCLkeJA=,Op+RnclRxQBgBCHJKR7TsA1B0f4=
29,17,sfCKnX5OuIgfHV3eccsFeCLkeJA=,Op+RnclRxQBgBCHJKR7TsA1B0f4=
30,17,sfCKnX5OuIgfHV3eccsFeCLkeJA=,Op+RnclRxQBgBCHJKR7TsA1B0f4=
28,18,sfCKnX5OuIgfHV3eccsFeCLkeJA=,Op+RnclRxQBgBCHJKR7TsA1B0f4=
24,21,VtfHaJkRDbQbyTdTiqlH4BUEcPY=,5V7piEkGBRyRHspOqk05aB4oHE4=
21,22,VtfHaJkRDbQbyTdTiqlH4BUEcPY=,IYsxb40nvF9HN8+uU8f6uoNaWok=
24,22,VtfHaJkRDbQbyTdTiqlH4BUEcPY=,5V7piEkGBRyRHspOqk05aB4oHE4=
21,21,VtfHaJkRDbQbyTdTiqlH4BUEcPY=,IYsxb40nvF9HN8+uU8f6uoNaWok=
22,21,VtfHaJkRDbQbyTdTiqlH4BUEcPY=,IYsxb40nvF9HN8+uU8f6uoNaWok=
22,22,VtfHaJkRDbQbyTdTiqlH4BUEcPY=,IYsxb40nvF9HN8+uU8f6uoNaWok=
23,22,VtfHaJkRDbQbyTdTiqlH4BUEcPY=,IYsxb40nvF9HN8+uU8f6uoNaWok=
23,21,VtfHaJkRDbQbyTdTiqlH4BUEcPY=,IYsxb40nvF9HN8+uU8f6uoNaWok=
21,23,VtfHaJkRDbQbyTdTiqlH4BUEcPY=,IYsxb40nvF9HN8+uU8f6uoNaWok=
22,23,VtfHaJkRDbQbyTdTiqlH4BUEcPY=,IYsxb40nvF9HN8+uU8f6uoNaWok=
21,24,VtfHaJkRDbQbyTdTiqlH4BUEcPY=,pANPbVut6FkIrPmJR9NOPap7iBQ=
18,26,VtfHaJkRDbQbyTdTiqlH4BUEcPY=,isr3Yia6BXYQ/N/MlsK/pPk4l98=
22,24,VtfHaJkRDbQbyTdTiqlH4BUEcPY=,pANPbVut6FkIrPmJR9NOPap7iBQ=
19,26,VtfHaJkRDbQbyTdTiqlH4BUEcPY=,isr3Yia6BXYQ/N/MlsK/pPk4l98=
17,25,VtfHaJkRDbQbyTdTiqlH4BUEcPY=,isr3Yia6BXYQ/N/MlsK/pPk4l98=
21,25,VtfHaJkRDbQbyTdTiqlH4BUEcPY=,pANPbVut6FkIrPmJR9NOPap7iBQ=
18,25,VtfHaJkRDbQbyTdTiqlH4BUEcPY=,isr3Yia6BXYQ/N/MlsK/pPk4l98=
22,25,VtfHaJkRDbQbyTdTiqlH4BUEcPY=,pANPbVut6FkIrPmJR9NOPap7iBQ=
21,26,VtfHaJkRDbQbyTdTiqlH4BUEcPY=,pANPbVut6FkIrPmJR9NOPap7iBQ=
22,26,VtfHaJkRDbQbyTdTiqlH4BUEcPY=,pANPbVut6FkIrPmJR9NOPap7iBQ=
20,25,VtfHaJkRDbQbyTdTiqlH4BUEcPY=,pANPbVut6FkIrPmJR9NOPap7iBQ=
20,26,VtfHaJkRDbQbyTdTiqlH4BUEcPY=,pANPbVut6FkIrPmJR9NOPap7iBQ=
17,26,VtfHaJkRDbQbyTdTiqlH4BUEcPY=,isr3Yia6BXYQ/N/MlsK/pPk4l98=
19,25,VtfHaJkRDbQbyTdTiqlH4BUEcPY=,isr3Yia6BXYQ/N/MlsK/pPk4l98=
24,17,VtfHaJkRDbQbyTdTiqlH4BUEcPY=,+dL0KykdEPUVWzkc0rYFObT3Lss=
24,18,VtfHaJkRDbQbyTdTiqlH4BUEcPY=,+dL0KykdEPUVWzkc0rYFObT3Lss=
21,19,VtfHaJkRDbQbyTdTiqlH4BUEcPY=,7Ff+PBAPwaTEgAcJ4Z7CIEDmFsk=
22,19,VtfHaJkRDbQbyTdTiqlH4BUEcPY=,7Ff+PBAPwaTEgAcJ4Z7CIEDmFsk=
23,19,VtfHaJkRDbQbyTdTiqlH4BUEcPY=,7Ff+PBAPwaTEgAcJ4Z7CIEDmFsk=
24,19,VtfHaJkRDbQbyTdTiqlH4BUEcPY=,+dL0KykdEPUVWzkc0rYFObT3Lss=
22,20,VtfHaJkRDbQbyTdTiqlH4BUEcPY=,IYsxb40nvF9HN8+uU8f6uoNaWok=
21,17,VtfHaJkRDbQbyTdTiqlH4BUEcPY=,7Ff+PBAPwaTEgAcJ4Z7CIEDmFsk=
22,17,VtfHaJkRDbQbyTdTiqlH4BUEcPY=,7Ff+PBAPwaTEgAcJ4Z7CIEDmFsk=
23,17,VtfHaJkRDbQbyTdTiqlH4BUEcPY=,7Ff+PBAPwaTEgAcJ4Z7CIEDmFsk=
21,18,VtfHaJkRDbQbyTdTiqlH4BUEcPY=,7Ff+PBAPwaTEgAcJ4Z7CIEDmFsk=
21,20,VtfHaJkRDbQbyTdTiqlH4BUEcPY=,IYsxb40nvF9HN8+uU8f6uoNaWok=
23,20,VtfHaJkRDbQbyTdTiqlH4BUEcPY=,IYsxb40nvF9HN8+uU8f6uoNaWok=
22,18,VtfHaJkRDbQbyTdTiqlH4BUEcPY=,7Ff+PBAPwaTEgAcJ4Z7CIEDmFsk=
24,20,VtfHaJkRDbQbyTdTiqlH4BUEcPY=,5V7piEkGBRyRHspOqk05aB4oHE4=
23,18,VtfHaJkRDbQbyTdTiqlH4BUEcPY=,7Ff+PBAPwaTEgAcJ4Z7CIEDmFsk=
16,25,++hn1yEEKNPCA+UxwaBSy6Vn8dk=,isr3Yia6BXYQ/N/MlsK/pPk4l98=
16,26,++hn1yEEKNPCA+UxwaBSy6Vn8dk=,isr3Yia6BXYQ/N/MlsK/pPk4l98=
20,22,NdlbiPqjdQ+3RXyjoXTtG4bUF/Y=,IYsxb40nvF9HN8+uU8f6uoNaWok=
19,23,NdlbiPqjdQ+3RXyjoXTtG4bUF/Y=,N1C5lbGkeWKWLoD1PZRzaiLB1/w=
20,23,NdlbiPqjdQ+3RXyjoXTtG4bUF/Y=,IYsxb40nvF9HN8+uU8f6uoNaWok=
16,24,NdlbiPqjdQ+3RXyjoXTtG4bUF/Y=,isr3Yia6BXYQ/N/MlsK/pPk4l98=
18,23,NdlbiPqjdQ+3RXyjoXTtG4bUF/Y=,N1C5lbGkeWKWLoD1PZRzaiLB1/w=
17,24,NdlbiPqjdQ+3RXyjoXTtG4bUF/Y=,isr3Yia6BXYQ/N/MlsK/pPk4l98=
17,23,NdlbiPqjdQ+3RXyjoXTtG4bUF/Y=,N1C5lbGkeWKWLoD1PZRzaiLB1/w=
16,23,NdlbiPqjdQ+3RXyjoXTtG4bUF/Y=,N1C5lbGkeWKWLoD1PZRzaiLB1/w=
18,24,NdlbiPqjdQ+3RXyjoXTtG4bUF/Y=,isr3Yia6BXYQ/N/MlsK/pPk4l98=
19,22,NdlbiPqjdQ+3RXyjoXTtG4bUF/Y=,N1C5lbGkeWKWLoD1PZRzaiLB1/w=
18,22,NdlbiPqjdQ+3RXyjoXTtG4bUF/Y=,N1C5lbGkeWKWLoD1PZRzaiLB1/w=
16,21,NdlbiPqjdQ+3RXyjoXTtG4bUF/Y=,N1C5lbGkeWKWLoD1PZRzaiLB1/w=
20,24,NdlbiPqjdQ+3RXyjoXTtG4bUF/Y=,pANPbVut6FkIrPmJR9NOPap7iBQ=
17,22,NdlbiPqjdQ+3RXyjoXTtG4bUF/Y=,N1C5lbGkeWKWLoD1PZRzaiLB1/w=
17,21,NdlbiPqjdQ+3RXyjoXTtG4bUF/Y=,N1C5lbGkeWKWLoD1PZRzaiLB1/w=
19,24,NdlbiPqjdQ+3RXyjoXTtG4bUF/Y=,isr3Yia6BXYQ/N/MlsK/pPk4l98=
20,21,NdlbiPqjdQ+3RXyjoXTtG4bUF/Y=,IYsxb40nvF9HN8+uU8f6uoNaWok=
16,22,NdlbiPqjdQ+3RXyjoXTtG4bUF/Y=,N1C5lbGkeWKWLoD1PZRzaiLB1/w=
19,21,NdlbiPqjdQ+3RXyjoXTtG4bUF/Y=,N1C5lbGkeWKWLoD1PZRzaiLB1/w=
18,21,NdlbiPqjdQ+3RXyjoXTtG4bUF/Y=,N1C5lbGkeWKWLoD1PZRzaiLB1/w=
16,17,p3bj/JMKkWTqMGNUL7D3M4JcnIU=,4CwSYYBCjfgCnsp1HGD5bZu+VuM=
19,19,p3bj/JMKkWTqMGNUL7D3M4JcnIU=,4CwSYYBCjfgCnsp1HGD5bZu+VuM=
18,16,p3bj/JMKkWTqMGNUL7D3M4JcnIU=,4CwSYYBCjfgCnsp1HGD5bZu+VuM=
18,19,p3bj/JMKkWTqMGNUL7D3M4JcnIU=,4CwSYYBCjfgCnsp1HGD5bZu+VuM=
19,18,p3bj/JMKkWTqMGNUL7D3M4JcnIU=,4CwSYYBCjfgCnsp1HGD5bZu+VuM=
17,18,p3bj/JMKkWTqMGNUL7D3M4JcnIU=,4CwSYYBCjfgCnsp1HGD5bZu+VuM=
16,20,p3bj/JMKkWTqMGNUL7D3M4JcnIU=,N1C5lbGkeWKWLoD1PZRzaiLB1/w=
17,20,p3bj/JMKkWTqMGNUL7D3M4JcnIU=,N1C5lbGkeWKWLoD1PZRzaiLB1/w=
17,16,p3bj/JMKkWTqMGNUL7D3M4JcnIU=,4CwSYYBCjfgCnsp1HGD5bZu+VuM=
20,18,p3bj/JMKkWTqMGNUL7D3M4JcnIU=,7Ff+PBAPwaTEgAcJ4Z7CIEDmFsk=
20,20,p3bj/JMKkWTqMGNUL7D3M4JcnIU=,IYsxb40nvF9HN8+uU8f6uoNaWok=
20,17,p3bj/JMKkWTqMGNUL7D3M4JcnIU=,7Ff+PBAPwaTEgAcJ4Z7CIEDmFsk=
16,18,p3bj/JMKkWTqMGNUL7D3M4JcnIU=,4CwSYYBCjfgCnsp1HGD5bZu+VuM=
18,18,p3bj/JMKkWTqMGNUL7D3M4JcnIU=,4CwSYYBCjfgCnsp1HGD5bZu+VuM=
16,19,p3bj/JMKkWTqMGNUL7D3M4JcnIU=,4CwSYYBCjfgCnsp1HGD5bZu+VuM=
17,19,p3bj/JMKkWTqMGNUL7D3M4JcnIU=,4CwSYYBCjfgCnsp1HGD5bZu+VuM=
17,17,p3bj/JMKkWTqMGNUL7D3M4JcnIU=,4CwSYYBCjfgCnsp1HGD5bZu+VuM=
20,19,p3bj/JMKkWTqMGNUL7D3M4JcnIU=,7Ff+PBAPwaTEgAcJ4Z7CIEDmFsk=
19,20,p3bj/JMKkWTqMGNUL7D3M4JcnIU=,N1C5lbGkeWKWLoD1PZRzaiLB1/w=
19,17,p3bj/JMKkWTqMGNUL7D3M4JcnIU=,4CwSYYBCjfgCnsp1HGD5bZu+VuM=
18,17,p3bj/JMKkWTqMGNUL7D3M4JcnIU=,4CwSYYBCjfgCnsp1HGD5bZu+VuM=
18,20,p3bj/JMKkWTqMGNUL7D3M4JcnIU=,N1C5lbGkeWKWLoD1PZRzaiLB1/w=
21,27,p3bj/JMKkWTqMGNUL7D3M4JcnIU=,pANPbVut6FkIrPmJR9NOPap7iBQ=
22,30,p3bj/JMKkWTqMGNUL7D3M4JcnIU=,kSOcJjMGVV8wXtyFhb0b8NltnOU=
21,30,p3bj/JMKkWTqMGNUL7D3M4JcnIU=,kSOcJjMGVV8wXtyFhb0b8NltnOU=
22,27,p3bj/JMKkWTqMGNUL7D3M4JcnIU=,pANPbVut6FkIrPmJR9NOPap7iBQ=
20,27,p3bj/JMKkWTqMGNUL7D3M4JcnIU=,pANPbVut6FkIrPmJR9NOPap7iBQ=
18,27,p3bj/JMKkWTqMGNUL7D3M4JcnIU=,isr3Yia6BXYQ/N/MlsK/pPk4l98=
20,28,p3bj/JMKkWTqMGNUL7D3M4JcnIU=,kSOcJjMGVV8wXtyFhb0b8NltnOU=
21,28,p3bj/JMKkWTqMGNUL7D3M4JcnIU=,kSOcJjMGVV8wXtyFhb0b8NltnOU=
22,29,p3bj/JMKkWTqMGNUL7D3M4JcnIU=,kSOcJjMGVV8wXtyFhb0b8NltnOU=
18,29,p3bj/JMKkWTqMGNUL7D3M4JcnIU=,74FAFT5dbi2Gpk2YnauJlu211h4=
22,28,p3bj/JMKkWTqMGNUL7D3M4JcnIU=,kSOcJjMGVV8wXtyFhb0b8NltnOU=
21,29,p3bj/JMKkWTqMGNUL7D3M4JcnIU=,kSOcJjMGVV8wXtyFhb0b8NltnOU=
19,29,p3bj/JMKkWTqMGNUL7D3M4JcnIU=,74FAFT5dbi2Gpk2YnauJlu211h4=
19,30,p3bj/JMKkWTqMGNUL7D3M4JcnIU=,74FAFT5dbi2Gpk2YnauJlu211h4=
17,29,p3bj/JMKkWTqMGNUL7D3M4JcnIU=,74FAFT5dbi2Gpk2YnauJlu211h4=
18,28,p3bj/JMKkWTqMGNUL7D3M4JcnIU=,74FAFT5dbi2Gpk2YnauJlu211h4=
20,30,p3bj/JMKkWTqMGNUL7D3M4JcnIU=,kSOcJjMGVV8wXtyFhb0b8NltnOU=
17,28,p3bj/JMKkWTqMGNUL7D3M4JcnIU=,74FAFT5dbi2Gpk2YnauJlu211h4=
17,27,p3bj/JMKkWTqMGNUL7D3M4JcnIU=,isr3Yia6BXYQ/N/MlsK/pPk4l98=
19,27,SJwsBQBop5Dht7na4/QLJSVGPFU=,isr3Yia6BXYQ/N/MlsK/pPk4l98=
20,29,SJwsBQBop5Dht7na4/QLJSVGPFU=,kSOcJjMGVV8wXtyFhb0b8NltnOU=
19,28,SJwsBQBop5Dht7na4/QLJSVGPFU=,74FAFT5dbi2Gpk2YnauJlu211h4=
18,30,SJwsBQBop5Dht7na4/QLJSVGPFU=,74FAFT5dbi2Gpk2YnauJlu211h4=
17,30,SJwsBQBop5Dht7na4/QLJSVGPFU=,74FAFT5dbi2Gpk2YnauJlu211h4=
24,29,k9AJwsvqoFaglgC4OxK07H1IqQA=,6wZVMHleN9imLnFibojP4JeJwSk=
23,30,k9AJwsvqoFaglgC4OxK07H1IqQA=,kSOcJjMGVV8wXtyFhb0b8NltnOU=
26,30,k9AJwsvqoFaglgC4OxK07H1IqQA=,6wZVMHleN9imLnFibojP4JeJwSk=
25,29,k9AJwsvqoFaglgC4OxK07H1IqQA=,6wZVMHleN9imLnFibojP4JeJwSk=
25,30,k9AJwsvqoFaglgC4OxK07H1IqQA=,6wZVMHleN9imLnFibojP4JeJwSk=
26,29,k9AJwsvqoFaglgC4OxK07H1IqQA=,6wZVMHleN9imLnFibojP4JeJwSk=
23,29,k9AJwsvqoFaglgC4OxK07H1IqQA=,kSOcJjMGVV8wXtyFhb0b8NltnOU=
24,30,k9AJwsvqoFaglgC4OxK07H1IqQA=,6wZVMHleN9imLnFibojP4JeJwSk=
31,22,k9AJwsvqoFaglgC4OxK07H1IqQA=,3S9bIgHuAJWqDdF9yJ4dlWx0G0s=
31,21,k9AJwsvqoFaglgC4OxK07H1IqQA=,3S9bIgHuAJWqDdF9yJ4dlWx0G0s=
31,20,k9AJwsvqoFaglgC4OxK07H1IqQA=,3S9bIgHuAJWqDdF9yJ4dlWx0G0s=
31,17,k9AJwsvqoFaglgC4OxK07H1IqQA=,Op+RnclRxQBgBCHJKR7TsA1B0f4=
31,18,k9AJwsvqoFaglgC4OxK07H1IqQA=,Op+RnclRxQBgBCHJKR7TsA1B0f4=
31,19,k9AJwsvqoFaglgC4OxK07H1IqQA=,Op+RnclRxQBgBCHJKR7TsA1B0f4=
26,31,k9AJwsvqoFaglgC4OxK07H1IqQA=,6wZVMHleN9imLnFibojP4JeJwSk=
25,31,k9AJwsvqoFaglgC4OxK07H1IqQA=,6wZVMHleN9imLnFibojP4JeJwSk=
24,31,k9AJwsvqoFaglgC4OxK07H1IqQA=,6wZVMHleN9imLnFibojP4JeJwSk=
24,23,k9AJwsvqoFaglgC4OxK07H1IqQA=,5V7piEkGBRyRHspOqk05aB4oHE4=
23,31,k9AJwsvqoFaglgC4OxK07H1IqQA=,kSOcJjMGVV8wXtyFhb0b8NltnOU=
22,31,k9AJwsvqoFaglgC4OxK07H1IqQA=,kSOcJjMGVV8wXtyFhb0b8NltnOU=
26,28,k9AJwsvqoFaglgC4OxK07H1IqQA=,6wZVMHleN9imLnFibojP4JeJwSk=
21,31,k9AJwsvqoFaglgC4OxK07H1IqQA=,kSOcJjMGVV8wXtyFhb0b8NltnOU=
25,23,k9AJwsvqoFaglgC4OxK07H1IqQA=,5V7piEkGBRyRHspOqk05aB4oHE4=
23,27,k9AJwsvqoFaglgC4OxK07H1IqQA=,pANPbVut6FkIrPmJR9NOPap7iBQ=
25,28,k9AJwsvqoFaglgC4OxK07H1IqQA=,6wZVMHleN9imLnFibojP4JeJwSk=
24,28,k9AJwsvqoFaglgC4OxK07H1IqQA=,6wZVMHleN9imLnFibojP4JeJwSk=
23,26,k9AJwsvqoFaglgC4OxK07H1IqQA=,pANPbVut6FkIrPmJR9NOPap7iBQ=
24,24,k9AJwsvqoFaglgC4OxK07H1IqQA=,uRBDA70dQKHO5rEz/VPmNapt/OQ=
26,27,k9AJwsvqoFaglgC4OxK07H1IqQA=,uRBDA70dQKHO5rEz/VPmNapt/OQ=
25,27,k9AJwsvqoFaglgC4OxK07H1IqQA=,uRBDA70dQKHO5rEz/VPmNapt/OQ=
23,23,k9AJwsvqoFaglgC4OxK07H1IqQA=,IYsxb40nvF9HN8+uU8f6uoNaWok=
24,27,8zSFUoAM9sTYbRPkxrJCYzw86FE=,uRBDA70dQKHO5rEz/VPmNapt/OQ=
20,31,8zSFUoAM9sTYbRPkxrJCYzw86FE=,kSOcJjMGVV8wXtyFhb0b8NltnOU=
25,24,8zSFUoAM9sTYbRPkxrJCYzw86FE=,uRBDA70dQKHO5rEz/VPmNapt/OQ=
26,26,8zSFUoAM9sTYbRPkxrJCYzw86FE=,uRBDA70dQKHO5rEz/VPmNapt/OQ=
17,31,8zSFUoAM9sTYbRPkxrJCYzw86FE=,74FAFT5dbi2Gpk2YnauJlu211h4=
18,31,8zSFUoAM9sTYbRPkxrJCYzw86FE=,74FAFT5dbi2Gpk2YnauJlu211h4=
19,31,8zSFUoAM9sTYbRPkxrJCYzw86FE=,74FAFT5dbi2Gpk2YnauJlu211h4=
25,26,8zSFUoAM9sTYbRPkxrJCYzw86FE=,uRBDA70dQKHO5rEz/VPmNapt/OQ=
26,24,8zSFUoAM9sTYbRPkxrJCYzw86FE=,uRBDA70dQKHO5rEz/VPmNapt/OQ=
24,25,8zSFUoAM9sTYbRPkxrJCYzw86FE=,uRBDA70dQKHO5rEz/VPmNapt/OQ=
24,26,8zSFUoAM9sTYbRPkxrJCYzw86FE=,uRBDA70dQKHO5rEz/VPmNapt/OQ=
23,25,8zSFUoAM9sTYbRPkxrJCYzw86FE=,pANPbVut6FkIrPmJR9NOPap7iBQ=
23,28,8zSFUoAM9sTYbRPkxrJCYzw86FE=,kSOcJjMGVV8wXtyFhb0b8NltnOU=
26,25,8zSFUoAM9sTYbRPkxrJCYzw86FE=,uRBDA70dQKHO5rEz/VPmNapt/OQ=
23,24,8zSFUoAM9sTYbRPkxrJCYzw86FE=,pANPbVut6FkIrPmJR9NOPap7iBQ=
26,23,8zSFUoAM9sTYbRPkxrJCYzw86FE=,5V7piEkGBRyRHspOqk05aB4oHE4=
25,25,8zSFUoAM9sTYbRPkxrJCYzw86FE=,uRBDA70dQKHO5rEz/VPmNapt/OQ=
16,31,8zSFUoAM9sTYbRPkxrJCYzw86FE=,74FAFT5dbi2Gpk2YnauJlu211h4=
16,29,8zSFUoAM9sTYbRPkxrJCYzw86FE=,74FAFT5dbi2Gpk2YnauJlu211h4=
16,27,8zSFUoAM9sTYbRPkxrJCYzw86FE=,isr3Yia6BXYQ/N/MlsK/pPk4l98=
16,30,8zSFUoAM9sTYbRPkxrJCYzw86FE=,74FAFT5dbi2Gpk2YnauJlu211h4=
16,28,8zSFUoAM9sTYbRPkxrJCYzw86FE=,74FAFT5dbi2Gpk2YnauJlu211h4=
26,16,8zSFUoAM9sTYbRPkxrJCYzw86FE=,+dL0KykdEPUVWzkc0rYFObT3Lss=
25,16,8zSFUoAM9sTYbRPkxrJCYzw86FE=,+dL0KykdEPUVWzkc0rYFObT3Lss=
28,23,8zSFUoAM9sTYbRPkxrJCYzw86FE=,3S9bIgHuAJWqDdF9yJ4dlWx0G0s=
31,24,8zSFUoAM9sTYbRPkxrJCYzw86FE=,dnVybxl/i3sDhUqPeutDMpAhy9M=
28,16,8zSFUoAM9sTYbRPkxrJCYzw86FE=,Op+RnclRxQBgBCHJKR7TsA1B0f4=
29,16,8zSFUoAM9sTYbRPkxrJCYzw86FE=,Op+RnclRxQBgBCHJKR7TsA1B0f4=
30,24,8zSFUoAM9sTYbRPkxrJCYzw86FE=,dnVybxl/i3sDhUqPeutDMpAhy9M=
30,16,8zSFUoAM9sTYbRPkxrJCYzw86FE=,Op+RnclRxQBgBCHJKR7TsA1B0f4=
27,16,8zSFUoAM9sTYbRPkxrJCYzw86FE=,+dL0KykdEPUVWzkc0rYFObT3Lss=
20,16,8zSFUoAM9sTYbRPkxrJCYzw86FE=,7Ff+PBAPwaTEgAcJ4Z7CIEDmFsk=
29,23,8zSFUoAM9sTYbRPkxrJCYzw86FE=,3S9bIgHuAJWqDdF9yJ4dlWx0G0s=
31,16,8zSFUoAM9sTYbRPkxrJCYzw86FE=,Op+RnclRxQBgBCHJKR7TsA1B0f4=
28,25,8zSFUoAM9sTYbRPkxrJCYzw86FE=,dnVybxl/i3sDhUqPeutDMpAhy9M=
21,16,8zSFUoAM9sTYbRPkxrJCYzw86FE=,7Ff+PBAPwaTEgAcJ4Z7CIEDmFsk=
16,16,8zSFUoAM9sTYbRPkxrJCYzw86FE=,4CwSYYBCjfgCnsp1HGD5bZu+VuM=
29,24,8zSFUoAM9sTYbRPkxrJCYzw86FE=,dnVybxl/i3sDhUqPeutDMpAhy9M=
19,16,8zSFUoAM9sTYbRPkxrJCYzw86FE=,4CwSYYBCjfgCnsp1HGD5bZu+VuM=
28,24,8zSFUoAM9sTYbRPkxrJCYzw86FE=,dnVybxl/i3sDhUqPeutDMpAhy9M=
29,25,8zSFUoAM9sTYbRPkxrJCYzw86FE=,dnVybxl/i3sDhUqPeutDMpAhy9M=
30,23,8zSFUoAM9sTYbRPkxrJCYzw86FE=,3S9bIgHuAJWqDdF9yJ4dlWx0G0s=
24,16,8zSFUoAM9sTYbRPkxrJCYzw86FE=,+dL0KykdEPUVWzkc0rYFObT3Lss=
22,16,8zSFUoAM9sTYbRPkxrJCYzw86FE=,7Ff+PBAPwaTEgAcJ4Z7CIEDmFsk=
28,27,8zSFUoAM9sTYbRPkxrJCYzw86FE=,dnVybxl/i3sDhUqPeutDMpAhy9M=
27,30,8zSFUoAM9sTYbRPkxrJCYzw86FE=,6wZVMHleN9imLnFibojP4JeJwSk=
31,23,8zSFUoAM9sTYbRPkxrJCYzw86FE=,3S9bIgHuAJWqDdF9yJ4dlWx0G0s=
28,29,8zSFUoAM9sTYbRPkxrJCYzw86FE=,6a4oZFh0LCNTuXQ2JgKpVgvmkjo=
29,29,8zSFUoAM9sTYbRPkxrJCYzw86FE=,6a4oZFh0LCNTuXQ2JgKpVgvmkjo=
30,29,8zSFUoAM9sTYbRPkxrJCYzw86FE=,6a4oZFh0LCNTuXQ2JgKpVgvmkjo=
29,27,8zSFUoAM9sTYbRPkxrJCYzw86FE=,dnVybxl/i3sDhUqPeutDMpAhy9M=
31,29,8zSFUoAM9sTYbRPkxrJCYzw86FE=,6a4oZFh0LCNTuXQ2JgKpVgvmkjo=
30,27,8zSFUoAM9sTYbRPkxrJCYzw86FE=,dnVybxl/i3sDhUqPeutDMpAhy9M=
28,30,8zSFUoAM9sTYbRPkxrJCYzw86FE=,6a4oZFh0LCNTuXQ2JgKpVgvmkjo=
23,16,8zSFUoAM9sTYbRPkxrJCYzw86FE=,7Ff+PBAPwaTEgAcJ4Z7CIEDmFsk=
31,27,8zSFUoAM9sTYbRPkxrJCYzw86FE=,dnVybxl/i3sDhUqPeutDMpAhy9M=
29,30,8zSFUoAM9sTYbRPkxrJCYzw86FE=,6a4oZFh0LCNTuXQ2JgKpVgvmkjo=
30,30,8zSFUoAM9sTYbRPkxrJCYzw86FE=,6a4oZFh0LCNTuXQ2JgKpVgvmkjo=
31,30,8zSFUoAM9sTYbRPkxrJCYzw86FE=,6a4oZFh0LCNTuXQ2JgKpVgvmkjo=
27,31,8zSFUoAM9sTYbRPkxrJCYzw86FE=,6wZVMHleN9imLnFibojP4JeJwSk=
28,31,8zSFUoAM9sTYbRPkxrJCYzw86FE=,6a4oZFh0LCNTuXQ2JgKpVgvmkjo=
29,31,8zSFUoAM9sTYbRPkxrJCYzw86FE=,6a4oZFh0LCNTuXQ2JgKpVgvmkjo=
30,31,8zSFUoAM9sTYbRPkxrJCYzw86FE=,6a4oZFh0LCNTuXQ2JgKpVgvmkjo=
31,31,8zSFUoAM9sTYbRPkxrJCYzw86FE=,6a4oZFh0LCNTuXQ2JgKpVgvmkjo=
27,29,8zSFUoAM9sTYbRPkxrJCYzw86FE=,6wZVMHleN9imLnFibojP4JeJwSk=
27,27,8zSFUoAM9sTYbRPkxrJCYzw86FE=,uRBDA70dQKHO5rEz/VPmNapt/OQ=
28,28,8zSFUoAM9sTYbRPkxrJCYzw86FE=,6a4oZFh0LCNTuXQ2JgKpVgvmkjo=
29,28,8zSFUoAM9sTYbRPkxrJCYzw86FE=,6a4oZFh0LCNTuXQ2JgKpVgvmkjo=
31,28,8zSFUoAM9sTYbRPkxrJCYzw86FE=,6a4oZFh0LCNTuXQ2JgKpVgvmkjo=
30,25,8zSFUoAM9sTYbRPkxrJCYzw86FE=,dnVybxl/i3sDhUqPeutDMpAhy9M=
30,28,8zSFUoAM9sTYbRPkxrJCYzw86FE=,6a4oZFh0LCNTuXQ2JgKpVgvmkjo=
27,28,8zSFUoAM9sTYbRPkxrJCYzw86FE=,6wZVMHleN9imLnFibojP4JeJwSk=
28,26,8zSFUoAM9sTYbRPkxrJCYzw86FE=,dnVybxl/i3sDhUqPeutDMpAhy9M=
31,25,8zSFUoAM9sTYbRPkxrJCYzw86FE=,dnVybxl/i3sDhUqPeutDMpAhy9M=
27,24,8zSFUoAM9sTYbRPkxrJCYzw86FE=,uRBDA70dQKHO5rEz/VPmNapt/OQ=
29,26,/N10IDqg6EHU6lTEQCHGMrunaNU=,dnVybxl/i3sDhUqPeutDMpAhy9M=
30,26,/N10IDqg6EHU6lTEQCHGMrunaNU=,dnVybxl/i3sDhUqPeutDMpAhy9M=
31,26,/N10IDqg6EHU6lTEQCHGMrunaNU=,dnVybxl/i3sDhUqPeutDMpAhy9M=
27,26,/N10IDqg6EHU6lTEQCHGMrunaNU=,uRBDA70dQKHO5rEz/VPmNapt/OQ=
27,25,/N10IDqg6EHU6lTEQCHGMrunaNU=,uRBDA70dQKHO5rEz/VPmNapt/OQ=
27,23,/N10IDqg6EHU6lTEQCHGMrunaNU=,5V7piEkGBRyRHspOqk05aB4oHE4=
18,5,2j4y/1vODPnU4cBQce9OBD1Fi8E=,BQ0VdZZ5O5Jed5IQhgqKqiwcPp4=
18,10,2j4y/1vODPnU4cBQce9OBD1Fi8E=,uUevhrDE4MuvjHuZur0Pag4X2aU=
17,5,2j4y/1vODPnU4cBQce9OBD1Fi8E=,BQ0VdZZ5O5Jed5IQhgqKqiwcPp4=
17,7,2j4y/1vODPnU4cBQce9OBD1Fi8E=,BQ0VdZZ5O5Jed5IQhgqKqiwcPp4=
17,6,2j4y/1vODPnU4cBQce9OBD1Fi8E=,BQ0VdZZ5O5Jed5IQhgqKqiwcPp4=
18,6,2j4y/1vODPnU4cBQce9OBD1Fi8E=,BQ0VdZZ5O5Jed5IQhgqKqiwcPp4=
18,7,2j4y/1vODPnU4cBQce9OBD1Fi8E=,BQ0VdZZ5O5Jed5IQhgqKqiwcPp4=
17,8,2j4y/1vODPnU4cBQce9OBD1Fi8E=,uUevhrDE4MuvjHuZur0Pag4X2aU=
20,5,2j4y/1vODPnU4cBQce9OBD1Fi8E=,mhgwViYl1HoyqTVBoP7nGG6Q0BU=
17,10,2j4y/1vODPnU4cBQce9OBD1Fi8E=,uUevhrDE4MuvjHuZur0Pag4X2aU=
17,9,2j4y/1vODPnU4cBQce9OBD1Fi8E=,uUevhrDE4MuvjHuZur0Pag4X2aU=
19,6,2j4y/1vODPnU4cBQce9OBD1Fi8E=,BQ0VdZZ5O5Jed5IQhgqKqiwcPp4=
18,8,2j4y/1vODPnU4cBQce9OBD1Fi8E=,uUevhrDE4MuvjHuZur0Pag4X2aU=
21,5,2j4y/1vODPnU4cBQce9OBD1Fi8E=,mhgwViYl1HoyqTVBoP7nGG6Q0BU=
18,9,2j4y/1vODPnU4cBQce9OBD1Fi8E=,uUevhrDE4MuvjHuZur0Pag4X2aU=
22,6,2j4y/1vODPnU4cBQce9OBD1Fi8E=,mhgwViYl1HoyqTVBoP7nGG6Q0BU=
22,5,2j4y/1vODPnU4cBQce9OBD1Fi8E=,mhgwViYl1HoyqTVBoP7nGG6Q0BU=
20,8,2j4y/1vODPnU4cBQce9OBD1Fi8E=,qYLEwjVXUHRzOimtuZVpLKG6KCU=
19,5,2j4y/1vODPnU4cBQce9OBD1Fi8E=,BQ0VdZZ5O5Jed5IQhgqKqiwcPp4=
20,6,2j4y/1vODPnU4cBQce9OBD1Fi8E=,mhgwViYl1HoyqTVBoP7nGG6Q0BU=
21,8,2j4y/1vODPnU4cBQce9OBD1Fi8E=,qYLEwjVXUHRzOimtuZVpLKG6KCU=
21,6,2j4y/1vODPnU4cBQce9OBD1Fi8E=,mhgwViYl1HoyqTVBoP7nGG6Q0BU=
22,8,2j4y/1vODPnU4cBQce9OBD1Fi8E=,qYLEwjVXUHRzOimtuZVpLKG6KCU=
20,9,2j4y/1vODPnU4cBQce9OBD1Fi8E=,qYLEwjVXUHRzOimtuZVpLKG6KCU=
21,9,2j4y/1vODPnU4cBQce9OBD1Fi8E=,qYLEwjVXUHRzOimtuZVpLKG6KCU=
22,9,2j4y/1vODPnU4cBQce9OBD1Fi8E=,qYLEwjVXUHRzOimtuZVpLKG6KCU=
19,10,2j4y/1vODPnU4cBQce9OBD1Fi8E=,uUevhrDE4MuvjHuZur0Pag4X2aU=
20,10,2j4y/1vODPnU4cBQce9OBD1Fi8E=,qYLEwjVXUHRzOimtuZVpLKG6KCU=
19,7,2j4y/1vODPnU4cBQce9OBD1Fi8E=,BQ0VdZZ5O5Jed5IQhgqKqiwcPp4=
21,10,2j4y/1vODPnU4cBQce9OBD1Fi8E=,qYLEwjVXUHRzOimtuZVpLKG6KCU=
22,10,2j4y/1vODPnU4cBQce9OBD1Fi8E=,qYLEwjVXUHRzOimtuZVpLKG6KCU=
19,8,2j4y/1vODPnU4cBQce9OBD1Fi8E=,uUevhrDE4MuvjHuZur0Pag4X2aU=
20,7,4xAiEQoeXeX+yhQmYhs7p2o2prs=,mhgwViYl1HoyqTVBoP7nGG6Q0BU=
19,9,4xAiEQoeXeX+yhQmYhs7p2o2prs=,uUevhrDE4MuvjHuZur0Pag4X2aU=
22,7,4xAiEQoeXeX+yhQmYhs7p2o2prs=,mhgwViYl1HoyqTVBoP7nGG6Q0BU=
21,7,4xAiEQoeXeX+yhQmYhs7p2o2prs=,mhgwViYl1HoyqTVBoP7nGG6Q0BU=
21,14,H+Rg9tFke+aeCZqeRciORDJHkaw=,mx8jwZ77hargB6758FCRKXd3/Nk=
22,11,H+Rg9tFke+aeCZqeRciORDJHkaw=,qYLEwjVXUHRzOimtuZVpLKG6KCU=
22,13,H+Rg9tFke+aeCZqeRciORDJHkaw=,mx8jwZ77hargB6758FCRKXd3/Nk=
21,11,H+Rg9tFke+aeCZqeRciORDJHkaw=,qYLEwjVXUHRzOimtuZVpLKG6KCU=
21,13,H+Rg9tFke+aeCZqeRciORDJHkaw=,mx8jwZ77hargB6758FCRKXd3/Nk=
22,14,H+Rg9tFke+aeCZqeRciORDJHkaw=,mx8jwZ77hargB6758FCRKXd3/Nk=
21,12,H+Rg9tFke+aeCZqeRciORDJHkaw=,mx8jwZ77hargB6758FCRKXd3/Nk=
22,12,H+Rg9tFke+aeCZqeRciORDJHkaw=,mx8jwZ77hargB6758FCRKXd3/Nk=
24,5,H+Rg9tFke+aeCZqeRciORDJHkaw=,m4ijx3K44BoFNHAgikIo05PoyTE=
25,5,H+Rg9tFke+aeCZqeRciORDJHkaw=,m4ijx3K44BoFNHAgikIo05PoyTE=
23,5,H+Rg9tFke+aeCZqeRciORDJHkaw=,mhgwViYl1HoyqTVBoP7nGG6Q0BU=
26,5,H+Rg9tFke+aeCZqeRciORDJHkaw=,m4ijx3K44BoFNHAgikIo05PoyTE=
24,6,H+Rg9tFke+aeCZqeRciORDJHkaw=,m4ijx3K44BoFNHAgikIo05PoyTE=
23,6,H+Rg9tFke+aeCZqeRciORDJHkaw=,mhgwViYl1HoyqTVBoP7nGG6Q0BU=
25,6,H+Rg9tFke+aeCZqeRciORDJHkaw=,m4ijx3K44BoFNHAgikIo05PoyTE=
26,6,H+Rg9tFke+aeCZqeRciORDJHkaw=,m4ijx3K44BoFNHAgikIo05PoyTE=
24,10,H+Rg9tFke+aeCZqeRciORDJHkaw=,7LzhMuUbZYtxhdXc5+PhDyelY3I=
24,8,H+Rg9tFke+aeCZqeRciORDJHkaw=,7LzhMuUbZYtxhdXc5+PhDyelY3I=
23,7,H+Rg9tFke+aeCZqeRciORDJHkaw=,mhgwViYl1HoyqTVBoP7nGG6Q0BU=
26,10,H+Rg9tFke+aeCZqeRciORDJHkaw=,7LzhMuUbZYtxhdXc5+PhDyelY3I=
24,11,H+Rg9tFke+aeCZqeRciORDJHkaw=,7LzhMuUbZYtxhdXc5+PhDyelY3I=
24,7,H+Rg9tFke+aeCZqeRciORDJHkaw=,m4ijx3K44BoFNHAgikIo05PoyTE=
25,7,H+Rg9tFke+aeCZqeRciORDJHkaw=,m4ijx3K44BoFNHAgikIo05PoyTE=
26,9,H+Rg9tFke+aeCZqeRciORDJHkaw=,7LzhMuUbZYtxhdXc5+PhDyelY3I=
25,11,H+Rg9tFke+aeCZqeRciORDJHkaw=,7LzhMuUbZYtxhdXc5+PhDyelY3I=
25,10,H+Rg9tFke+aeCZqeRciORDJHkaw=,7LzhMuUbZYtxhdXc5+PhDyelY3I=
24,13,H+Rg9tFke+aeCZqeRciORDJHkaw=,4WHk6dqdtnEEle537gXRRQHJlfI=
23,10,H+Rg9tFke+aeCZqeRciORDJHkaw=,qYLEwjVXUHRzOimtuZVpLKG6KCU=
25,13,H+Rg9tFke+aeCZqeRciORDJHkaw=,4WHk6dqdtnEEle537gXRRQHJlfI=
23,8,H+Rg9tFke+aeCZqeRciORDJHkaw=,qYLEwjVXUHRzOimtuZVpLKG6KCU=
26,13,H+Rg9tFke+aeCZqeRciORDJHkaw=,4WHk6dqdtnEEle537gXRRQHJlfI=
25,8,H+Rg9tFke+aeCZqeRciORDJHkaw=,7LzhMuUbZYtxhdXc5+PhDyelY3I=
24,14,H+Rg9tFke+aeCZqeRciORDJHkaw=,4WHk6dqdtnEEle537gXRRQHJlfI=
26,8,H+Rg9tFke+aeCZqeRciORDJHkaw=,7LzhMuUbZYtxhdXc5+PhDyelY3I=
25,14,H+Rg9tFke+aeCZqeRciORDJHkaw=,4WHk6dqdtnEEle537gXRRQHJlfI=
23,9,H+Rg9tFke+aeCZqeRciORDJHkaw=,qYLEwjVXUHRzOimtuZVpLKG6KCU=
26,14,H+Rg9tFke+aeCZqeRciORDJHkaw=,4WHk6dqdtnEEle537gXRRQHJlfI=
26,7,H+Rg9tFke+aeCZqeRciORDJHkaw=,m4ijx3K44BoFNHAgikIo05PoyTE=
26,11,H+Rg9tFke+aeCZqeRciORDJHkaw=,7LzhMuUbZYtxhdXc5+PhDyelY3I=
26,12,0EGPH4qAU3Rw1ZIrqJJYiv7Nvm4=,4WHk6dqdtnEEle537gXRRQHJlfI=
24,9,0EGPH4qAU3Rw1ZIrqJJYiv7Nvm4=,7LzhMuUbZYtxhdXc5+PhDyelY3I=
24,12,0EGPH4qAU3Rw1ZIrqJJYiv7Nvm4=,4WHk6dqdtnEEle537gXRRQHJlfI=
25,9,0EGPH4qAU3Rw1ZIrqJJYiv7Nvm4=,7LzhMuUbZYtxhdXc5+PhDyelY3I=
23,14,0EGPH4qAU3Rw1ZIrqJJYiv7Nvm4=,mx8jwZ77hargB6758FCRKXd3/Nk=
23,12,0EGPH4qAU3Rw1ZIrqJJYiv7Nvm4=,mx8jwZ77hargB6758FCRKXd3/Nk=
23,13,0EGPH4qAU3Rw1ZIrqJJYiv7Nvm4=,mx8jwZ77hargB6758FCRKXd3/Nk=
25,12,0EGPH4qAU3Rw1ZIrqJJYiv7Nvm4=,4WHk6dqdtnEEle537gXRRQHJlfI=
23,11,0EGPH4qAU3Rw1ZIrqJJYiv7Nvm4=,qYLEwjVXUHRzOimtuZVpLKG6KCU=
27,5,GEln0K4AegR03mAfid1lKGVhqd8=,m4ijx3K44BoFNHAgikIo05PoyTE=
28,5,GEln0K4AegR03mAfid1lKGVhqd8=,jazkbCBBKfOMG+o0NwCneHXbJO8=
29,5,GEln0K4AegR03mAfid1lKGVhqd8=,jazkbCBBKfOMG+o0NwCneHXbJO8=
27,6,GEln0K4AegR03mAfid1lKGVhqd8=,m4ijx3K44BoFNHAgikIo05PoyTE=
30,5,GEln0K4AegR03mAfid1lKGVhqd8=,jazkbCBBKfOMG+o0NwCneHXbJO8=
28,6,GEln0K4AegR03mAfid1lKGVhqd8=,jazkbCBBKfOMG+o0NwCneHXbJO8=
29,6,GEln0K4AegR03mAfid1lKGVhqd8=,jazkbCBBKfOMG+o0NwCneHXbJO8=
30,6,GEln0K4AegR03mAfid1lKGVhqd8=,jazkbCBBKfOMG+o0NwCneHXbJO8=
28,9,dDRTnI9NntKIjwve0yaCDjXoOrw=,2D2SQhV6kMpWv7iG6CzdC6F5xuw=
30,10,dDRTnI9NntKIjwve0yaCDjXoOrw=,2D2SQhV6kMpWv7iG6CzdC6F5xuw=
27,10,dDRTnI9NntKIjwve0yaCDjXoOrw=,7LzhMuUbZYtxhdXc5+PhDyelY3I=
27,8,dDRTnI9NntKIjwve0yaCDjXoOrw=,7LzhMuUbZYtxhdXc5+PhDyelY3I=
30,8,dDRTnI9NntKIjwve0yaCDjXoOrw=,2D2SQhV6kMpWv7iG6CzdC6F5xuw=
28,7,dDRTnI9NntKIjwve0yaCDjXoOrw=,jazkbCBBKfOMG+o0NwCneHXbJO8=
27,9,dDRTnI9NntKIjwve0yaCDjXoOrw=,7LzhMuUbZYtxhdXc5+PhDyelY3I=
29,10,dDRTnI9NntKIjwve0yaCDjXoOrw=,2D2SQhV6kMpWv7iG6CzdC6F5xuw=
27,7,dDRTnI9NntKIjwve0yaCDjXoOrw=,m4ijx3K44BoFNHAgikIo05PoyTE=
29,7,dDRTnI9NntKIjwve0yaCDjXoOrw=,jazkbCBBKfOMG+o0NwCneHXbJO8=
28,10,dDRTnI9NntKIjwve0yaCDjXoOrw=,2D2SQhV6kMpWv7iG6CzdC6F5xuw=
29,8,dDRTnI9NntKIjwve0yaCDjXoOrw=,2D2SQhV6kMpWv7iG6CzdC6F5xuw=
30,7,dDRTnI9NntKIjwve0yaCDjXoOrw=,jazkbCBBKfOMG+o0NwCneHXbJO8=
29,9,dDRTnI9NntKIjwve0yaCDjXoOrw=,2D2SQhV6kMpWv7iG6CzdC6F5xuw=
30,9,dDRTnI9NntKIjwve0yaCDjXoOrw=,2D2SQhV6kMpWv7iG6CzdC6F5xuw=
28,8,dDRTnI9NntKIjwve0yaCDjXoOrw=,2D2SQhV6kMpWv7iG6CzdC6F5xuw=
30,3,dDRTnI9NntKIjwve0yaCDjXoOrw=,wqFuxeGNFZaXztKjNCW6sbjU7zc=
30,4,dDRTnI9NntKIjwve0yaCDjXoOrw=,jazkbCBBKfOMG+o0NwCneHXbJO8=
29,1,dDRTnI9NntKIjwve0yaCDjXoOrw=,wqFuxeGNFZaXztKjNCW6sbjU7zc=
29,3,dDRTnI9NntKIjwve0yaCDjXoOrw=,wqFuxeGNFZaXztKjNCW6sbjU7zc=
30,1,dDRTnI9NntKIjwve0yaCDjXoOrw=,wqFuxeGNFZaXztKjNCW6sbjU7zc=
29,2,dDRTnI9NntKIjwve0yaCDjXoOrw=,wqFuxeGNFZaXztKjNCW6sbjU7zc=
30,2,dDRTnI9NntKIjwve0yaCDjXoOrw=,wqFuxeGNFZaXztKjNCW6sbjU7zc=
28,13,dDRTnI9NntKIjwve0yaCDjXoOrw=,9/8Aiz8W4ERASVBf3eglCdDJ1m4=
29,4,dDRTnI9NntKIjwve0yaCDjXoOrw=,jazkbCBBKfOMG+o0NwCneHXbJO8=
29,13,dDRTnI9NntKIjwve0yaCDjXoOrw=,9/8Aiz8W4ERASVBf3eglCdDJ1m4=
27,13,dDRTnI9NntKIjwve0yaCDjXoOrw=,4WHk6dqdtnEEle537gXRRQHJlfI=
27,12,dDRTnI9NntKIjwve0yaCDjXoOrw=,4WHk6dqdtnEEle537gXRRQHJlfI=
30,12,dDRTnI9NntKIjwve0yaCDjXoOrw=,9/8Aiz8W4ERASVBf3eglCdDJ1m4=
30,13,dDRTnI9NntKIjwve0yaCDjXoOrw=,9/8Aiz8W4ERASVBf3eglCdDJ1m4=
30,14,dDRTnI9NntKIjwve0yaCDjXoOrw=,9/8Aiz8W4ERASVBf3eglCdDJ1m4=
28,14,dDRTnI9NntKIjwve0yaCDjXoOrw=,9/8Aiz8W4ERASVBf3eglCdDJ1m4=
27,14,dDRTnI9NntKIjwve0yaCDjXoOrw=,4WHk6dqdtnEEle537gXRRQHJlfI=
28,11,dDRTnI9NntKIjwve0yaCDjXoOrw=,2D2SQhV6kMpWv7iG6CzdC6F5xuw=
30,11,dDRTnI9NntKIjwve0yaCDjXoOrw=,2D2SQhV6kMpWv7iG6CzdC6F5xuw=
29,11,dDRTnI9NntKIjwve0yaCDjXoOrw=,2D2SQhV6kMpWv7iG6CzdC6F5xuw=
27,11,dDRTnI9NntKIjwve0yaCDjXoOrw=,7LzhMuUbZYtxhdXc5+PhDyelY3I=
29,14,dDRTnI9NntKIjwve0yaCDjXoOrw=,9/8Aiz8W4ERASVBf3eglCdDJ1m4=
28,12,dDRTnI9NntKIjwve0yaCDjXoOrw=,9/8Aiz8W4ERASVBf3eglCdDJ1m4=
29,12,dDRTnI9NntKIjwve0yaCDjXoOrw=,9/8Aiz8W4ERASVBf3eglCdDJ1m4=
29,0,WbJ9f5micYhWhJZm0SYXzuPkDSg=,wqFuxeGNFZaXztKjNCW6sbjU7zc=
30,0,WbJ9f5micYhWhJZm0SYXzuPkDSg=,wqFuxeGNFZaXztKjNCW6sbjU7zc=
16,5,WbJ9f5micYhWhJZm0SYXzuPkDSg=,BQ0VdZZ5O5Jed5IQhgqKqiwcPp4=
16,6,WbJ9f5micYhWhJZm0SYXzuPkDSg=,BQ0VdZZ5O5Jed5IQhgqKqiwcPp4=
16,7,scwwEw88IT1pi+i0Xgpqoaw0GBc=,BQ0VdZZ5O5Jed5IQhgqKqiwcPp4=
16,10,scwwEw88IT1pi+i0Xgpqoaw0GBc=,uUevhrDE4MuvjHuZur0Pag4X2aU=
16,9,scwwEw88IT1pi+i0Xgpqoaw0GBc=,uUevhrDE4MuvjHuZur0Pag4X2aU=
16,8,scwwEw88IT1pi+i0Xgpqoaw0GBc=,uUevhrDE4MuvjHuZur0Pag4X2aU=
28,1,+f3y/4EdXD18HEZ81XlJmtC44W8=,wqFuxeGNFZaXztKjNCW6sbjU7zc=
27,4,+f3y/4EdXD18HEZ81XlJmtC44W8=,m4ijx3K44BoFNHAgikIo05PoyTE=
25,1,+f3y/4EdXD18HEZ81XlJmtC44W8=,uxLaNefOWTcQHmjkNlM2Mk+8k0w=
26,4,+f3y/4EdXD18HEZ81XlJmtC44W8=,m4ijx3K44BoFNHAgikIo05PoyTE=
26,1,+f3y/4EdXD18HEZ81XlJmtC44W8=,uxLaNefOWTcQHmjkNlM2Mk+8k0w=
25,4,+f3y/4EdXD18HEZ81XlJmtC44W8=,m4ijx3K44BoFNHAgikIo05PoyTE=
27,1,+f3y/4EdXD18HEZ81XlJmtC44W8=,uxLaNefOWTcQHmjkNlM2Mk+8k0w=
28,2,+f3y/4EdXD18HEZ81XlJmtC44W8=,wqFuxeGNFZaXztKjNCW6sbjU7zc=
25,2,+f3y/4EdXD18HEZ81XlJmtC44W8=,uxLaNefOWTcQHmjkNlM2Mk+8k0w=
26,2,+f3y/4EdXD18HEZ81XlJmtC44W8=,uxLaNefOWTcQHmjkNlM2Mk+8k0w=
28,4,+f3y/4EdXD18HEZ81XlJmtC44W8=,jazkbCBBKfOMG+o0NwCneHXbJO8=
28,3,+f3y/4EdXD18HEZ81XlJmtC44W8=,wqFuxeGNFZaXztKjNCW6sbjU7zc=
27,2,+f3y/4EdXD18HEZ81XlJmtC44W8=,uxLaNefOWTcQHmjkNlM2Mk+8k0w=
25,3,+f3y/4EdXD18HEZ81XlJmtC44W8=,uxLaNefOWTcQHmjkNlM2Mk+8k0w=
27,0,+f3y/4EdXD18HEZ81XlJmtC44W8=,uxLaNefOWTcQHmjkNlM2Mk+8k0w=
25,0,+f3y/4EdXD18HEZ81XlJmtC44W8=,uxLaNefOWTcQHmjkNlM2Mk+8k0w=
27,3,+f3y/4EdXD18HEZ81XlJmtC44W8=,uxLaNefOWTcQHmjkNlM2Mk+8k0w=
26,3,+f3y/4EdXD18HEZ81XlJmtC44W8=,uxLaNefOWTcQHmjkNlM2Mk+8k0w=
26,0,+f3y/4EdXD18HEZ81XlJmtC44W8=,uxLaNefOWTcQHmjkNlM2Mk+8k0w=
24,1,+f3y/4EdXD18HEZ81XlJmtC44W8=,uxLaNefOWTcQHmjkNlM2Mk+8k0w=
28,0,+f3y/4EdXD18HEZ81XlJmtC44W8=,wqFuxeGNFZaXztKjNCW6sbjU7zc=
21,0,+f3y/4EdXD18HEZ81XlJmtC44W8=,bVvFMj4rg5KxrBcVXkgoW1ot58g=
21,4,+f3y/4EdXD18HEZ81XlJmtC44W8=,mhgwViYl1HoyqTVBoP7nGG6Q0BU=
24,4,+f3y/4EdXD18HEZ81XlJmtC44W8=,m4ijx3K44BoFNHAgikIo05PoyTE=
22,4,+f3y/4EdXD18HEZ81XlJmtC44W8=,mhgwViYl1HoyqTVBoP7nGG6Q0BU=
22,0,+f3y/4EdXD18HEZ81XlJmtC44W8=,bVvFMj4rg5KxrBcVXkgoW1ot58g=
23,0,+f3y/4EdXD18HEZ81XlJmtC44W8=,bVvFMj4rg5KxrBcVXkgoW1ot58g=
24,0,+f3y/4EdXD18HEZ81XlJmtC44W8=,uxLaNefOWTcQHmjkNlM2Mk+8k0w=
23,4,+f3y/4EdXD18HEZ81XlJmtC44W8=,mhgwViYl1HoyqTVBoP7nGG6Q0BU=
21,1,+f3y/4EdXD18HEZ81XlJmtC44W8=,bVvFMj4rg5KxrBcVXkgoW1ot58g=
24,3,+f3y/4EdXD18HEZ81XlJmtC44W8=,uxLaNefOWTcQHmjkNlM2Mk+8k0w=
23,3,+f3y/4EdXD18HEZ81XlJmtC44W8=,bVvFMj4rg5KxrBcVXkgoW1ot58g=
22,1,+f3y/4EdXD18HEZ81XlJmtC44W8=,bVvFMj4rg5KxrBcVXkgoW1ot58g=
21,3,+f3y/4EdXD18HEZ81XlJmtC44W8=,bVvFMj4rg5KxrBcVXkgoW1ot58g=
22,3,+f3y/4EdXD18HEZ81XlJmtC44W8=,bVvFMj4rg5KxrBcVXkgoW1ot58g=
24,2,+f3y/4EdXD18HEZ81XlJmtC44W8=,uxLaNefOWTcQHmjkNlM2Mk+8k0w=
22,2,+f3y/4EdXD18HEZ81XlJmtC44W8=,bVvFMj4rg5KxrBcVXkgoW1ot58g=
23,2,+f3y/4EdXD18HEZ81XlJmtC44W8=,bVvFMj4rg5KxrBcVXkgoW1ot58g=
23,1,+f3y/4EdXD18HEZ81XlJmtC44W8=,bVvFMj4rg5KxrBcVXkgoW1ot58g=
21,2,+f3y/4EdXD18HEZ81XlJmtC44W8=,bVvFMj4rg5KxrBcVXkgoW1ot58g=
20,0,+f3y/4EdXD18HEZ81XlJmtC44W8=,bVvFMj4rg5KxrBcVXkgoW1ot58g=
19,2,+f3y/4EdXD18HEZ81XlJmtC44W8=,/C49fF7+l3YBZyHesg00gFzcx+E=
20,4,+f3y/4EdXD18HEZ81XlJmtC44W8=,mhgwViYl1HoyqTVBoP7nGG6Q0BU=
17,3,8BWlqxQSU5K8L1AQoiG38eWlD+A=,/C49fF7+l3YBZyHesg00gFzcx+E=
20,1,8BWlqxQSU5K8L1AQoiG38eWlD+A=,bVvFMj4rg5KxrBcVXkgoW1ot58g=
19,4,8BWlqxQSU5K8L1AQoiG38eWlD+A=,BQ0VdZZ5O5Jed5IQhgqKqiwcPp4=
18,0,8BWlqxQSU5K8L1AQoiG38eWlD+A=,/C49fF7+l3YBZyHesg00gFzcx+E=
19,0,8BWlqxQSU5K8L1AQoiG38eWlD+A=,/C49fF7+l3YBZyHesg00gFzcx+E=
16,1,8BWlqxQSU5K8L1AQoiG38eWlD+A=,/C49fF7+l3YBZyHesg00gFzcx+E=
21,15,8BWlqxQSU5K8L1AQoiG38eWlD+A=,mx8jwZ77hargB6758FCRKXd3/Nk=
18,3,8BWlqxQSU5K8L1AQoiG38eWlD+A=,/C49fF7+l3YBZyHesg00gFzcx+E=
22,15,8BWlqxQSU5K8L1AQoiG38eWlD+A=,mx8jwZ77hargB6758FCRKXd3/Nk=
16,2,8BWlqxQSU5K8L1AQoiG38eWlD+A=,/C49fF7+l3YBZyHesg00gFzcx+E=
16,4,8BWlqxQSU5K8L1AQoiG38eWlD+A=,BQ0VdZZ5O5Jed5IQhgqKqiwcPp4=
17,1,8BWlqxQSU5K8L1AQoiG38eWlD+A=,/C49fF7+l3YBZyHesg00gFzcx+E=
19,3,8BWlqxQSU5K8L1AQoiG38eWlD+A=,/C49fF7+l3YBZyHesg00gFzcx+E=
20,2,8BWlqxQSU5K8L1AQoiG38eWlD+A=,bVvFMj4rg5KxrBcVXkgoW1ot58g=
17,2,8BWlqxQSU5K8L1AQoiG38eWlD+A=,/C49fF7+l3YBZyHesg00gFzcx+E=
18,1,8BWlqxQSU5K8L1AQoiG38eWlD+A=,/C49fF7+l3YBZyHesg00gFzcx+E=
17,0,8BWlqxQSU5K8L1AQoiG38eWlD+A=,/C49fF7+l3YBZyHesg00gFzcx+E=
17,4,8BWlqxQSU5K8L1AQoiG38eWlD+A=,BQ0VdZZ5O5Jed5IQhgqKqiwcPp4=
20,3,8BWlqxQSU5K8L1AQoiG38eWlD+A=,bVvFMj4rg5KxrBcVXkgoW1ot58g=
18,4,8BWlqxQSU5K8L1AQoiG38eWlD+A=,BQ0VdZZ5O5Jed5IQhgqKqiwcPp4=
24,15,8BWlqxQSU5K8L1AQoiG38eWlD+A=,4WHk6dqdtnEEle537gXRRQHJlfI=
19,1,8BWlqxQSU5K8L1AQoiG38eWlD+A=,/C49fF7+l3YBZyHesg00gFzcx+E=
18,2,8BWlqxQSU5K8L1AQoiG38eWlD+A=,/C49fF7+l3YBZyHesg00gFzcx+E=
28,15,8BWlqxQSU5K8L1AQoiG38eWlD+A=,9/8Aiz8W4ERASVBf3eglCdDJ1m4=
16,3,8BWlqxQSU5K8L1AQoiG38eWlD+A=,/C49fF7+l3YBZyHesg00gFzcx+E=
29,15,8BWlqxQSU5K8L1AQoiG38eWlD+A=,9/8Aiz8W4ERASVBf3eglCdDJ1m4=
25,15,8BWlqxQSU5K8L1AQoiG38eWlD+A=,4WHk6dqdtnEEle537gXRRQHJlfI=
27,15,8BWlqxQSU5K8L1AQoiG38eWlD+A=,4WHk6dqdtnEEle537gXRRQHJlfI=
23,15,8BWlqxQSU5K8L1AQoiG38eWlD+A=,mx8jwZ77hargB6758FCRKXd3/Nk=
26,15,8BWlqxQSU5K8L1AQoiG38eWlD+A=,4WHk6dqdtnEEle537gXRRQHJlfI=
30,15,8BWlqxQSU5K8L1AQoiG38eWlD+A=,9/8Aiz8W4ERASVBf3eglCdDJ1m4=
31,14,8BWlqxQSU5K8L1AQoiG38eWlD+A=,9/8Aiz8W4ERASVBf3eglCdDJ1m4=
31,5,8BWlqxQSU5K8L1AQoiG38eWlD+A=,jazkbCBBKfOMG+o0NwCneHXbJO8=
31,13,8BWlqxQSU5K8L1AQoiG38eWlD+A=,9/8Aiz8W4ERASVBf3eglCdDJ1m4=
31,6,8BWlqxQSU5K8L1AQoiG38eWlD+A=,jazkbCBBKfOMG+o0NwCneHXbJO8=
31,15,8BWlqxQSU5K8L1AQoiG38eWlD+A=,9/8Aiz8W4ERASVBf3eglCdDJ1m4=
31,10,8BWlqxQSU5K8L1AQoiG38eWlD+A=,2D2SQhV6kMpWv7iG6CzdC6F5xuw=
31,11,8BWlqxQSU5K8L1AQoiG38eWlD+A=,2D2SQhV6kMpWv7iG6CzdC6F5xuw=
16,0,8BWlqxQSU5K8L1AQoiG38eWlD+A=,/C49fF7+l3YBZyHesg00gFzcx+E=
31,7,8BWlqxQSU5K8L1AQoiG38eWlD+A=,jazkbCBBKfOMG+o0NwCneHXbJO8=
31,1,8BWlqxQSU5K8L1AQoiG38eWlD+A=,wqFuxeGNFZaXztKjNCW6sbjU7zc=
31,4,8BWlqxQSU5K8L1AQoiG38eWlD+A=,jazkbCBBKfOMG+o0NwCneHXbJO8=
31,9,8BWlqxQSU5K8L1AQoiG38eWlD+A=,2D2SQhV6kMpWv7iG6CzdC6F5xuw=
31,12,8BWlqxQSU5K8L1AQoiG38eWlD+A=,9/8Aiz8W4ERASVBf3eglCdDJ1m4=
31,8,8BWlqxQSU5K8L1AQoiG38eWlD+A=,2D2SQhV6kMpWv7iG6CzdC6F5xuw=
31,2,8BWlqxQSU5K8L1AQoiG38eWlD+A=,wqFuxeGNFZaXztKjNCW6sbjU7zc=
31,0,8BWlqxQSU5K8L1AQoiG38eWlD+A=,wqFuxeGNFZaXztKjNCW6sbjU7zc=
31,3,8BWlqxQSU5K8L1AQoiG38eWlD+A=,wqFuxeGNFZaXztKjNCW6sbjU7zc=
16,12,8BWlqxQSU5K8L1AQoiG38eWlD+A=,B8TvC5uirAVuuTkPTA+WtRVL/xI=
19,15,8BWlqxQSU5K8L1AQoiG38eWlD+A=,B8TvC5uirAVuuTkPTA+WtRVL/xI=
18,15,8BWlqxQSU5K8L1AQoiG38eWlD+A=,B8TvC5uirAVuuTkPTA+WtRVL/xI=
17,12,8BWlqxQSU5K8L1AQoiG38eWlD+A=,B8TvC5uirAVuuTkPTA+WtRVL/xI=
17,11,8BWlqxQSU5K8L1AQoiG38eWlD+A=,uUevhrDE4MuvjHuZur0Pag4X2aU=
18,12,8BWlqxQSU5K8L1AQoiG38eWlD+A=,B8TvC5uirAVuuTkPTA+WtRVL/xI=
17,15,8BWlqxQSU5K8L1AQoiG38eWlD+A=,B8TvC5uirAVuuTkPTA+WtRVL/xI=
19,12,8BWlqxQSU5K8L1AQoiG38eWlD+A=,B8TvC5uirAVuuTkPTA+WtRVL/xI=
20,11,8BWlqxQSU5K8L1AQoiG38eWlD+A=,qYLEwjVXUHRzOimtuZVpLKG6KCU=
16,13,8BWlqxQSU5K8L1AQoiG38eWlD+A=,B8TvC5uirAVuuTkPTA+WtRVL/xI=
20,13,8BWlqxQSU5K8L1AQoiG38eWlD+A=,mx8jwZ77hargB6758FCRKXd3/Nk=
17,13,8BWlqxQSU5K8L1AQoiG38eWlD+A=,B8TvC5uirAVuuTkPTA+WtRVL/xI=
16,15,8BWlqxQSU5K8L1AQoiG38eWlD+A=,B8TvC5uirAVuuTkPTA+WtRVL/xI=
18,11,8BWlqxQSU5K8L1AQoiG38eWlD+A=,uUevhrDE4MuvjHuZur0Pag4X2aU=
20,14,8BWlqxQSU5K8L1AQoiG38eWlD+A=,mx8jwZ77hargB6758FCRKXd3/Nk=
19,14,8BWlqxQSU5K8L1AQoiG38eWlD+A=,B8TvC5uirAVuuTkPTA+WtRVL/xI=
18,13,MONci3SnNatGZdC6hyljWKI0MsQ=,B8TvC5uirAVuuTkPTA+WtRVL/xI=
18,14,MONci3SnNatGZdC6hyljWKI0MsQ=,B8TvC5uirAVuuTkPTA+WtRVL/xI=
19,13,MONci3SnNatGZdC6hyljWKI0MsQ=,B8TvC5uirAVuuTkPTA+WtRVL/xI=
20,15,MONci3SnNatGZdC6hyljWKI0MsQ=,mx8jwZ77hargB6758FCRKXd3/Nk=
16,14,MONci3SnNatGZdC6hyljWKI0MsQ=,B8TvC5uirAVuuTkPTA+WtRVL/xI=
17,14,MONci3SnNatGZdC6hyljWKI0MsQ=,B8TvC5uirAVuuTkPTA+WtRVL/xI=
16,11,MONci3SnNatGZdC6hyljWKI0MsQ=,uUevhrDE4MuvjHuZur0Pag4X2aU=
20,12,MONci3SnNatGZdC6hyljWKI0MsQ=,mx8jwZ77hargB6758FCRKXd3/Nk=
19,11,MONci3SnNatGZdC6hyljWKI0MsQ=,uUevhrDE4MuvjHuZur0Pag4X2aU=
