-7,-47,VrsTSYlZZSZECmcQCNgfn4Wou24=,sKRMDzDtj2eSUlCkLJFda7sR3Do=
-2,-42,xjubmgobRlSTMwItMtlqEYrzSNE=,sKRMDzDtj2eSUlCkLJFda7sR3Do=
-6,-47,xjubmgobRlSTMwItMtlqEYrzSNE=,sKRMDzDtj2eSUlCkLJFda7sR3Do=
-5,-47,xjubmgobRlSTMwItMtlqEYrzSNE=,sKRMDzDtj2eSUlCkLJFda7sR3Do=
-3,-42,xjubmgobRlSTMwItMtlqEYrzSNE=,sKRMDzDtj2eSUlCkLJFda7sR3Do=
-4,-47,xjubmgobRlSTMwItMtlqEYrzSNE=,sKRMDzDtj2eSUlCkLJFda7sR3Do=
-5,-42,xjubmgobRlSTMwItMtlqEYrzSNE=,sKRMDzDtj2eSUlCkLJFda7sR3Do=
-3,-47,xjubmgobRlSTMwItMtlqEYrzSNE=,sKRMDzDtj2eSUlCkLJFda7sR3Do=
-4,-42,xjubmgobRlSTMwItMtlqEYrzSNE=,sKRMDzDtj2eSUlCkLJFda7sR3Do=
-7,-42,xjubmgobRlSTMwItMtlqEYrzSNE=,sKRMDzDtj2eSUlCkLJFda7sR3Do=
-2,-47,xjubmgobRlSTMwItMtlqEYrzSNE=,sKRMDzDtj2eSUlCkLJFda7sR3Do=
-6,-42,xjubmgobRlSTMwItMtlqEYrzSNE=,sKRMDzDtj2eSUlCkLJFda7sR3Do=
-7,-46,xjubmgobRlSTMwItMtlqEYrzSNE=,sKRMDzDtj2eSUlCkLJFda7sR3Do=
-2,-43,xjubmgobRlSTMwItMtlqEYrzSNE=,sKRMDzDtj2eSUlCkLJFda7sR3Do=
-3,-43,xjubmgobRlSTMwItMtlqEYrzSNE=,sKRMDzDtj2eSUlCkLJFda7sR3Do=
-4,-43,xjubmgobRlSTMwItMtlqEYrzSNE=,sKRMDzDtj2eSUlCkLJFda7sR3Do=
-6,-46,xjubmgobRlSTMwItMtlqEYrzSNE=,sKRMDzDtj2eSUlCkLJFda7sR3Do=
-5,-46,xjubmgobRlSTMwItMtlqEYrzSNE=,sKRMDzDtj2eSUlCkLJFda7sR3Do=
-5,-43,xjubmgobRlSTMwItMtlqEYrzSNE=,sKRMDzDtj2eSUlCkLJFda7sR3Do=
-6,-43,xjubmgobRlSTMwItMtlqEYrzSNE=,sKRMDzDtj2eSUlCkLJFda7sR3Do=
-4,-46,xjubmgobRlSTMwItMtlqEYrzSNE=,sKRMDzDtj2eSUlCkLJFda7sR3Do=
-7,-43,xjubmgobRlSTMwItMtlqEYrzSNE=,sKRMDzDtj2eSUlCkLJFda7sR3Do=
-2,-44,xjubmgobRlSTMwItMtlqEYrzSNE=,sKRMDzDtj2eSUlCkLJFda7sR3Do=
-4,-44,xjubmgobRlSTMwItMtlqEYrzSNE=,sKRMDzDtj2eSUlCkLJFda7sR3Do=
-3,-44,xjubmgobRlSTMwItMtlqEYrzSNE=,sKRMDzDtj2eSUlCkLJFda7sR3Do=
-3,-46,xjubmgobRlSTMwItMtlqEYrzSNE=,sKRMDzDtj2eSUlCkLJFda7sR3Do=
-5,-44,xjubmgobRlSTMwItMtlqEYrzSNE=,sKRMDzDtj2eSUlCkLJFda7sR3Do=
-6,-44,xjubmgobRlSTMwItMtlqEYrzSNE=,sKRMDzDtj2eSUlCkLJFda7sR3Do=
-2,-46,xjubmgobRlSTMwItMtlqEYrzSNE=,sKRMDzDtj2eSUlCkLJFda7sR3Do=
-7,-45,xjubmgobRlSTMwItMtlqEYrzSNE=,sKRMDzDtj2eSUlCkLJFda7sR3Do=
-7,-44,xjubmgobRlSTMwItMtlqEYrzSNE=,sKRMDzDtj2eSUlCkLJFda7sR3Do=
-12,-43,xjubmgobRlSTMwItMtlqEYrzSNE=,rUziLT58Fe2cOv3cxsqpNCIHAYM=
-6,-45,xjubmgobRlSTMwItMtlqEYrzSNE=,sKRMDzDtj2eSUlCkLJFda7sR3Do=
-11,-43,xjubmgobRlSTMwItMtlqEYrzSNE=,rUziLT58Fe2cOv3cxsqpNCIHAYM=
-12,-37,xjubmgobRlSTMwItMtlqEYrzSNE=,sCNI4x8W/yq/DwPJ6Ju5lgQ3RIA=
-5,-45,xjubmgobRlSTMwItMtlqEYrzSNE=,sKRMDzDtj2eSUlCkLJFda7sR3Do=
-10,-43,xjubmgobRlSTMwItMtlqEYrzSNE=,rUziLT58Fe2cOv3cxsqpNCIHAYM=
-4,-45,xjubmgobRlSTMwItMtlqEYrzSNE=,sKRMDzDtj2eSUlCkLJFda7sR3Do=
-9,-43,xjubmgobRlSTMwItMtlqEYrzSNE=,rUziLT58Fe2cOv3cxsqpNCIHAYM=
-3,-45,xjubmgobRlSTMwItMtlqEYrzSNE=,sKRMDzDtj2eSUlCkLJFda7sR3Do=
-15,-42,xjubmgobRlSTMwItMtlqEYrzSNE=,rUziLT58Fe2cOv3cxsqpNCIHAYM=
-11,-37,xjubmgobRlSTMwItMtlqEYrzSNE=,sCNI4x8W/yq/DwPJ6Ju5lgQ3RIA=
-10,-37,xjubmgobRlSTMwItMtlqEYrzSNE=,sCNI4x8W/yq/DwPJ6Ju5lgQ3RIA=
-2,-45,xjubmgobRlSTMwItMtlqEYrzSNE=,sKRMDzDtj2eSUlCkLJFda7sR3Do=
-14,-42,xjubmgobRlSTMwItMtlqEYrzSNE=,rUziLT58Fe2cOv3cxsqpNCIHAYM=
-14,-36,xjubmgobRlSTMwItMtlqEYrzSNE=,sCNI4x8W/yq/DwPJ6Ju5lgQ3RIA=
-13,-42,xjubmgobRlSTMwItMtlqEYrzSNE=,rUziLT58Fe2cOv3cxsqpNCIHAYM=
-13,-36,xjubmgobRlSTMwItMtlqEYrzSNE=,sCNI4x8W/yq/DwPJ6Ju5lgQ3RIA=
-15,-36,xjubmgobRlSTMwItMtlqEYrzSNE=,sCNI4x8W/yq/DwPJ6Ju5lgQ3RIA=
-11,-36,xjubmgobRlSTMwItMtlqEYrzSNE=,sCNI4x8W/yq/DwPJ6Ju5lgQ3RIA=
-12,-42,xjubmgobRlSTMwItMtlqEYrzSNE=,rUziLT58Fe2cOv3cxsqpNCIHAYM=
-12,-36,xjubmgobRlSTMwItMtlqEYrzSNE=,sCNI4x8W/yq/DwPJ6Ju5lgQ3RIA=
-11,-42,xjubmgobRlSTMwItMtlqEYrzSNE=,rUziLT58Fe2cOv3cxsqpNCIHAYM=
-10,-36,xjubmgobRlSTMwItMtlqEYrzSNE=,sCNI4x8W/yq/DwPJ6Ju5lgQ3RIA=
-15,-35,xjubmgobRlSTMwItMtlqEYrzSNE=,sCNI4x8W/yq/DwPJ6Ju5lgQ3RIA=
-10,-42,xjubmgobRlSTMwItMtlqEYrzSNE=,rUziLT58Fe2cOv3cxsqpNCIHAYM=
-13,-35,xjubmgobRlSTMwItMtlqEYrzSNE=,sCNI4x8W/yq/DwPJ6Ju5lgQ3RIA=
-14,-35,xjubmgobRlSTMwItMtlqEYrzSNE=,sCNI4x8W/yq/DwPJ6Ju5lgQ3RIA=
-11,-35,xjubmgobRlSTMwItMtlqEYrzSNE=,sCNI4x8W/yq/DwPJ6Ju5lgQ3RIA=
-9,-42,xjubmgobRlSTMwItMtlqEYrzSNE=,rUziLT58Fe2cOv3cxsqpNCIHAYM=
-12,-35,xjubmgobRlSTMwItMtlqEYrzSNE=,sCNI4x8W/yq/DwPJ6Ju5lgQ3RIA=
-15,-47,xjubmgobRlSTMwItMtlqEYrzSNE=,rUziLT58Fe2cOv3cxsqpNCIHAYM=
-10,-35,xjubmgobRlSTMwItMtlqEYrzSNE=,sCNI4x8W/yq/DwPJ6Ju5lgQ3RIA=
-15,-39,xjubmgobRlSTMwItMtlqEYrzSNE=,sCNI4x8W/yq/DwPJ6Ju5lgQ3RIA=
-8,-47,xjubmgobRlSTMwItMtlqEYrzSNE=,sKRMDzDtj2eSUlCkLJFda7sR3Do=
-15,-34,xjubmgobRlSTMwItMtlqEYrzSNE=,sCNI4x8W/yq/DwPJ6Ju5lgQ3RIA=
-14,-34,xjubmgobRlSTMwItMtlqEYrzSNE=,sCNI4x8W/yq/DwPJ6Ju5lgQ3RIA=
-14,-47,xjubmgobRlSTMwItMtlqEYrzSNE=,rUziLT58Fe2cOv3cxsqpNCIHAYM=
-13,-34,xjubmgobRlSTMwItMtlqEYrzSNE=,sCNI4x8W/yq/DwPJ6Ju5lgQ3RIA=
-12,-34,xjubmgobRlSTMwItMtlqEYrzSNE=,sCNI4x8W/yq/DwPJ6Ju5lgQ3RIA=
-13,-39,xjubmgobRlSTMwItMtlqEYrzSNE=,sCNI4x8W/yq/DwPJ6Ju5lgQ3RIA=
-15,-41,xjubmgobRlSTMwItMtlqEYrzSNE=,rUziLT58Fe2cOv3cxsqpNCIHAYM=
-14,-39,xjubmgobRlSTMwItMtlqEYrzSNE=,sCNI4x8W/yq/DwPJ6Ju5lgQ3RIA=
-11,-34,xjubmgobRlSTMwItMtlqEYrzSNE=,sCNI4x8W/yq/DwPJ6Ju5lgQ3RIA=
-12,-39,xjubmgobRlSTMwItMtlqEYrzSNE=,sCNI4x8W/yq/DwPJ6Ju5lgQ3RIA=
-14,-41,xjubmgobRlSTMwItMtlqEYrzSNE=,rUziLT58Fe2cOv3cxsqpNCIHAYM=
-11,-39,xjubmgobRlSTMwItMtlqEYrzSNE=,sCNI4x8W/yq/DwPJ6Ju5lgQ3RIA=
-13,-41,xjubmgobRlSTMwItMtlqEYrzSNE=,rUziLT58Fe2cOv3cxsqpNCIHAYM=
-10,-39,xjubmgobRlSTMwItMtlqEYrzSNE=,sCNI4x8W/yq/DwPJ6Ju5lgQ3RIA=
-10,-34,xjubmgobRlSTMwItMtlqEYrzSNE=,sCNI4x8W/yq/DwPJ6Ju5lgQ3RIA=
-13,-47,xjubmgobRlSTMwItMtlqEYrzSNE=,rUziLT58Fe2cOv3cxsqpNCIHAYM=
-15,-38,xjubmgobRlSTMwItMtlqEYrzSNE=,sCNI4x8W/yq/DwPJ6Ju5lgQ3RIA=
-14,-38,xjubmgobRlSTMwItMtlqEYrzSNE=,sCNI4x8W/yq/DwPJ6Ju5lgQ3RIA=
-13,-38,xjubmgobRlSTMwItMtlqEYrzSNE=,sCNI4x8W/yq/DwPJ6Ju5lgQ3RIA=
-12,-41,xjubmgobRlSTMwItMtlqEYrzSNE=,rUziLT58Fe2cOv3cxsqpNCIHAYM=
-12,-38,xjubmgobRlSTMwItMtlqEYrzSNE=,sCNI4x8W/yq/DwPJ6Ju5lgQ3RIA=
-11,-38,xjubmgobRlSTMwItMtlqEYrzSNE=,sCNI4x8W/yq/DwPJ6Ju5lgQ3RIA=
-12,-47,xjubmgobRlSTMwItMtlqEYrzSNE=,rUziLT58Fe2cOv3cxsqpNCIHAYM=
-15,-37,xjubmgobRlSTMwItMtlqEYrzSNE=,sCNI4x8W/yq/DwPJ6Ju5lgQ3RIA=
-10,-38,xjubmgobRlSTMwItMtlqEYrzSNE=,sCNI4x8W/yq/DwPJ6Ju5lgQ3RIA=
-11,-47,xjubmgobRlSTMwItMtlqEYrzSNE=,rUziLT58Fe2cOv3cxsqpNCIHAYM=
-14,-37,xjubmgobRlSTMwItMtlqEYrzSNE=,sCNI4x8W/yq/DwPJ6Ju5lgQ3RIA=
-11,-41,xjubmgobRlSTMwItMtlqEYrzSNE=,rUziLT58Fe2cOv3cxsqpNCIHAYM=
-13,-37,xjubmgobRlSTMwItMtlqEYrzSNE=,sCNI4x8W/yq/DwPJ6Ju5lgQ3RIA=
-10,-47,xjubmgobRlSTMwItMtlqEYrzSNE=,rUziLT58Fe2cOv3cxsqpNCIHAYM=
-8,-46,xjubmgobRlSTMwItMtlqEYrzSNE=,sKRMDzDtj2eSUlCkLJFda7sR3Do=
-9,-47,MZEap9ksMg4ZBaOaN5Je3Tvumss=,rUziLT58Fe2cOv3cxsqpNCIHAYM=
-10,-41,MZEap9ksMg4ZBaOaN5Je3Tvumss=,rUziLT58Fe2cOv3cxsqpNCIHAYM=
-15,-46,MZEap9ksMg4ZBaOaN5Je3Tvumss=,rUziLT58Fe2cOv3cxsqpNCIHAYM=
-14,-46,MZEap9ksMg4ZBaOaN5Je3Tvumss=,rUziLT58Fe2cOv3cxsqpNCIHAYM=
-13,-46,MZEap9ksMg4ZBaOaN5Je3Tvumss=,rUziLT58Fe2cOv3cxsqpNCIHAYM=
-12,-46,MZEap9ksMg4ZBaOaN5Je3Tvumss=,rUziLT58Fe2cOv3cxsqpNCIHAYM=
-4,-41,MZEap9ksMg4ZBaOaN5Je3Tvumss=,sKRMDzDtj2eSUlCkLJFda7sR3Do=
-11,-46,MZEap9ksMg4ZBaOaN5Je3Tvumss=,rUziLT58Fe2cOv3cxsqpNCIHAYM=
-8,-45,MZEap9ksMg4ZBaOaN5Je3Tvumss=,sKRMDzDtj2eSUlCkLJFda7sR3Do=
-10,-46,MZEap9ksMg4ZBaOaN5Je3Tvumss=,rUziLT58Fe2cOv3cxsqpNCIHAYM=
-8,-35,MZEap9ksMg4ZBaOaN5Je3Tvumss=,hSOZuTyRh3FoOSECt2aKO+wllh4=
-15,-40,MZEap9ksMg4ZBaOaN5Je3Tvumss=,sCNI4x8W/yq/DwPJ6Ju5lgQ3RIA=
-14,-40,MZEap9ksMg4ZBaOaN5Je3Tvumss=,sCNI4x8W/yq/DwPJ6Ju5lgQ3RIA=
-2,-35,MZEap9ksMg4ZBaOaN5Je3Tvumss=,hSOZuTyRh3FoOSECt2aKO+wllh4=
-13,-40,MZEap9ksMg4ZBaOaN5Je3Tvumss=,sCNI4x8W/yq/DwPJ6Ju5lgQ3RIA=
-3,-41,MZEap9ksMg4ZBaOaN5Je3Tvumss=,sKRMDzDtj2eSUlCkLJFda7sR3Do=
-12,-40,MZEap9ksMg4ZBaOaN5Je3Tvumss=,sCNI4x8W/yq/DwPJ6Ju5lgQ3RIA=
-2,-41,MZEap9ksMg4ZBaOaN5Je3Tvumss=,sKRMDzDtj2eSUlCkLJFda7sR3Do=
-6,-38,MZEap9ksMg4ZBaOaN5Je3Tvumss=,hSOZuTyRh3FoOSECt2aKO+wllh4=
-4,-33,MZEap9ksMg4ZBaOaN5Je3Tvumss=,hSOZuTyRh3FoOSECt2aKO+wllh4=
-8,-34,MZEap9ksMg4ZBaOaN5Je3Tvumss=,hSOZuTyRh3FoOSECt2aKO+wllh4=
-11,-40,MZEap9ksMg4ZBaOaN5Je3Tvumss=,sCNI4x8W/yq/DwPJ6Ju5lgQ3RIA=
-8,-36,MZEap9ksMg4ZBaOaN5Je3Tvumss=,hSOZuTyRh3FoOSECt2aKO+wllh4=
-15,-33,MZEap9ksMg4ZBaOaN5Je3Tvumss=,sCNI4x8W/yq/DwPJ6Ju5lgQ3RIA=
-6,-37,MZEap9ksMg4ZBaOaN5Je3Tvumss=,hSOZuTyRh3FoOSECt2aKO+wllh4=
-3,-33,MZEap9ksMg4ZBaOaN5Je3Tvumss=,hSOZuTyRh3FoOSECt2aKO+wllh4=
-9,-37,MZEap9ksMg4ZBaOaN5Je3Tvumss=,sCNI4x8W/yq/DwPJ6Ju5lgQ3RIA=
-2,-33,MZEap9ksMg4ZBaOaN5Je3Tvumss=,hSOZuTyRh3FoOSECt2aKO+wllh4=
-8,-40,MZEap9ksMg4ZBaOaN5Je3Tvumss=,hSOZuTyRh3FoOSECt2aKO+wllh4=
-10,-40,MZEap9ksMg4ZBaOaN5Je3Tvumss=,sCNI4x8W/yq/DwPJ6Ju5lgQ3RIA=
-7,-35,MZEap9ksMg4ZBaOaN5Je3Tvumss=,hSOZuTyRh3FoOSECt2aKO+wllh4=
-14,-33,MZEap9ksMg4ZBaOaN5Je3Tvumss=,sCNI4x8W/yq/DwPJ6Ju5lgQ3RIA=
-5,-40,MZEap9ksMg4ZBaOaN5Je3Tvumss=,hSOZuTyRh3FoOSECt2aKO+wllh4=
-4,-40,MZEap9ksMg4ZBaOaN5Je3Tvumss=,hSOZuTyRh3FoOSECt2aKO+wllh4=
-7,-33,MZEap9ksMg4ZBaOaN5Je3Tvumss=,hSOZuTyRh3FoOSECt2aKO+wllh4=
-3,-40,MZEap9ksMg4ZBaOaN5Je3Tvumss=,hSOZuTyRh3FoOSECt2aKO+wllh4=
-9,-46,MZEap9ksMg4ZBaOaN5Je3Tvumss=,rUziLT58Fe2cOv3cxsqpNCIHAYM=
-2,-40,MZEap9ksMg4ZBaOaN5Je3Tvumss=,hSOZuTyRh3FoOSECt2aKO+wllh4=
-13,-33,MZEap9ksMg4ZBaOaN5Je3Tvumss=,sCNI4x8W/yq/DwPJ6Ju5lgQ3RIA=
-6,-33,MZEap9ksMg4ZBaOaN5Je3Tvumss=,hSOZuTyRh3FoOSECt2aKO+wllh4=
-8,-44,MZEap9ksMg4ZBaOaN5Je3Tvumss=,sKRMDzDtj2eSUlCkLJFda7sR3Do=
-8,-39,MZEap9ksMg4ZBaOaN5Je3Tvumss=,hSOZuTyRh3FoOSECt2aKO+wllh4=
-12,-33,MZEap9ksMg4ZBaOaN5Je3Tvumss=,sCNI4x8W/yq/DwPJ6Ju5lgQ3RIA=
-8,-33,MZEap9ksMg4ZBaOaN5Je3Tvumss=,hSOZuTyRh3FoOSECt2aKO+wllh4=
-15,-45,MZEap9ksMg4ZBaOaN5Je3Tvumss=,rUziLT58Fe2cOv3cxsqpNCIHAYM=
-5,-33,MZEap9ksMg4ZBaOaN5Je3Tvumss=,hSOZuTyRh3FoOSECt2aKO+wllh4=
-7,-36,MZEap9ksMg4ZBaOaN5Je3Tvumss=,hSOZuTyRh3FoOSECt2aKO+wllh4=
-7,-39,MZEap9ksMg4ZBaOaN5Je3Tvumss=,hSOZuTyRh3FoOSECt2aKO+wllh4=
-11,-33,MZEap9ksMg4ZBaOaN5Je3Tvumss=,sCNI4x8W/yq/DwPJ6Ju5lgQ3RIA=
-14,-45,MZEap9ksMg4ZBaOaN5Je3Tvumss=,rUziLT58Fe2cOv3cxsqpNCIHAYM=
-7,-40,MZEap9ksMg4ZBaOaN5Je3Tvumss=,hSOZuTyRh3FoOSECt2aKO+wllh4=
-5,-38,MZEap9ksMg4ZBaOaN5Je3Tvumss=,hSOZuTyRh3FoOSECt2aKO+wllh4=
-13,-45,MZEap9ksMg4ZBaOaN5Je3Tvumss=,rUziLT58Fe2cOv3cxsqpNCIHAYM=
-10,-33,MZEap9ksMg4ZBaOaN5Je3Tvumss=,sCNI4x8W/yq/DwPJ6Ju5lgQ3RIA=
-6,-40,MZEap9ksMg4ZBaOaN5Je3Tvumss=,hSOZuTyRh3FoOSECt2aKO+wllh4=
-9,-33,MZEap9ksMg4ZBaOaN5Je3Tvumss=,sCNI4x8W/yq/DwPJ6Ju5lgQ3RIA=
-12,-45,MZEap9ksMg4ZBaOaN5Je3Tvumss=,rUziLT58Fe2cOv3cxsqpNCIHAYM=
-5,-39,MZEap9ksMg4ZBaOaN5Je3Tvumss=,hSOZuTyRh3FoOSECt2aKO+wllh4=
-9,-36,MZEap9ksMg4ZBaOaN5Je3Tvumss=,sCNI4x8W/yq/DwPJ6Ju5lgQ3RIA=
-11,-45,MZEap9ksMg4ZBaOaN5Je3Tvumss=,rUziLT58Fe2cOv3cxsqpNCIHAYM=
-4,-39,MZEap9ksMg4ZBaOaN5Je3Tvumss=,hSOZuTyRh3FoOSECt2aKO+wllh4=
-10,-45,MZEap9ksMg4ZBaOaN5Je3Tvumss=,rUziLT58Fe2cOv3cxsqpNCIHAYM=
-4,-38,MZEap9ksMg4ZBaOaN5Je3Tvumss=,hSOZuTyRh3FoOSECt2aKO+wllh4=
-8,-43,MZEap9ksMg4ZBaOaN5Je3Tvumss=,sKRMDzDtj2eSUlCkLJFda7sR3Do=
-5,-37,MZEap9ksMg4ZBaOaN5Je3Tvumss=,hSOZuTyRh3FoOSECt2aKO+wllh4=
-3,-39,MZEap9ksMg4ZBaOaN5Je3Tvumss=,hSOZuTyRh3FoOSECt2aKO+wllh4=
-2,-39,MZEap9ksMg4ZBaOaN5Je3Tvumss=,hSOZuTyRh3FoOSECt2aKO+wllh4=
-9,-45,MZEap9ksMg4ZBaOaN5Je3Tvumss=,rUziLT58Fe2cOv3cxsqpNCIHAYM=
-6,-36,MZEap9ksMg4ZBaOaN5Je3Tvumss=,hSOZuTyRh3FoOSECt2aKO+wllh4=
-15,-44,MZEap9ksMg4ZBaOaN5Je3Tvumss=,rUziLT58Fe2cOv3cxsqpNCIHAYM=
-8,-38,MZEap9ksMg4ZBaOaN5Je3Tvumss=,hSOZuTyRh3FoOSECt2aKO+wllh4=
-14,-44,MZEap9ksMg4ZBaOaN5Je3Tvumss=,rUziLT58Fe2cOv3cxsqpNCIHAYM=
-6,-39,MZEap9ksMg4ZBaOaN5Je3Tvumss=,hSOZuTyRh3FoOSECt2aKO+wllh4=
-3,-38,MZEap9ksMg4ZBaOaN5Je3Tvumss=,hSOZuTyRh3FoOSECt2aKO+wllh4=
-13,-44,MZEap9ksMg4ZBaOaN5Je3Tvumss=,rUziLT58Fe2cOv3cxsqpNCIHAYM=
-5,-36,MZEap9ksMg4ZBaOaN5Je3Tvumss=,hSOZuTyRh3FoOSECt2aKO+wllh4=
-9,-41,MZEap9ksMg4ZBaOaN5Je3Tvumss=,rUziLT58Fe2cOv3cxsqpNCIHAYM=
-12,-44,MZEap9ksMg4ZBaOaN5Je3Tvumss=,rUziLT58Fe2cOv3cxsqpNCIHAYM=
-8,-42,MZEap9ksMg4ZBaOaN5Je3Tvumss=,sKRMDzDtj2eSUlCkLJFda7sR3Do=
-4,-37,MZEap9ksMg4ZBaOaN5Je3Tvumss=,hSOZuTyRh3FoOSECt2aKO+wllh4=
-9,-35,MZEap9ksMg4ZBaOaN5Je3Tvumss=,sCNI4x8W/yq/DwPJ6Ju5lgQ3RIA=
-1,-35,MZEap9ksMg4ZBaOaN5Je3Tvumss=,hSOZuTyRh3FoOSECt2aKO+wllh4=
-11,-44,MZEap9ksMg4ZBaOaN5Je3Tvumss=,rUziLT58Fe2cOv3cxsqpNCIHAYM=
-2,-38,MZEap9ksMg4ZBaOaN5Je3Tvumss=,hSOZuTyRh3FoOSECt2aKO+wllh4=
-1,-39,MZEap9ksMg4ZBaOaN5Je3Tvumss=,hSOZuTyRh3FoOSECt2aKO+wllh4=
-10,-44,MZEap9ksMg4ZBaOaN5Je3Tvumss=,rUziLT58Fe2cOv3cxsqpNCIHAYM=
-4,-36,MZEap9ksMg4ZBaOaN5Je3Tvumss=,hSOZuTyRh3FoOSECt2aKO+wllh4=
-9,-40,MZEap9ksMg4ZBaOaN5Je3Tvumss=,sCNI4x8W/yq/DwPJ6Ju5lgQ3RIA=
-1,-38,MZEap9ksMg4ZBaOaN5Je3Tvumss=,hSOZuTyRh3FoOSECt2aKO+wllh4=
-9,-44,MZEap9ksMg4ZBaOaN5Je3Tvumss=,rUziLT58Fe2cOv3cxsqpNCIHAYM=
-3,-37,MZEap9ksMg4ZBaOaN5Je3Tvumss=,hSOZuTyRh3FoOSECt2aKO+wllh4=
-1,-41,MZEap9ksMg4ZBaOaN5Je3Tvumss=,sKRMDzDtj2eSUlCkLJFda7sR3Do=
-15,-43,MZEap9ksMg4ZBaOaN5Je3Tvumss=,rUziLT58Fe2cOv3cxsqpNCIHAYM=
-1,-34,MZEap9ksMg4ZBaOaN5Je3Tvumss=,hSOZuTyRh3FoOSECt2aKO+wllh4=
-14,-43,MZEap9ksMg4ZBaOaN5Je3Tvumss=,rUziLT58Fe2cOv3cxsqpNCIHAYM=
-1,-40,MZEap9ksMg4ZBaOaN5Je3Tvumss=,hSOZuTyRh3FoOSECt2aKO+wllh4=
-1,-37,MZEap9ksMg4ZBaOaN5Je3Tvumss=,hSOZuTyRh3FoOSECt2aKO+wllh4=
-6,-35,MZEap9ksMg4ZBaOaN5Je3Tvumss=,hSOZuTyRh3FoOSECt2aKO+wllh4=
-1,-36,MZEap9ksMg4ZBaOaN5Je3Tvumss=,hSOZuTyRh3FoOSECt2aKO+wllh4=
-13,-43,MZEap9ksMg4ZBaOaN5Je3Tvumss=,rUziLT58Fe2cOv3cxsqpNCIHAYM=
-1,-47,MZEap9ksMg4ZBaOaN5Je3Tvumss=,sKRMDzDtj2eSUlCkLJFda7sR3Do=
-1,-46,MZEap9ksMg4ZBaOaN5Je3Tvumss=,sKRMDzDtj2eSUlCkLJFda7sR3Do=
-2,-37,MZEap9ksMg4ZBaOaN5Je3Tvumss=,hSOZuTyRh3FoOSECt2aKO+wllh4=
-5,-35,MZEap9ksMg4ZBaOaN5Je3Tvumss=,hSOZuTyRh3FoOSECt2aKO+wllh4=
-1,-45,MZEap9ksMg4ZBaOaN5Je3Tvumss=,sKRMDzDtj2eSUlCkLJFda7sR3Do=
-1,-44,MZEap9ksMg4ZBaOaN5Je3Tvumss=,sKRMDzDtj2eSUlCkLJFda7sR3Do=
-7,-34,MZEap9ksMg4ZBaOaN5Je3Tvumss=,hSOZuTyRh3FoOSECt2aKO+wllh4=
-3,-34,MZEap9ksMg4ZBaOaN5Je3Tvumss=,hSOZuTyRh3FoOSECt2aKO+wllh4=
-3,-36,MZEap9ksMg4ZBaOaN5Je3Tvumss=,hSOZuTyRh3FoOSECt2aKO+wllh4=
-4,-34,MZEap9ksMg4ZBaOaN5Je3Tvumss=,hSOZuTyRh3FoOSECt2aKO+wllh4=
-1,-43,MZEap9ksMg4ZBaOaN5Je3Tvumss=,sKRMDzDtj2eSUlCkLJFda7sR3Do=
-8,-37,MZEap9ksMg4ZBaOaN5Je3Tvumss=,hSOZuTyRh3FoOSECt2aKO+wllh4=
-1,-42,MZEap9ksMg4ZBaOaN5Je3Tvumss=,sKRMDzDtj2eSUlCkLJFda7sR3Do=
-3,-35,MZEap9ksMg4ZBaOaN5Je3Tvumss=,hSOZuTyRh3FoOSECt2aKO+wllh4=
-6,-34,MZEap9ksMg4ZBaOaN5Je3Tvumss=,hSOZuTyRh3FoOSECt2aKO+wllh4=
-2,-36,MZEap9ksMg4ZBaOaN5Je3Tvumss=,hSOZuTyRh3FoOSECt2aKO+wllh4=
-9,-39,MZEap9ksMg4ZBaOaN5Je3Tvumss=,sCNI4x8W/yq/DwPJ6Ju5lgQ3RIA=
-9,-34,MZEap9ksMg4ZBaOaN5Je3Tvumss=,sCNI4x8W/yq/DwPJ6Ju5lgQ3RIA=
-15,-48,MZEap9ksMg4ZBaOaN5Je3Tvumss=,rUziLT58Fe2cOv3cxsqpNCIHAYM=
-5,-34,MZEap9ksMg4ZBaOaN5Je3Tvumss=,hSOZuTyRh3FoOSECt2aKO+wllh4=
-4,-35,MZEap9ksMg4ZBaOaN5Je3Tvumss=,hSOZuTyRh3FoOSECt2aKO+wllh4=
-7,-38,MZEap9ksMg4ZBaOaN5Je3Tvumss=,hSOZuTyRh3FoOSECt2aKO+wllh4=
-2,-34,MZEap9ksMg4ZBaOaN5Je3Tvumss=,hSOZuTyRh3FoOSECt2aKO+wllh4=
-14,-48,MZEap9ksMg4ZBaOaN5Je3Tvumss=,rUziLT58Fe2cOv3cxsqpNCIHAYM=
-8,-41,MZEap9ksMg4ZBaOaN5Je3Tvumss=,sKRMDzDtj2eSUlCkLJFda7sR3Do=
-7,-41,MZEap9ksMg4ZBaOaN5Je3Tvumss=,sKRMDzDtj2eSUlCkLJFda7sR3Do=
-9,-38,MZEap9ksMg4ZBaOaN5Je3Tvumss=,sCNI4x8W/yq/DwPJ6Ju5lgQ3RIA=
-7,-37,MZEap9ksMg4ZBaOaN5Je3Tvumss=,hSOZuTyRh3FoOSECt2aKO+wllh4=
-13,-48,MZEap9ksMg4ZBaOaN5Je3Tvumss=,rUziLT58Fe2cOv3cxsqpNCIHAYM=
-5,-41,MZEap9ksMg4ZBaOaN5Je3Tvumss=,sKRMDzDtj2eSUlCkLJFda7sR3Do=
-6,-41,MZEap9ksMg4ZBaOaN5Je3Tvumss=,sKRMDzDtj2eSUlCkLJFda7sR3Do=
-8,-48,MZEap9ksMg4ZBaOaN5Je3Tvumss=,sKRMDzDtj2eSUlCkLJFda7sR3Do=
-12,-48,MZEap9ksMg4ZBaOaN5Je3Tvumss=,rUziLT58Fe2cOv3cxsqpNCIHAYM=
-11,-48,MZEap9ksMg4ZBaOaN5Je3Tvumss=,rUziLT58Fe2cOv3cxsqpNCIHAYM=
-7,-48,MZEap9ksMg4ZBaOaN5Je3Tvumss=,sKRMDzDtj2eSUlCkLJFda7sR3Do=
-10,-48,MZEap9ksMg4ZBaOaN5Je3Tvumss=,rUziLT58Fe2cOv3cxsqpNCIHAYM=
-6,-48,MZEap9ksMg4ZBaOaN5Je3Tvumss=,sKRMDzDtj2eSUlCkLJFda7sR3Do=
-16,-42,MZEap9ksMg4ZBaOaN5Je3Tvumss=,rUziLT58Fe2cOv3cxsqpNCIHAYM=
-16,-48,MZEap9ksMg4ZBaOaN5Je3Tvumss=,rUziLT58Fe2cOv3cxsqpNCIHAYM=
-16,-47,MZEap9ksMg4ZBaOaN5Je3Tvumss=,rUziLT58Fe2cOv3cxsqpNCIHAYM=
-5,-48,MZEap9ksMg4ZBaOaN5Je3Tvumss=,sKRMDzDtj2eSUlCkLJFda7sR3Do=
-4,-48,MZEap9ksMg4ZBaOaN5Je3Tvumss=,sKRMDzDtj2eSUlCkLJFda7sR3Do=
-16,-46,MZEap9ksMg4ZBaOaN5Je3Tvumss=,rUziLT58Fe2cOv3cxsqpNCIHAYM=
-1,-48,MZEap9ksMg4ZBaOaN5Je3Tvumss=,sKRMDzDtj2eSUlCkLJFda7sR3Do=
-3,-48,MZEap9ksMg4ZBaOaN5Je3Tvumss=,sKRMDzDtj2eSUlCkLJFda7sR3Do=
-16,-45,MZEap9ksMg4ZBaOaN5Je3Tvumss=,rUziLT58Fe2cOv3cxsqpNCIHAYM=
-1,-33,MZEap9ksMg4ZBaOaN5Je3Tvumss=,hSOZuTyRh3FoOSECt2aKO+wllh4=
-2,-48,MZEap9ksMg4ZBaOaN5Je3Tvumss=,sKRMDzDtj2eSUlCkLJFda7sR3Do=
-16,-44,MZEap9ksMg4ZBaOaN5Je3Tvumss=,rUziLT58Fe2cOv3cxsqpNCIHAYM=
-9,-48,MZEap9ksMg4ZBaOaN5Je3Tvumss=,rUziLT58Fe2cOv3cxsqpNCIHAYM=
-16,-43,MZEap9ksMg4ZBaOaN5Je3Tvumss=,rUziLT58Fe2cOv3cxsqpNCIHAYM=
-16,-36,MZEap9ksMg4ZBaOaN5Je3Tvumss=,sCNI4x8W/yq/DwPJ6Ju5lgQ3RIA=
-16,-37,MZEap9ksMg4ZBaOaN5Je3Tvumss=,sCNI4x8W/yq/DwPJ6Ju5lgQ3RIA=
-16,-33,MZEap9ksMg4ZBaOaN5Je3Tvumss=,sCNI4x8W/yq/DwPJ6Ju5lgQ3RIA=
-16,-41,MZEap9ksMg4ZBaOaN5Je3Tvumss=,rUziLT58Fe2cOv3cxsqpNCIHAYM=
-16,-38,MZEap9ksMg4ZBaOaN5Je3Tvumss=,sCNI4x8W/yq/DwPJ6Ju5lgQ3RIA=
-16,-34,MZEap9ksMg4ZBaOaN5Je3Tvumss=,sCNI4x8W/yq/DwPJ6Ju5lgQ3RIA=
-16,-39,MZEap9ksMg4ZBaOaN5Je3Tvumss=,sCNI4x8W/yq/DwPJ6Ju5lgQ3RIA=
-16,-35,MZEap9ksMg4ZBaOaN5Je3Tvumss=,sCNI4x8W/yq/DwPJ6Ju5lgQ3RIA=
-16,-40,MZEap9ksMg4ZBaOaN5Je3Tvumss=,sCNI4x8W/yq/DwPJ6Ju5lgQ3RIA=
-12,-53,4yweXfXvgZz/xnwLbUH84DR0kVg=,RsFkNudqWHKe9g2DzCLjYIEia+c=
-11,-53,4yweXfXvgZz/xnwLbUH84DR0kVg=,RsFkNudqWHKe9g2DzCLjYIEia+c=
-10,-53,4yweXfXvgZz/xnwLbUH84DR0kVg=,RsFkNudqWHKe9g2DzCLjYIEia+c=
-15,-52,4yweXfXvgZz/xnwLbUH84DR0kVg=,RsFkNudqWHKe9g2DzCLjYIEia+c=
-14,-52,4yweXfXvgZz/xnwLbUH84DR0kVg=,RsFkNudqWHKe9g2DzCLjYIEia+c=
-13,-52,4yweXfXvgZz/xnwLbUH84DR0kVg=,RsFkNudqWHKe9g2DzCLjYIEia+c=
-12,-52,4yweXfXvgZz/xnwLbUH84DR0kVg=,RsFkNudqWHKe9g2DzCLjYIEia+c=
-11,-52,4yweXfXvgZz/xnwLbUH84DR0kVg=,RsFkNudqWHKe9g2DzCLjYIEia+c=
-10,-52,4yweXfXvgZz/xnwLbUH84DR0kVg=,RsFkNudqWHKe9g2DzCLjYIEia+c=
-15,-51,4yweXfXvgZz/xnwLbUH84DR0kVg=,RsFkNudqWHKe9g2DzCLjYIEia+c=
-14,-51,4yweXfXvgZz/xnwLbUH84DR0kVg=,RsFkNudqWHKe9g2DzCLjYIEia+c=
-13,-51,4yweXfXvgZz/xnwLbUH84DR0kVg=,RsFkNudqWHKe9g2DzCLjYIEia+c=
-15,-55,4yweXfXvgZz/xnwLbUH84DR0kVg=,RsFkNudqWHKe9g2DzCLjYIEia+c=
-12,-51,4yweXfXvgZz/xnwLbUH84DR0kVg=,RsFkNudqWHKe9g2DzCLjYIEia+c=
-11,-51,4yweXfXvgZz/xnwLbUH84DR0kVg=,RsFkNudqWHKe9g2DzCLjYIEia+c=
-2,-51,4yweXfXvgZz/xnwLbUH84DR0kVg=,8sKk5OVhHC/OxxoZJm7A1JVGW6M=
-14,-55,4yweXfXvgZz/xnwLbUH84DR0kVg=,RsFkNudqWHKe9g2DzCLjYIEia+c=
-10,-51,4yweXfXvgZz/xnwLbUH84DR0kVg=,RsFkNudqWHKe9g2DzCLjYIEia+c=
-8,-51,4yweXfXvgZz/xnwLbUH84DR0kVg=,8sKk5OVhHC/OxxoZJm7A1JVGW6M=
-15,-50,4yweXfXvgZz/xnwLbUH84DR0kVg=,RsFkNudqWHKe9g2DzCLjYIEia+c=
-8,-52,4yweXfXvgZz/xnwLbUH84DR0kVg=,8sKk5OVhHC/OxxoZJm7A1JVGW6M=
-13,-55,4yweXfXvgZz/xnwLbUH84DR0kVg=,RsFkNudqWHKe9g2DzCLjYIEia+c=
-4,-55,4yweXfXvgZz/xnwLbUH84DR0kVg=,8sKk5OVhHC/OxxoZJm7A1JVGW6M=
-12,-55,4yweXfXvgZz/xnwLbUH84DR0kVg=,RsFkNudqWHKe9g2DzCLjYIEia+c=
-8,-50,4yweXfXvgZz/xnwLbUH84DR0kVg=,8sKk5OVhHC/OxxoZJm7A1JVGW6M=
-11,-55,4yweXfXvgZz/xnwLbUH84DR0kVg=,RsFkNudqWHKe9g2DzCLjYIEia+c=
-6,-54,4yweXfXvgZz/xnwLbUH84DR0kVg=,8sKk5OVhHC/OxxoZJm7A1JVGW6M=
-14,-50,4yweXfXvgZz/xnwLbUH84DR0kVg=,RsFkNudqWHKe9g2DzCLjYIEia+c=
-5,-54,4yweXfXvgZz/xnwLbUH84DR0kVg=,8sKk5OVhHC/OxxoZJm7A1JVGW6M=
-13,-50,4yweXfXvgZz/xnwLbUH84DR0kVg=,RsFkNudqWHKe9g2DzCLjYIEia+c=
-10,-55,4yweXfXvgZz/xnwLbUH84DR0kVg=,RsFkNudqWHKe9g2DzCLjYIEia+c=
-6,-53,4yweXfXvgZz/xnwLbUH84DR0kVg=,8sKk5OVhHC/OxxoZJm7A1JVGW6M=
-12,-50,4yweXfXvgZz/xnwLbUH84DR0kVg=,RsFkNudqWHKe9g2DzCLjYIEia+c=
-4,-54,4yweXfXvgZz/xnwLbUH84DR0kVg=,8sKk5OVhHC/OxxoZJm7A1JVGW6M=
-15,-54,4yweXfXvgZz/xnwLbUH84DR0kVg=,RsFkNudqWHKe9g2DzCLjYIEia+c=
-3,-54,4yweXfXvgZz/xnwLbUH84DR0kVg=,8sKk5OVhHC/OxxoZJm7A1JVGW6M=
-11,-50,4yweXfXvgZz/xnwLbUH84DR0kVg=,RsFkNudqWHKe9g2DzCLjYIEia+c=
-5,-53,4yweXfXvgZz/xnwLbUH84DR0kVg=,8sKk5OVhHC/OxxoZJm7A1JVGW6M=
-10,-50,4yweXfXvgZz/xnwLbUH84DR0kVg=,RsFkNudqWHKe9g2DzCLjYIEia+c=
-9,-53,4yweXfXvgZz/xnwLbUH84DR0kVg=,RsFkNudqWHKe9g2DzCLjYIEia+c=
-14,-54,4yweXfXvgZz/xnwLbUH84DR0kVg=,RsFkNudqWHKe9g2DzCLjYIEia+c=
-4,-53,4yweXfXvgZz/xnwLbUH84DR0kVg=,8sKk5OVhHC/OxxoZJm7A1JVGW6M=
-13,-54,4yweXfXvgZz/xnwLbUH84DR0kVg=,RsFkNudqWHKe9g2DzCLjYIEia+c=
-2,-54,4yweXfXvgZz/xnwLbUH84DR0kVg=,8sKk5OVhHC/OxxoZJm7A1JVGW6M=
-12,-54,4yweXfXvgZz/xnwLbUH84DR0kVg=,RsFkNudqWHKe9g2DzCLjYIEia+c=
-3,-53,4yweXfXvgZz/xnwLbUH84DR0kVg=,8sKk5OVhHC/OxxoZJm7A1JVGW6M=
-11,-54,4yweXfXvgZz/xnwLbUH84DR0kVg=,RsFkNudqWHKe9g2DzCLjYIEia+c=
-2,-53,4yweXfXvgZz/xnwLbUH84DR0kVg=,8sKk5OVhHC/OxxoZJm7A1JVGW6M=
-10,-54,4yweXfXvgZz/xnwLbUH84DR0kVg=,RsFkNudqWHKe9g2DzCLjYIEia+c=
-7,-52,4yweXfXvgZz/xnwLbUH84DR0kVg=,8sKk5OVhHC/OxxoZJm7A1JVGW6M=
-15,-53,4yweXfXvgZz/xnwLbUH84DR0kVg=,RsFkNudqWHKe9g2DzCLjYIEia+c=
-8,-53,4yweXfXvgZz/xnwLbUH84DR0kVg=,8sKk5OVhHC/OxxoZJm7A1JVGW6M=
-14,-53,4yweXfXvgZz/xnwLbUH84DR0kVg=,RsFkNudqWHKe9g2DzCLjYIEia+c=
-7,-53,4yweXfXvgZz/xnwLbUH84DR0kVg=,8sKk5OVhHC/OxxoZJm7A1JVGW6M=
-13,-53,4yweXfXvgZz/xnwLbUH84DR0kVg=,RsFkNudqWHKe9g2DzCLjYIEia+c=
-3,-55,4yweXfXvgZz/xnwLbUH84DR0kVg=,8sKk5OVhHC/OxxoZJm7A1JVGW6M=
-4,-57,4yweXfXvgZz/xnwLbUH84DR0kVg=,eKJaxqlUpezuIM+ssyZumfBXg5o=
-7,-51,4yweXfXvgZz/xnwLbUH84DR0kVg=,8sKk5OVhHC/OxxoZJm7A1JVGW6M=
-3,-57,4yweXfXvgZz/xnwLbUH84DR0kVg=,eKJaxqlUpezuIM+ssyZumfBXg5o=
-6,-52,4yweXfXvgZz/xnwLbUH84DR0kVg=,8sKk5OVhHC/OxxoZJm7A1JVGW6M=
-2,-57,4yweXfXvgZz/xnwLbUH84DR0kVg=,eKJaxqlUpezuIM+ssyZumfBXg5o=
-2,-55,4yweXfXvgZz/xnwLbUH84DR0kVg=,8sKk5OVhHC/OxxoZJm7A1JVGW6M=
-6,-56,4yweXfXvgZz/xnwLbUH84DR0kVg=,8sKk5OVhHC/OxxoZJm7A1JVGW6M=
-9,-52,4yweXfXvgZz/xnwLbUH84DR0kVg=,RsFkNudqWHKe9g2DzCLjYIEia+c=
-4,-56,4yweXfXvgZz/xnwLbUH84DR0kVg=,8sKk5OVhHC/OxxoZJm7A1JVGW6M=
-5,-52,4yweXfXvgZz/xnwLbUH84DR0kVg=,8sKk5OVhHC/OxxoZJm7A1JVGW6M=
-3,-56,4yweXfXvgZz/xnwLbUH84DR0kVg=,8sKk5OVhHC/OxxoZJm7A1JVGW6M=
-8,-55,4yweXfXvgZz/xnwLbUH84DR0kVg=,8sKk5OVhHC/OxxoZJm7A1JVGW6M=
-7,-56,4yweXfXvgZz/xnwLbUH84DR0kVg=,8sKk5OVhHC/OxxoZJm7A1JVGW6M=
-4,-52,4yweXfXvgZz/xnwLbUH84DR0kVg=,8sKk5OVhHC/OxxoZJm7A1JVGW6M=
-7,-63,4yweXfXvgZz/xnwLbUH84DR0kVg=,eKJaxqlUpezuIM+ssyZumfBXg5o=
-7,-55,4yweXfXvgZz/xnwLbUH84DR0kVg=,8sKk5OVhHC/OxxoZJm7A1JVGW6M=
-6,-63,4yweXfXvgZz/xnwLbUH84DR0kVg=,eKJaxqlUpezuIM+ssyZumfBXg5o=
-9,-51,4yweXfXvgZz/xnwLbUH84DR0kVg=,RsFkNudqWHKe9g2DzCLjYIEia+c=
-5,-63,4yweXfXvgZz/xnwLbUH84DR0kVg=,eKJaxqlUpezuIM+ssyZumfBXg5o=
-6,-51,4yweXfXvgZz/xnwLbUH84DR0kVg=,8sKk5OVhHC/OxxoZJm7A1JVGW6M=
-4,-63,4yweXfXvgZz/xnwLbUH84DR0kVg=,eKJaxqlUpezuIM+ssyZumfBXg5o=
-3,-52,4yweXfXvgZz/xnwLbUH84DR0kVg=,8sKk5OVhHC/OxxoZJm7A1JVGW6M=
-3,-63,4yweXfXvgZz/xnwLbUH84DR0kVg=,eKJaxqlUpezuIM+ssyZumfBXg5o=
-8,-54,4yweXfXvgZz/xnwLbUH84DR0kVg=,8sKk5OVhHC/OxxoZJm7A1JVGW6M=
-2,-63,4yweXfXvgZz/xnwLbUH84DR0kVg=,eKJaxqlUpezuIM+ssyZumfBXg5o=
-9,-55,4yweXfXvgZz/xnwLbUH84DR0kVg=,RsFkNudqWHKe9g2DzCLjYIEia+c=
-2,-56,4yweXfXvgZz/xnwLbUH84DR0kVg=,8sKk5OVhHC/OxxoZJm7A1JVGW6M=
-2,-50,4yweXfXvgZz/xnwLbUH84DR0kVg=,8sKk5OVhHC/OxxoZJm7A1JVGW6M=
-7,-62,4yweXfXvgZz/xnwLbUH84DR0kVg=,eKJaxqlUpezuIM+ssyZumfBXg5o=
-2,-52,4yweXfXvgZz/xnwLbUH84DR0kVg=,8sKk5OVhHC/OxxoZJm7A1JVGW6M=
-6,-62,4yweXfXvgZz/xnwLbUH84DR0kVg=,eKJaxqlUpezuIM+ssyZumfBXg5o=
-6,-55,4yweXfXvgZz/xnwLbUH84DR0kVg=,8sKk5OVhHC/OxxoZJm7A1JVGW6M=
-5,-62,4yweXfXvgZz/xnwLbUH84DR0kVg=,eKJaxqlUpezuIM+ssyZumfBXg5o=
-9,-50,4yweXfXvgZz/xnwLbUH84DR0kVg=,RsFkNudqWHKe9g2DzCLjYIEia+c=
-4,-62,4yweXfXvgZz/xnwLbUH84DR0kVg=,eKJaxqlUpezuIM+ssyZumfBXg5o=
-5,-55,4yweXfXvgZz/xnwLbUH84DR0kVg=,8sKk5OVhHC/OxxoZJm7A1JVGW6M=
-3,-62,4yweXfXvgZz/xnwLbUH84DR0kVg=,eKJaxqlUpezuIM+ssyZumfBXg5o=
-9,-54,4yweXfXvgZz/xnwLbUH84DR0kVg=,RsFkNudqWHKe9g2DzCLjYIEia+c=
-2,-62,4yweXfXvgZz/xnwLbUH84DR0kVg=,eKJaxqlUpezuIM+ssyZumfBXg5o=
-5,-51,4yweXfXvgZz/xnwLbUH84DR0kVg=,8sKk5OVhHC/OxxoZJm7A1JVGW6M=
-7,-61,4yweXfXvgZz/xnwLbUH84DR0kVg=,eKJaxqlUpezuIM+ssyZumfBXg5o=
-4,-51,4yweXfXvgZz/xnwLbUH84DR0kVg=,8sKk5OVhHC/OxxoZJm7A1JVGW6M=
-6,-61,4yweXfXvgZz/xnwLbUH84DR0kVg=,eKJaxqlUpezuIM+ssyZumfBXg5o=
-3,-51,4yweXfXvgZz/xnwLbUH84DR0kVg=,8sKk5OVhHC/OxxoZJm7A1JVGW6M=
-5,-61,4yweXfXvgZz/xnwLbUH84DR0kVg=,eKJaxqlUpezuIM+ssyZumfBXg5o=
-7,-50,4yweXfXvgZz/xnwLbUH84DR0kVg=,8sKk5OVhHC/OxxoZJm7A1JVGW6M=
-4,-61,4yweXfXvgZz/xnwLbUH84DR0kVg=,eKJaxqlUpezuIM+ssyZumfBXg5o=
-7,-54,4yweXfXvgZz/xnwLbUH84DR0kVg=,8sKk5OVhHC/OxxoZJm7A1JVGW6M=
-3,-61,4yweXfXvgZz/xnwLbUH84DR0kVg=,eKJaxqlUpezuIM+ssyZumfBXg5o=
-2,-61,4yweXfXvgZz/xnwLbUH84DR0kVg=,eKJaxqlUpezuIM+ssyZumfBXg5o=
-6,-50,4yweXfXvgZz/xnwLbUH84DR0kVg=,8sKk5OVhHC/OxxoZJm7A1JVGW6M=
-7,-60,4yweXfXvgZz/xnwLbUH84DR0kVg=,eKJaxqlUpezuIM+ssyZumfBXg5o=
-5,-50,4yweXfXvgZz/xnwLbUH84DR0kVg=,8sKk5OVhHC/OxxoZJm7A1JVGW6M=
-6,-60,4yweXfXvgZz/xnwLbUH84DR0kVg=,eKJaxqlUpezuIM+ssyZumfBXg5o=
-4,-50,4yweXfXvgZz/xnwLbUH84DR0kVg=,8sKk5OVhHC/OxxoZJm7A1JVGW6M=
-5,-60,4yweXfXvgZz/xnwLbUH84DR0kVg=,eKJaxqlUpezuIM+ssyZumfBXg5o=
-3,-50,4yweXfXvgZz/xnwLbUH84DR0kVg=,8sKk5OVhHC/OxxoZJm7A1JVGW6M=
-4,-60,4yweXfXvgZz/xnwLbUH84DR0kVg=,eKJaxqlUpezuIM+ssyZumfBXg5o=
-12,-59,4yweXfXvgZz/xnwLbUH84DR0kVg=,jxwVri7ahR90eWMRwiB2c1/Zx9o=
-3,-60,4yweXfXvgZz/xnwLbUH84DR0kVg=,eKJaxqlUpezuIM+ssyZumfBXg5o=
-11,-59,4yweXfXvgZz/xnwLbUH84DR0kVg=,jxwVri7ahR90eWMRwiB2c1/Zx9o=
-2,-60,4yweXfXvgZz/xnwLbUH84DR0kVg=,eKJaxqlUpezuIM+ssyZumfBXg5o=
-10,-59,4yweXfXvgZz/xnwLbUH84DR0kVg=,jxwVri7ahR90eWMRwiB2c1/Zx9o=
-7,-59,4yweXfXvgZz/xnwLbUH84DR0kVg=,eKJaxqlUpezuIM+ssyZumfBXg5o=
-9,-59,4yweXfXvgZz/xnwLbUH84DR0kVg=,jxwVri7ahR90eWMRwiB2c1/Zx9o=
-6,-59,4yweXfXvgZz/xnwLbUH84DR0kVg=,eKJaxqlUpezuIM+ssyZumfBXg5o=
-8,-56,4yweXfXvgZz/xnwLbUH84DR0kVg=,8sKk5OVhHC/OxxoZJm7A1JVGW6M=
-5,-59,4yweXfXvgZz/xnwLbUH84DR0kVg=,eKJaxqlUpezuIM+ssyZumfBXg5o=
-15,-58,4yweXfXvgZz/xnwLbUH84DR0kVg=,jxwVri7ahR90eWMRwiB2c1/Zx9o=
-4,-59,4yweXfXvgZz/xnwLbUH84DR0kVg=,eKJaxqlUpezuIM+ssyZumfBXg5o=
-14,-58,4yweXfXvgZz/xnwLbUH84DR0kVg=,jxwVri7ahR90eWMRwiB2c1/Zx9o=
-3,-59,4yweXfXvgZz/xnwLbUH84DR0kVg=,eKJaxqlUpezuIM+ssyZumfBXg5o=
-13,-58,4yweXfXvgZz/xnwLbUH84DR0kVg=,jxwVri7ahR90eWMRwiB2c1/Zx9o=
-2,-59,4yweXfXvgZz/xnwLbUH84DR0kVg=,eKJaxqlUpezuIM+ssyZumfBXg5o=
-12,-58,4yweXfXvgZz/xnwLbUH84DR0kVg=,jxwVri7ahR90eWMRwiB2c1/Zx9o=
-11,-58,4yweXfXvgZz/xnwLbUH84DR0kVg=,jxwVri7ahR90eWMRwiB2c1/Zx9o=
-5,-56,4yweXfXvgZz/xnwLbUH84DR0kVg=,8sKk5OVhHC/OxxoZJm7A1JVGW6M=
-10,-58,4yweXfXvgZz/xnwLbUH84DR0kVg=,jxwVri7ahR90eWMRwiB2c1/Zx9o=
-7,-58,4yweXfXvgZz/xnwLbUH84DR0kVg=,eKJaxqlUpezuIM+ssyZumfBXg5o=
-9,-58,4yweXfXvgZz/xnwLbUH84DR0kVg=,jxwVri7ahR90eWMRwiB2c1/Zx9o=
-6,-58,4yweXfXvgZz/xnwLbUH84DR0kVg=,eKJaxqlUpezuIM+ssyZumfBXg5o=
-8,-63,4yweXfXvgZz/xnwLbUH84DR0kVg=,eKJaxqlUpezuIM+ssyZumfBXg5o=
-5,-58,4yweXfXvgZz/xnwLbUH84DR0kVg=,eKJaxqlUpezuIM+ssyZumfBXg5o=
-15,-57,4yweXfXvgZz/xnwLbUH84DR0kVg=,jxwVri7ahR90eWMRwiB2c1/Zx9o=
-4,-58,4yweXfXvgZz/xnwLbUH84DR0kVg=,eKJaxqlUpezuIM+ssyZumfBXg5o=
-14,-57,4yweXfXvgZz/xnwLbUH84DR0kVg=,jxwVri7ahR90eWMRwiB2c1/Zx9o=
-3,-58,4yweXfXvgZz/xnwLbUH84DR0kVg=,eKJaxqlUpezuIM+ssyZumfBXg5o=
-13,-57,4yweXfXvgZz/xnwLbUH84DR0kVg=,jxwVri7ahR90eWMRwiB2c1/Zx9o=
-15,-63,4yweXfXvgZz/xnwLbUH84DR0kVg=,jxwVri7ahR90eWMRwiB2c1/Zx9o=
-2,-58,4yweXfXvgZz/xnwLbUH84DR0kVg=,eKJaxqlUpezuIM+ssyZumfBXg5o=
-12,-57,4yweXfXvgZz/xnwLbUH84DR0kVg=,jxwVri7ahR90eWMRwiB2c1/Zx9o=
-7,-57,4yweXfXvgZz/xnwLbUH84DR0kVg=,eKJaxqlUpezuIM+ssyZumfBXg5o=
-14,-63,4yweXfXvgZz/xnwLbUH84DR0kVg=,jxwVri7ahR90eWMRwiB2c1/Zx9o=
-6,-57,4yweXfXvgZz/xnwLbUH84DR0kVg=,eKJaxqlUpezuIM+ssyZumfBXg5o=
-13,-63,4yweXfXvgZz/xnwLbUH84DR0kVg=,jxwVri7ahR90eWMRwiB2c1/Zx9o=
-5,-57,4yweXfXvgZz/xnwLbUH84DR0kVg=,eKJaxqlUpezuIM+ssyZumfBXg5o=
-11,-57,4yweXfXvgZz/xnwLbUH84DR0kVg=,jxwVri7ahR90eWMRwiB2c1/Zx9o=
-10,-57,4yweXfXvgZz/xnwLbUH84DR0kVg=,jxwVri7ahR90eWMRwiB2c1/Zx9o=
-9,-57,4yweXfXvgZz/xnwLbUH84DR0kVg=,jxwVri7ahR90eWMRwiB2c1/Zx9o=
-12,-63,4yweXfXvgZz/xnwLbUH84DR0kVg=,jxwVri7ahR90eWMRwiB2c1/Zx9o=
-11,-63,4yweXfXvgZz/xnwLbUH84DR0kVg=,jxwVri7ahR90eWMRwiB2c1/Zx9o=
-10,-63,4yweXfXvgZz/xnwLbUH84DR0kVg=,jxwVri7ahR90eWMRwiB2c1/Zx9o=
-9,-63,4yweXfXvgZz/xnwLbUH84DR0kVg=,jxwVri7ahR90eWMRwiB2c1/Zx9o=
-8,-62,4yweXfXvgZz/xnwLbUH84DR0kVg=,eKJaxqlUpezuIM+ssyZumfBXg5o=
-16,-52,4yweXfXvgZz/xnwLbUH84DR0kVg=,RsFkNudqWHKe9g2DzCLjYIEia+c=
-15,-56,4yweXfXvgZz/xnwLbUH84DR0kVg=,RsFkNudqWHKe9g2DzCLjYIEia+c=
-14,-56,4yweXfXvgZz/xnwLbUH84DR0kVg=,RsFkNudqWHKe9g2DzCLjYIEia+c=
-16,-51,4yweXfXvgZz/xnwLbUH84DR0kVg=,RsFkNudqWHKe9g2DzCLjYIEia+c=
-15,-62,4yweXfXvgZz/xnwLbUH84DR0kVg=,jxwVri7ahR90eWMRwiB2c1/Zx9o=
-16,-55,4yweXfXvgZz/xnwLbUH84DR0kVg=,RsFkNudqWHKe9g2DzCLjYIEia+c=
-14,-62,4yweXfXvgZz/xnwLbUH84DR0kVg=,jxwVri7ahR90eWMRwiB2c1/Zx9o=
-16,-50,4yweXfXvgZz/xnwLbUH84DR0kVg=,RsFkNudqWHKe9g2DzCLjYIEia+c=
-13,-62,4yweXfXvgZz/xnwLbUH84DR0kVg=,jxwVri7ahR90eWMRwiB2c1/Zx9o=
-16,-54,4yweXfXvgZz/xnwLbUH84DR0kVg=,RsFkNudqWHKe9g2DzCLjYIEia+c=
-16,-53,4yweXfXvgZz/xnwLbUH84DR0kVg=,RsFkNudqWHKe9g2DzCLjYIEia+c=
-12,-62,4yweXfXvgZz/xnwLbUH84DR0kVg=,jxwVri7ahR90eWMRwiB2c1/Zx9o=
-13,-56,4yweXfXvgZz/xnwLbUH84DR0kVg=,RsFkNudqWHKe9g2DzCLjYIEia+c=
-11,-62,4yweXfXvgZz/xnwLbUH84DR0kVg=,jxwVri7ahR90eWMRwiB2c1/Zx9o=
-12,-56,4yweXfXvgZz/xnwLbUH84DR0kVg=,RsFkNudqWHKe9g2DzCLjYIEia+c=
-8,-61,4yweXfXvgZz/xnwLbUH84DR0kVg=,eKJaxqlUpezuIM+ssyZumfBXg5o=
-10,-62,4yweXfXvgZz/xnwLbUH84DR0kVg=,jxwVri7ahR90eWMRwiB2c1/Zx9o=
-15,-49,4yweXfXvgZz/xnwLbUH84DR0kVg=,RsFkNudqWHKe9g2DzCLjYIEia+c=
-9,-62,4yweXfXvgZz/xnwLbUH84DR0kVg=,jxwVri7ahR90eWMRwiB2c1/Zx9o=
-14,-49,4yweXfXvgZz/xnwLbUH84DR0kVg=,RsFkNudqWHKe9g2DzCLjYIEia+c=
-15,-61,4yweXfXvgZz/xnwLbUH84DR0kVg=,jxwVri7ahR90eWMRwiB2c1/Zx9o=
-13,-49,4yweXfXvgZz/xnwLbUH84DR0kVg=,RsFkNudqWHKe9g2DzCLjYIEia+c=
-14,-61,4yweXfXvgZz/xnwLbUH84DR0kVg=,jxwVri7ahR90eWMRwiB2c1/Zx9o=
-12,-49,4yweXfXvgZz/xnwLbUH84DR0kVg=,RsFkNudqWHKe9g2DzCLjYIEia+c=
-13,-61,8y+gD1Zy8ofI4rRjH8s7jFtQp9o=,jxwVri7ahR90eWMRwiB2c1/Zx9o=
-11,-49,8y+gD1Zy8ofI4rRjH8s7jFtQp9o=,RsFkNudqWHKe9g2DzCLjYIEia+c=
-11,-56,8y+gD1Zy8ofI4rRjH8s7jFtQp9o=,RsFkNudqWHKe9g2DzCLjYIEia+c=
-10,-49,8y+gD1Zy8ofI4rRjH8s7jFtQp9o=,RsFkNudqWHKe9g2DzCLjYIEia+c=
-13,-59,8y+gD1Zy8ofI4rRjH8s7jFtQp9o=,jxwVri7ahR90eWMRwiB2c1/Zx9o=
-10,-56,8y+gD1Zy8ofI4rRjH8s7jFtQp9o=,RsFkNudqWHKe9g2DzCLjYIEia+c=
-9,-56,8y+gD1Zy8ofI4rRjH8s7jFtQp9o=,RsFkNudqWHKe9g2DzCLjYIEia+c=
-14,-59,8y+gD1Zy8ofI4rRjH8s7jFtQp9o=,jxwVri7ahR90eWMRwiB2c1/Zx9o=
-15,-59,8y+gD1Zy8ofI4rRjH8s7jFtQp9o=,jxwVri7ahR90eWMRwiB2c1/Zx9o=
-16,-58,8y+gD1Zy8ofI4rRjH8s7jFtQp9o=,jxwVri7ahR90eWMRwiB2c1/Zx9o=
-4,-49,8y+gD1Zy8ofI4rRjH8s7jFtQp9o=,8sKk5OVhHC/OxxoZJm7A1JVGW6M=
-16,-57,8y+gD1Zy8ofI4rRjH8s7jFtQp9o=,jxwVri7ahR90eWMRwiB2c1/Zx9o=
-16,-63,8y+gD1Zy8ofI4rRjH8s7jFtQp9o=,jxwVri7ahR90eWMRwiB2c1/Zx9o=
-3,-49,8y+gD1Zy8ofI4rRjH8s7jFtQp9o=,8sKk5OVhHC/OxxoZJm7A1JVGW6M=
-2,-49,8y+gD1Zy8ofI4rRjH8s7jFtQp9o=,8sKk5OVhHC/OxxoZJm7A1JVGW6M=
-16,-56,8y+gD1Zy8ofI4rRjH8s7jFtQp9o=,RsFkNudqWHKe9g2DzCLjYIEia+c=
-8,-49,8y+gD1Zy8ofI4rRjH8s7jFtQp9o=,8sKk5OVhHC/OxxoZJm7A1JVGW6M=
-7,-49,8y+gD1Zy8ofI4rRjH8s7jFtQp9o=,8sKk5OVhHC/OxxoZJm7A1JVGW6M=
-6,-49,8y+gD1Zy8ofI4rRjH8s7jFtQp9o=,8sKk5OVhHC/OxxoZJm7A1JVGW6M=
-16,-62,8y+gD1Zy8ofI4rRjH8s7jFtQp9o=,jxwVri7ahR90eWMRwiB2c1/Zx9o=
-5,-49,8y+gD1Zy8ofI4rRjH8s7jFtQp9o=,8sKk5OVhHC/OxxoZJm7A1JVGW6M=
-16,-61,8y+gD1Zy8ofI4rRjH8s7jFtQp9o=,jxwVri7ahR90eWMRwiB2c1/Zx9o=
-9,-49,8y+gD1Zy8ofI4rRjH8s7jFtQp9o=,RsFkNudqWHKe9g2DzCLjYIEia+c=
-16,-60,8y+gD1Zy8ofI4rRjH8s7jFtQp9o=,jxwVri7ahR90eWMRwiB2c1/Zx9o=
-16,-59,8y+gD1Zy8ofI4rRjH8s7jFtQp9o=,jxwVri7ahR90eWMRwiB2c1/Zx9o=
-8,-57,8y+gD1Zy8ofI4rRjH8s7jFtQp9o=,eKJaxqlUpezuIM+ssyZumfBXg5o=
-9,-60,8y+gD1Zy8ofI4rRjH8s7jFtQp9o=,jxwVri7ahR90eWMRwiB2c1/Zx9o=
-8,-58,8y+gD1Zy8ofI4rRjH8s7jFtQp9o=,eKJaxqlUpezuIM+ssyZumfBXg5o=
-7,-64,8y+gD1Zy8ofI4rRjH8s7jFtQp9o=,eKJaxqlUpezuIM+ssyZumfBXg5o=
-10,-60,8y+gD1Zy8ofI4rRjH8s7jFtQp9o=,jxwVri7ahR90eWMRwiB2c1/Zx9o=
-11,-60,8y+gD1Zy8ofI4rRjH8s7jFtQp9o=,jxwVri7ahR90eWMRwiB2c1/Zx9o=
-6,-64,8y+gD1Zy8ofI4rRjH8s7jFtQp9o=,eKJaxqlUpezuIM+ssyZumfBXg5o=
-5,-64,8y+gD1Zy8ofI4rRjH8s7jFtQp9o=,eKJaxqlUpezuIM+ssyZumfBXg5o=
-4,-64,8y+gD1Zy8ofI4rRjH8s7jFtQp9o=,eKJaxqlUpezuIM+ssyZumfBXg5o=
-1,-63,8y+gD1Zy8ofI4rRjH8s7jFtQp9o=,eKJaxqlUpezuIM+ssyZumfBXg5o=
-3,-64,8y+gD1Zy8ofI4rRjH8s7jFtQp9o=,eKJaxqlUpezuIM+ssyZumfBXg5o=
-2,-64,8y+gD1Zy8ofI4rRjH8s7jFtQp9o=,eKJaxqlUpezuIM+ssyZumfBXg5o=
-1,-62,8y+gD1Zy8ofI4rRjH8s7jFtQp9o=,eKJaxqlUpezuIM+ssyZumfBXg5o=
-1,-61,8y+gD1Zy8ofI4rRjH8s7jFtQp9o=,eKJaxqlUpezuIM+ssyZumfBXg5o=
-1,-51,8y+gD1Zy8ofI4rRjH8s7jFtQp9o=,8sKk5OVhHC/OxxoZJm7A1JVGW6M=
-1,-57,8y+gD1Zy8ofI4rRjH8s7jFtQp9o=,eKJaxqlUpezuIM+ssyZumfBXg5o=
-1,-53,8y+gD1Zy8ofI4rRjH8s7jFtQp9o=,8sKk5OVhHC/OxxoZJm7A1JVGW6M=
-1,-60,8y+gD1Zy8ofI4rRjH8s7jFtQp9o=,eKJaxqlUpezuIM+ssyZumfBXg5o=
-1,-54,8y+gD1Zy8ofI4rRjH8s7jFtQp9o=,8sKk5OVhHC/OxxoZJm7A1JVGW6M=
-1,-56,8y+gD1Zy8ofI4rRjH8s7jFtQp9o=,8sKk5OVhHC/OxxoZJm7A1JVGW6M=
-1,-59,8y+gD1Zy8ofI4rRjH8s7jFtQp9o=,eKJaxqlUpezuIM+ssyZumfBXg5o=
-1,-55,8y+gD1Zy8ofI4rRjH8s7jFtQp9o=,8sKk5OVhHC/OxxoZJm7A1JVGW6M=
-1,-58,8y+gD1Zy8ofI4rRjH8s7jFtQp9o=,eKJaxqlUpezuIM+ssyZumfBXg5o=
-1,-50,8y+gD1Zy8ofI4rRjH8s7jFtQp9o=,8sKk5OVhHC/OxxoZJm7A1JVGW6M=
-1,-52,8y+gD1Zy8ofI4rRjH8s7jFtQp9o=,8sKk5OVhHC/OxxoZJm7A1JVGW6M=
-12,-60,8y+gD1Zy8ofI4rRjH8s7jFtQp9o=,jxwVri7ahR90eWMRwiB2c1/Zx9o=
-1,-64,8y+gD1Zy8ofI4rRjH8s7jFtQp9o=,eKJaxqlUpezuIM+ssyZumfBXg5o=
-16,-49,8y+gD1Zy8ofI4rRjH8s7jFtQp9o=,RsFkNudqWHKe9g2DzCLjYIEia+c=
-1,-49,8y+gD1Zy8ofI4rRjH8s7jFtQp9o=,8sKk5OVhHC/OxxoZJm7A1JVGW6M=
-13,-60,8y+gD1Zy8ofI4rRjH8s7jFtQp9o=,jxwVri7ahR90eWMRwiB2c1/Zx9o=
-16,-64,8y+gD1Zy8ofI4rRjH8s7jFtQp9o=,jxwVri7ahR90eWMRwiB2c1/Zx9o=
-15,-64,8y+gD1Zy8ofI4rRjH8s7jFtQp9o=,jxwVri7ahR90eWMRwiB2c1/Zx9o=
-8,-64,8y+gD1Zy8ofI4rRjH8s7jFtQp9o=,eKJaxqlUpezuIM+ssyZumfBXg5o=
-9,-64,8y+gD1Zy8ofI4rRjH8s7jFtQp9o=,jxwVri7ahR90eWMRwiB2c1/Zx9o=
-14,-64,8y+gD1Zy8ofI4rRjH8s7jFtQp9o=,jxwVri7ahR90eWMRwiB2c1/Zx9o=
-13,-64,8y+gD1Zy8ofI4rRjH8s7jFtQp9o=,jxwVri7ahR90eWMRwiB2c1/Zx9o=
-8,-59,8y+gD1Zy8ofI4rRjH8s7jFtQp9o=,eKJaxqlUpezuIM+ssyZumfBXg5o=
-10,-64,8y+gD1Zy8ofI4rRjH8s7jFtQp9o=,jxwVri7ahR90eWMRwiB2c1/Zx9o=
-12,-64,8y+gD1Zy8ofI4rRjH8s7jFtQp9o=,jxwVri7ahR90eWMRwiB2c1/Zx9o=
-11,-64,8y+gD1Zy8ofI4rRjH8s7jFtQp9o=,jxwVri7ahR90eWMRwiB2c1/Zx9o=
-14,-60,8y+gD1Zy8ofI4rRjH8s7jFtQp9o=,jxwVri7ahR90eWMRwiB2c1/Zx9o=
-15,-60,8y+gD1Zy8ofI4rRjH8s7jFtQp9o=,jxwVri7ahR90eWMRwiB2c1/Zx9o=
-9,-61,8y+gD1Zy8ofI4rRjH8s7jFtQp9o=,jxwVri7ahR90eWMRwiB2c1/Zx9o=
-12,-61,8y+gD1Zy8ofI4rRjH8s7jFtQp9o=,jxwVri7ahR90eWMRwiB2c1/Zx9o=
-8,-60,8y+gD1Zy8ofI4rRjH8s7jFtQp9o=,eKJaxqlUpezuIM+ssyZumfBXg5o=
-11,-61,8y+gD1Zy8ofI4rRjH8s7jFtQp9o=,jxwVri7ahR90eWMRwiB2c1/Zx9o=
-10,-61,8y+gD1Zy8ofI4rRjH8s7jFtQp9o=,jxwVri7ahR90eWMRwiB2c1/Zx9o=
-23,-52,6CITgt8Oyr8gGWcUnIrNQTwCQRc=,DptsWxCkTK07wGYgv8UZih4gmIg=
-19,-50,6CITgt8Oyr8gGWcUnIrNQTwCQRc=,DptsWxCkTK07wGYgv8UZih4gmIg=
-18,-50,6CITgt8Oyr8gGWcUnIrNQTwCQRc=,DptsWxCkTK07wGYgv8UZih4gmIg=
-18,-53,6CITgt8Oyr8gGWcUnIrNQTwCQRc=,DptsWxCkTK07wGYgv8UZih4gmIg=
-22,-52,6CITgt8Oyr8gGWcUnIrNQTwCQRc=,DptsWxCkTK07wGYgv8UZih4gmIg=
-23,-51,6CITgt8Oyr8gGWcUnIrNQTwCQRc=,DptsWxCkTK07wGYgv8UZih4gmIg=
-19,-53,6CITgt8Oyr8gGWcUnIrNQTwCQRc=,DptsWxCkTK07wGYgv8UZih4gmIg=
-20,-50,6CITgt8Oyr8gGWcUnIrNQTwCQRc=,DptsWxCkTK07wGYgv8UZih4gmIg=
-19,-51,6CITgt8Oyr8gGWcUnIrNQTwCQRc=,DptsWxCkTK07wGYgv8UZih4gmIg=
-18,-54,6CITgt8Oyr8gGWcUnIrNQTwCQRc=,DptsWxCkTK07wGYgv8UZih4gmIg=
-20,-51,6CITgt8Oyr8gGWcUnIrNQTwCQRc=,DptsWxCkTK07wGYgv8UZih4gmIg=
-28,-59,6CITgt8Oyr8gGWcUnIrNQTwCQRc=,DI5A+jSY2NTYgSsTN5msMC8UU7E=
-18,-51,6CITgt8Oyr8gGWcUnIrNQTwCQRc=,DptsWxCkTK07wGYgv8UZih4gmIg=
-21,-50,6CITgt8Oyr8gGWcUnIrNQTwCQRc=,DptsWxCkTK07wGYgv8UZih4gmIg=
-20,-57,6CITgt8Oyr8gGWcUnIrNQTwCQRc=,3u55y3ZxipXHoHJWSS5HH2Jqj+c=
-21,-51,6CITgt8Oyr8gGWcUnIrNQTwCQRc=,DptsWxCkTK07wGYgv8UZih4gmIg=
-19,-54,6CITgt8Oyr8gGWcUnIrNQTwCQRc=,DptsWxCkTK07wGYgv8UZih4gmIg=
-28,-53,6CITgt8Oyr8gGWcUnIrNQTwCQRc=,AG9H0B9RpgAyFxQCq1JSUX0YNmo=
-18,-52,6CITgt8Oyr8gGWcUnIrNQTwCQRc=,DptsWxCkTK07wGYgv8UZih4gmIg=
-24,-50,6CITgt8Oyr8gGWcUnIrNQTwCQRc=,DptsWxCkTK07wGYgv8UZih4gmIg=
-19,-57,6CITgt8Oyr8gGWcUnIrNQTwCQRc=,3u55y3ZxipXHoHJWSS5HH2Jqj+c=
-27,-53,6CITgt8Oyr8gGWcUnIrNQTwCQRc=,AG9H0B9RpgAyFxQCq1JSUX0YNmo=
-18,-57,6CITgt8Oyr8gGWcUnIrNQTwCQRc=,3u55y3ZxipXHoHJWSS5HH2Jqj+c=
-26,-53,6CITgt8Oyr8gGWcUnIrNQTwCQRc=,AG9H0B9RpgAyFxQCq1JSUX0YNmo=
-22,-50,6CITgt8Oyr8gGWcUnIrNQTwCQRc=,DptsWxCkTK07wGYgv8UZih4gmIg=
-27,-59,6CITgt8Oyr8gGWcUnIrNQTwCQRc=,DI5A+jSY2NTYgSsTN5msMC8UU7E=
-26,-59,6CITgt8Oyr8gGWcUnIrNQTwCQRc=,DI5A+jSY2NTYgSsTN5msMC8UU7E=
-22,-56,6CITgt8Oyr8gGWcUnIrNQTwCQRc=,DptsWxCkTK07wGYgv8UZih4gmIg=
-25,-53,HN2FLUANuy3YdzrwmILf6BhBqxA=,AG9H0B9RpgAyFxQCq1JSUX0YNmo=
-20,-54,HN2FLUANuy3YdzrwmILf6BhBqxA=,DptsWxCkTK07wGYgv8UZih4gmIg=
-21,-56,HN2FLUANuy3YdzrwmILf6BhBqxA=,DptsWxCkTK07wGYgv8UZih4gmIg=
-25,-59,HN2FLUANuy3YdzrwmILf6BhBqxA=,DI5A+jSY2NTYgSsTN5msMC8UU7E=
-20,-56,HN2FLUANuy3YdzrwmILf6BhBqxA=,DptsWxCkTK07wGYgv8UZih4gmIg=
-21,-54,HN2FLUANuy3YdzrwmILf6BhBqxA=,DptsWxCkTK07wGYgv8UZih4gmIg=
-31,-58,HN2FLUANuy3YdzrwmILf6BhBqxA=,DI5A+jSY2NTYgSsTN5msMC8UU7E=
-19,-56,HN2FLUANuy3YdzrwmILf6BhBqxA=,DptsWxCkTK07wGYgv8UZih4gmIg=
-30,-58,HN2FLUANuy3YdzrwmILf6BhBqxA=,DI5A+jSY2NTYgSsTN5msMC8UU7E=
-29,-59,HN2FLUANuy3YdzrwmILf6BhBqxA=,DI5A+jSY2NTYgSsTN5msMC8UU7E=
-24,-56,HN2FLUANuy3YdzrwmILf6BhBqxA=,DptsWxCkTK07wGYgv8UZih4gmIg=
-29,-58,HN2FLUANuy3YdzrwmILf6BhBqxA=,DI5A+jSY2NTYgSsTN5msMC8UU7E=
-31,-52,HN2FLUANuy3YdzrwmILf6BhBqxA=,AG9H0B9RpgAyFxQCq1JSUX0YNmo=
-30,-59,HN2FLUANuy3YdzrwmILf6BhBqxA=,DI5A+jSY2NTYgSsTN5msMC8UU7E=
-18,-56,HN2FLUANuy3YdzrwmILf6BhBqxA=,DptsWxCkTK07wGYgv8UZih4gmIg=
-23,-56,HN2FLUANuy3YdzrwmILf6BhBqxA=,DptsWxCkTK07wGYgv8UZih4gmIg=
-28,-58,HN2FLUANuy3YdzrwmILf6BhBqxA=,DI5A+jSY2NTYgSsTN5msMC8UU7E=
-22,-51,HN2FLUANuy3YdzrwmILf6BhBqxA=,DptsWxCkTK07wGYgv8UZih4gmIg=
-30,-52,HN2FLUANuy3YdzrwmILf6BhBqxA=,AG9H0B9RpgAyFxQCq1JSUX0YNmo=
-31,-59,HN2FLUANuy3YdzrwmILf6BhBqxA=,DI5A+jSY2NTYgSsTN5msMC8UU7E=
-29,-52,HN2FLUANuy3YdzrwmILf6BhBqxA=,AG9H0B9RpgAyFxQCq1JSUX0YNmo=
-27,-58,HN2FLUANuy3YdzrwmILf6BhBqxA=,DI5A+jSY2NTYgSsTN5msMC8UU7E=
-28,-52,HN2FLUANuy3YdzrwmILf6BhBqxA=,AG9H0B9RpgAyFxQCq1JSUX0YNmo=
-27,-52,HN2FLUANuy3YdzrwmILf6BhBqxA=,AG9H0B9RpgAyFxQCq1JSUX0YNmo=
-26,-52,HN2FLUANuy3YdzrwmILf6BhBqxA=,AG9H0B9RpgAyFxQCq1JSUX0YNmo=
-29,-53,HN2FLUANuy3YdzrwmILf6BhBqxA=,AG9H0B9RpgAyFxQCq1JSUX0YNmo=
-26,-58,HN2FLUANuy3YdzrwmILf6BhBqxA=,DI5A+jSY2NTYgSsTN5msMC8UU7E=
-25,-52,HN2FLUANuy3YdzrwmILf6BhBqxA=,AG9H0B9RpgAyFxQCq1JSUX0YNmo=
-31,-51,HN2FLUANuy3YdzrwmILf6BhBqxA=,AG9H0B9RpgAyFxQCq1JSUX0YNmo=
-23,-63,HN2FLUANuy3YdzrwmILf6BhBqxA=,3u55y3ZxipXHoHJWSS5HH2Jqj+c=
-25,-58,HN2FLUANuy3YdzrwmILf6BhBqxA=,DI5A+jSY2NTYgSsTN5msMC8UU7E=
-22,-63,HN2FLUANuy3YdzrwmILf6BhBqxA=,3u55y3ZxipXHoHJWSS5HH2Jqj+c=
-31,-63,HN2FLUANuy3YdzrwmILf6BhBqxA=,DI5A+jSY2NTYgSsTN5msMC8UU7E=
-30,-51,HN2FLUANuy3YdzrwmILf6BhBqxA=,AG9H0B9RpgAyFxQCq1JSUX0YNmo=
-21,-63,HN2FLUANuy3YdzrwmILf6BhBqxA=,3u55y3ZxipXHoHJWSS5HH2Jqj+c=
-24,-55,HN2FLUANuy3YdzrwmILf6BhBqxA=,DptsWxCkTK07wGYgv8UZih4gmIg=
-24,-63,HN2FLUANuy3YdzrwmILf6BhBqxA=,3u55y3ZxipXHoHJWSS5HH2Jqj+c=
-29,-51,HN2FLUANuy3YdzrwmILf6BhBqxA=,AG9H0B9RpgAyFxQCq1JSUX0YNmo=
-20,-63,HN2FLUANuy3YdzrwmILf6BhBqxA=,3u55y3ZxipXHoHJWSS5HH2Jqj+c=
-30,-63,HN2FLUANuy3YdzrwmILf6BhBqxA=,DI5A+jSY2NTYgSsTN5msMC8UU7E=
-19,-63,HN2FLUANuy3YdzrwmILf6BhBqxA=,3u55y3ZxipXHoHJWSS5HH2Jqj+c=
-28,-51,HN2FLUANuy3YdzrwmILf6BhBqxA=,AG9H0B9RpgAyFxQCq1JSUX0YNmo=
-29,-63,HN2FLUANuy3YdzrwmILf6BhBqxA=,DI5A+jSY2NTYgSsTN5msMC8UU7E=
-18,-63,HN2FLUANuy3YdzrwmILf6BhBqxA=,3u55y3ZxipXHoHJWSS5HH2Jqj+c=
-28,-63,HN2FLUANuy3YdzrwmILf6BhBqxA=,DI5A+jSY2NTYgSsTN5msMC8UU7E=
-31,-57,HN2FLUANuy3YdzrwmILf6BhBqxA=,DI5A+jSY2NTYgSsTN5msMC8UU7E=
-23,-62,HN2FLUANuy3YdzrwmILf6BhBqxA=,3u55y3ZxipXHoHJWSS5HH2Jqj+c=
-30,-57,HN2FLUANuy3YdzrwmILf6BhBqxA=,DI5A+jSY2NTYgSsTN5msMC8UU7E=
-27,-63,HN2FLUANuy3YdzrwmILf6BhBqxA=,DI5A+jSY2NTYgSsTN5msMC8UU7E=
-22,-62,HN2FLUANuy3YdzrwmILf6BhBqxA=,3u55y3ZxipXHoHJWSS5HH2Jqj+c=
-21,-62,HN2FLUANuy3YdzrwmILf6BhBqxA=,3u55y3ZxipXHoHJWSS5HH2Jqj+c=
-27,-51,HN2FLUANuy3YdzrwmILf6BhBqxA=,AG9H0B9RpgAyFxQCq1JSUX0YNmo=
-26,-51,HN2FLUANuy3YdzrwmILf6BhBqxA=,AG9H0B9RpgAyFxQCq1JSUX0YNmo=
-24,-62,HN2FLUANuy3YdzrwmILf6BhBqxA=,3u55y3ZxipXHoHJWSS5HH2Jqj+c=
-26,-63,HN2FLUANuy3YdzrwmILf6BhBqxA=,DI5A+jSY2NTYgSsTN5msMC8UU7E=
-29,-57,HN2FLUANuy3YdzrwmILf6BhBqxA=,DI5A+jSY2NTYgSsTN5msMC8UU7E=
-25,-63,HN2FLUANuy3YdzrwmILf6BhBqxA=,DI5A+jSY2NTYgSsTN5msMC8UU7E=
-20,-62,HN2FLUANuy3YdzrwmILf6BhBqxA=,3u55y3ZxipXHoHJWSS5HH2Jqj+c=
-19,-62,HN2FLUANuy3YdzrwmILf6BhBqxA=,3u55y3ZxipXHoHJWSS5HH2Jqj+c=
-28,-57,HN2FLUANuy3YdzrwmILf6BhBqxA=,DI5A+jSY2NTYgSsTN5msMC8UU7E=
-31,-62,HN2FLUANuy3YdzrwmILf6BhBqxA=,DI5A+jSY2NTYgSsTN5msMC8UU7E=
-27,-57,HN2FLUANuy3YdzrwmILf6BhBqxA=,DI5A+jSY2NTYgSsTN5msMC8UU7E=
-30,-62,HN2FLUANuy3YdzrwmILf6BhBqxA=,DI5A+jSY2NTYgSsTN5msMC8UU7E=
-18,-62,HN2FLUANuy3YdzrwmILf6BhBqxA=,3u55y3ZxipXHoHJWSS5HH2Jqj+c=
-26,-57,HN2FLUANuy3YdzrwmILf6BhBqxA=,DI5A+jSY2NTYgSsTN5msMC8UU7E=
-29,-62,HN2FLUANuy3YdzrwmILf6BhBqxA=,DI5A+jSY2NTYgSsTN5msMC8UU7E=
-23,-61,HN2FLUANuy3YdzrwmILf6BhBqxA=,3u55y3ZxipXHoHJWSS5HH2Jqj+c=
-22,-61,HN2FLUANuy3YdzrwmILf6BhBqxA=,3u55y3ZxipXHoHJWSS5HH2Jqj+c=
-28,-62,HN2FLUANuy3YdzrwmILf6BhBqxA=,DI5A+jSY2NTYgSsTN5msMC8UU7E=
-25,-57,HN2FLUANuy3YdzrwmILf6BhBqxA=,DI5A+jSY2NTYgSsTN5msMC8UU7E=
-27,-62,HN2FLUANuy3YdzrwmILf6BhBqxA=,DI5A+jSY2NTYgSsTN5msMC8UU7E=
-25,-51,HN2FLUANuy3YdzrwmILf6BhBqxA=,AG9H0B9RpgAyFxQCq1JSUX0YNmo=
-21,-61,HN2FLUANuy3YdzrwmILf6BhBqxA=,3u55y3ZxipXHoHJWSS5HH2Jqj+c=
-20,-61,HN2FLUANuy3YdzrwmILf6BhBqxA=,3u55y3ZxipXHoHJWSS5HH2Jqj+c=
-31,-56,HN2FLUANuy3YdzrwmILf6BhBqxA=,AG9H0B9RpgAyFxQCq1JSUX0YNmo=
-30,-56,HN2FLUANuy3YdzrwmILf6BhBqxA=,AG9H0B9RpgAyFxQCq1JSUX0YNmo=
-26,-62,HN2FLUANuy3YdzrwmILf6BhBqxA=,DI5A+jSY2NTYgSsTN5msMC8UU7E=
-19,-61,HN2FLUANuy3YdzrwmILf6BhBqxA=,3u55y3ZxipXHoHJWSS5HH2Jqj+c=
-25,-62,HN2FLUANuy3YdzrwmILf6BhBqxA=,DI5A+jSY2NTYgSsTN5msMC8UU7E=
-29,-56,HN2FLUANuy3YdzrwmILf6BhBqxA=,AG9H0B9RpgAyFxQCq1JSUX0YNmo=
-23,-60,HN2FLUANuy3YdzrwmILf6BhBqxA=,3u55y3ZxipXHoHJWSS5HH2Jqj+c=
-18,-61,HN2FLUANuy3YdzrwmILf6BhBqxA=,3u55y3ZxipXHoHJWSS5HH2Jqj+c=
-28,-56,HN2FLUANuy3YdzrwmILf6BhBqxA=,AG9H0B9RpgAyFxQCq1JSUX0YNmo=
-21,-60,HN2FLUANuy3YdzrwmILf6BhBqxA=,3u55y3ZxipXHoHJWSS5HH2Jqj+c=
-31,-50,HN2FLUANuy3YdzrwmILf6BhBqxA=,AG9H0B9RpgAyFxQCq1JSUX0YNmo=
-22,-60,HN2FLUANuy3YdzrwmILf6BhBqxA=,3u55y3ZxipXHoHJWSS5HH2Jqj+c=
-24,-61,HN2FLUANuy3YdzrwmILf6BhBqxA=,3u55y3ZxipXHoHJWSS5HH2Jqj+c=
-27,-56,HN2FLUANuy3YdzrwmILf6BhBqxA=,AG9H0B9RpgAyFxQCq1JSUX0YNmo=
-20,-60,HN2FLUANuy3YdzrwmILf6BhBqxA=,3u55y3ZxipXHoHJWSS5HH2Jqj+c=
-31,-61,HN2FLUANuy3YdzrwmILf6BhBqxA=,DI5A+jSY2NTYgSsTN5msMC8UU7E=
-19,-60,HN2FLUANuy3YdzrwmILf6BhBqxA=,3u55y3ZxipXHoHJWSS5HH2Jqj+c=
-26,-56,HN2FLUANuy3YdzrwmILf6BhBqxA=,AG9H0B9RpgAyFxQCq1JSUX0YNmo=
-18,-60,HN2FLUANuy3YdzrwmILf6BhBqxA=,3u55y3ZxipXHoHJWSS5HH2Jqj+c=
-25,-56,HN2FLUANuy3YdzrwmILf6BhBqxA=,AG9H0B9RpgAyFxQCq1JSUX0YNmo=
-30,-61,HN2FLUANuy3YdzrwmILf6BhBqxA=,DI5A+jSY2NTYgSsTN5msMC8UU7E=
-23,-59,HN2FLUANuy3YdzrwmILf6BhBqxA=,3u55y3ZxipXHoHJWSS5HH2Jqj+c=
-29,-61,HN2FLUANuy3YdzrwmILf6BhBqxA=,DI5A+jSY2NTYgSsTN5msMC8UU7E=
-21,-59,HN2FLUANuy3YdzrwmILf6BhBqxA=,3u55y3ZxipXHoHJWSS5HH2Jqj+c=
-22,-59,HN2FLUANuy3YdzrwmILf6BhBqxA=,3u55y3ZxipXHoHJWSS5HH2Jqj+c=
-19,-59,HN2FLUANuy3YdzrwmILf6BhBqxA=,3u55y3ZxipXHoHJWSS5HH2Jqj+c=
-20,-59,HN2FLUANuy3YdzrwmILf6BhBqxA=,3u55y3ZxipXHoHJWSS5HH2Jqj+c=
-30,-50,HN2FLUANuy3YdzrwmILf6BhBqxA=,AG9H0B9RpgAyFxQCq1JSUX0YNmo=
-28,-61,HN2FLUANuy3YdzrwmILf6BhBqxA=,DI5A+jSY2NTYgSsTN5msMC8UU7E=
-18,-59,HN2FLUANuy3YdzrwmILf6BhBqxA=,3u55y3ZxipXHoHJWSS5HH2Jqj+c=
-23,-58,HN2FLUANuy3YdzrwmILf6BhBqxA=,3u55y3ZxipXHoHJWSS5HH2Jqj+c=
-24,-60,HN2FLUANuy3YdzrwmILf6BhBqxA=,3u55y3ZxipXHoHJWSS5HH2Jqj+c=
-31,-55,HN2FLUANuy3YdzrwmILf6BhBqxA=,AG9H0B9RpgAyFxQCq1JSUX0YNmo=
-27,-61,HN2FLUANuy3YdzrwmILf6BhBqxA=,DI5A+jSY2NTYgSsTN5msMC8UU7E=
-22,-58,HN2FLUANuy3YdzrwmILf6BhBqxA=,3u55y3ZxipXHoHJWSS5HH2Jqj+c=
-20,-58,HN2FLUANuy3YdzrwmILf6BhBqxA=,3u55y3ZxipXHoHJWSS5HH2Jqj+c=
-21,-58,HN2FLUANuy3YdzrwmILf6BhBqxA=,3u55y3ZxipXHoHJWSS5HH2Jqj+c=
-30,-55,HN2FLUANuy3YdzrwmILf6BhBqxA=,AG9H0B9RpgAyFxQCq1JSUX0YNmo=
-18,-58,HN2FLUANuy3YdzrwmILf6BhBqxA=,3u55y3ZxipXHoHJWSS5HH2Jqj+c=
-29,-55,HN2FLUANuy3YdzrwmILf6BhBqxA=,AG9H0B9RpgAyFxQCq1JSUX0YNmo=
-26,-61,HN2FLUANuy3YdzrwmILf6BhBqxA=,DI5A+jSY2NTYgSsTN5msMC8UU7E=
-19,-58,HN2FLUANuy3YdzrwmILf6BhBqxA=,3u55y3ZxipXHoHJWSS5HH2Jqj+c=
-29,-50,HN2FLUANuy3YdzrwmILf6BhBqxA=,AG9H0B9RpgAyFxQCq1JSUX0YNmo=
-22,-57,HN2FLUANuy3YdzrwmILf6BhBqxA=,3u55y3ZxipXHoHJWSS5HH2Jqj+c=
-23,-57,HN2FLUANuy3YdzrwmILf6BhBqxA=,3u55y3ZxipXHoHJWSS5HH2Jqj+c=
-21,-57,HN2FLUANuy3YdzrwmILf6BhBqxA=,3u55y3ZxipXHoHJWSS5HH2Jqj+c=
-25,-61,HN2FLUANuy3YdzrwmILf6BhBqxA=,DI5A+jSY2NTYgSsTN5msMC8UU7E=
-28,-55,HN2FLUANuy3YdzrwmILf6BhBqxA=,AG9H0B9RpgAyFxQCq1JSUX0YNmo=
-24,-51,HN2FLUANuy3YdzrwmILf6BhBqxA=,DptsWxCkTK07wGYgv8UZih4gmIg=
-31,-60,HN2FLUANuy3YdzrwmILf6BhBqxA=,DI5A+jSY2NTYgSsTN5msMC8UU7E=
-23,-50,HN2FLUANuy3YdzrwmILf6BhBqxA=,DptsWxCkTK07wGYgv8UZih4gmIg=
-27,-55,HN2FLUANuy3YdzrwmILf6BhBqxA=,AG9H0B9RpgAyFxQCq1JSUX0YNmo=
-30,-60,HN2FLUANuy3YdzrwmILf6BhBqxA=,DI5A+jSY2NTYgSsTN5msMC8UU7E=
-30,-53,HN2FLUANuy3YdzrwmILf6BhBqxA=,AG9H0B9RpgAyFxQCq1JSUX0YNmo=
-28,-50,HN2FLUANuy3YdzrwmILf6BhBqxA=,AG9H0B9RpgAyFxQCq1JSUX0YNmo=
-27,-50,HN2FLUANuy3YdzrwmILf6BhBqxA=,AG9H0B9RpgAyFxQCq1JSUX0YNmo=
-24,-59,HN2FLUANuy3YdzrwmILf6BhBqxA=,3u55y3ZxipXHoHJWSS5HH2Jqj+c=
-25,-60,HN2FLUANuy3YdzrwmILf6BhBqxA=,DI5A+jSY2NTYgSsTN5msMC8UU7E=
-26,-60,HN2FLUANuy3YdzrwmILf6BhBqxA=,DI5A+jSY2NTYgSsTN5msMC8UU7E=
-26,-55,HN2FLUANuy3YdzrwmILf6BhBqxA=,AG9H0B9RpgAyFxQCq1JSUX0YNmo=
-29,-60,HN2FLUANuy3YdzrwmILf6BhBqxA=,DI5A+jSY2NTYgSsTN5msMC8UU7E=
-25,-55,HN2FLUANuy3YdzrwmILf6BhBqxA=,AG9H0B9RpgAyFxQCq1JSUX0YNmo=
-28,-60,HN2FLUANuy3YdzrwmILf6BhBqxA=,DI5A+jSY2NTYgSsTN5msMC8UU7E=
-31,-53,HN2FLUANuy3YdzrwmILf6BhBqxA=,AG9H0B9RpgAyFxQCq1JSUX0YNmo=
-31,-54,HN2FLUANuy3YdzrwmILf6BhBqxA=,AG9H0B9RpgAyFxQCq1JSUX0YNmo=
-24,-52,HN2FLUANuy3YdzrwmILf6BhBqxA=,DptsWxCkTK07wGYgv8UZih4gmIg=
-24,-53,HN2FLUANuy3YdzrwmILf6BhBqxA=,DptsWxCkTK07wGYgv8UZih4gmIg=
-30,-54,HN2FLUANuy3YdzrwmILf6BhBqxA=,AG9H0B9RpgAyFxQCq1JSUX0YNmo=
-24,-58,HN2FLUANuy3YdzrwmILf6BhBqxA=,3u55y3ZxipXHoHJWSS5HH2Jqj+c=
-31,-49,HN2FLUANuy3YdzrwmILf6BhBqxA=,AG9H0B9RpgAyFxQCq1JSUX0YNmo=
-27,-60,HN2FLUANuy3YdzrwmILf6BhBqxA=,DI5A+jSY2NTYgSsTN5msMC8UU7E=
-30,-49,fneiugP6NU5tWVkqtImUUqjHdEo=,AG9H0B9RpgAyFxQCq1JSUX0YNmo=
-29,-54,fneiugP6NU5tWVkqtImUUqjHdEo=,AG9H0B9RpgAyFxQCq1JSUX0YNmo=
-23,-55,fneiugP6NU5tWVkqtImUUqjHdEo=,DptsWxCkTK07wGYgv8UZih4gmIg=
-29,-49,fneiugP6NU5tWVkqtImUUqjHdEo=,AG9H0B9RpgAyFxQCq1JSUX0YNmo=
-28,-49,fneiugP6NU5tWVkqtImUUqjHdEo=,AG9H0B9RpgAyFxQCq1JSUX0YNmo=
-26,-50,fneiugP6NU5tWVkqtImUUqjHdEo=,AG9H0B9RpgAyFxQCq1JSUX0YNmo=
-20,-49,fneiugP6NU5tWVkqtImUUqjHdEo=,DptsWxCkTK07wGYgv8UZih4gmIg=
-25,-50,fneiugP6NU5tWVkqtImUUqjHdEo=,AG9H0B9RpgAyFxQCq1JSUX0YNmo=
-19,-49,fneiugP6NU5tWVkqtImUUqjHdEo=,DptsWxCkTK07wGYgv8UZih4gmIg=
-27,-49,fneiugP6NU5tWVkqtImUUqjHdEo=,AG9H0B9RpgAyFxQCq1JSUX0YNmo=
-18,-49,fneiugP6NU5tWVkqtImUUqjHdEo=,DptsWxCkTK07wGYgv8UZih4gmIg=
-28,-54,fneiugP6NU5tWVkqtImUUqjHdEo=,AG9H0B9RpgAyFxQCq1JSUX0YNmo=
-24,-49,fneiugP6NU5tWVkqtImUUqjHdEo=,DptsWxCkTK07wGYgv8UZih4gmIg=
-22,-49,fneiugP6NU5tWVkqtImUUqjHdEo=,DptsWxCkTK07wGYgv8UZih4gmIg=
-21,-49,fneiugP6NU5tWVkqtImUUqjHdEo=,DptsWxCkTK07wGYgv8UZih4gmIg=
-27,-54,fneiugP6NU5tWVkqtImUUqjHdEo=,AG9H0B9RpgAyFxQCq1JSUX0YNmo=
-25,-49,fneiugP6NU5tWVkqtImUUqjHdEo=,AG9H0B9RpgAyFxQCq1JSUX0YNmo=
-26,-54,fneiugP6NU5tWVkqtImUUqjHdEo=,AG9H0B9RpgAyFxQCq1JSUX0YNmo=
-25,-54,fneiugP6NU5tWVkqtImUUqjHdEo=,AG9H0B9RpgAyFxQCq1JSUX0YNmo=
-24,-54,fneiugP6NU5tWVkqtImUUqjHdEo=,DptsWxCkTK07wGYgv8UZih4gmIg=
-24,-57,fneiugP6NU5tWVkqtImUUqjHdEo=,3u55y3ZxipXHoHJWSS5HH2Jqj+c=
-22,-54,fneiugP6NU5tWVkqtImUUqjHdEo=,DptsWxCkTK07wGYgv8UZih4gmIg=
-19,-55,fneiugP6NU5tWVkqtImUUqjHdEo=,DptsWxCkTK07wGYgv8UZih4gmIg=
-18,-55,fneiugP6NU5tWVkqtImUUqjHdEo=,DptsWxCkTK07wGYgv8UZih4gmIg=
-19,-52,fneiugP6NU5tWVkqtImUUqjHdEo=,DptsWxCkTK07wGYgv8UZih4gmIg=
-20,-52,fneiugP6NU5tWVkqtImUUqjHdEo=,DptsWxCkTK07wGYgv8UZih4gmIg=
-17,-55,fneiugP6NU5tWVkqtImUUqjHdEo=,DptsWxCkTK07wGYgv8UZih4gmIg=
-20,-55,fneiugP6NU5tWVkqtImUUqjHdEo=,DptsWxCkTK07wGYgv8UZih4gmIg=
-21,-55,fneiugP6NU5tWVkqtImUUqjHdEo=,DptsWxCkTK07wGYgv8UZih4gmIg=
-17,-52,fneiugP6NU5tWVkqtImUUqjHdEo=,DptsWxCkTK07wGYgv8UZih4gmIg=
-22,-55,fneiugP6NU5tWVkqtImUUqjHdEo=,DptsWxCkTK07wGYgv8UZih4gmIg=
-17,-54,fneiugP6NU5tWVkqtImUUqjHdEo=,DptsWxCkTK07wGYgv8UZih4gmIg=
-17,-57,fneiugP6NU5tWVkqtImUUqjHdEo=,3u55y3ZxipXHoHJWSS5HH2Jqj+c=
-17,-56,fneiugP6NU5tWVkqtImUUqjHdEo=,DptsWxCkTK07wGYgv8UZih4gmIg=
-21,-52,fneiugP6NU5tWVkqtImUUqjHdEo=,DptsWxCkTK07wGYgv8UZih4gmIg=
-17,-51,fneiugP6NU5tWVkqtImUUqjHdEo=,DptsWxCkTK07wGYgv8UZih4gmIg=
-17,-50,fneiugP6NU5tWVkqtImUUqjHdEo=,DptsWxCkTK07wGYgv8UZih4gmIg=
-23,-54,fneiugP6NU5tWVkqtImUUqjHdEo=,DptsWxCkTK07wGYgv8UZih4gmIg=
-17,-63,fneiugP6NU5tWVkqtImUUqjHdEo=,3u55y3ZxipXHoHJWSS5HH2Jqj+c=
-17,-53,fneiugP6NU5tWVkqtImUUqjHdEo=,DptsWxCkTK07wGYgv8UZih4gmIg=
-17,-62,fneiugP6NU5tWVkqtImUUqjHdEo=,3u55y3ZxipXHoHJWSS5HH2Jqj+c=
-23,-64,fneiugP6NU5tWVkqtImUUqjHdEo=,3u55y3ZxipXHoHJWSS5HH2Jqj+c=
-17,-61,fneiugP6NU5tWVkqtImUUqjHdEo=,3u55y3ZxipXHoHJWSS5HH2Jqj+c=
-22,-64,fneiugP6NU5tWVkqtImUUqjHdEo=,3u55y3ZxipXHoHJWSS5HH2Jqj+c=
-17,-60,fneiugP6NU5tWVkqtImUUqjHdEo=,3u55y3ZxipXHoHJWSS5HH2Jqj+c=
-17,-59,fneiugP6NU5tWVkqtImUUqjHdEo=,3u55y3ZxipXHoHJWSS5HH2Jqj+c=
-17,-58,fneiugP6NU5tWVkqtImUUqjHdEo=,3u55y3ZxipXHoHJWSS5HH2Jqj+c=
-21,-64,fneiugP6NU5tWVkqtImUUqjHdEo=,3u55y3ZxipXHoHJWSS5HH2Jqj+c=
-20,-64,fneiugP6NU5tWVkqtImUUqjHdEo=,3u55y3ZxipXHoHJWSS5HH2Jqj+c=
-24,-64,fneiugP6NU5tWVkqtImUUqjHdEo=,3u55y3ZxipXHoHJWSS5HH2Jqj+c=
-31,-64,fneiugP6NU5tWVkqtImUUqjHdEo=,DI5A+jSY2NTYgSsTN5msMC8UU7E=
-19,-64,fneiugP6NU5tWVkqtImUUqjHdEo=,3u55y3ZxipXHoHJWSS5HH2Jqj+c=
-18,-64,fneiugP6NU5tWVkqtImUUqjHdEo=,3u55y3ZxipXHoHJWSS5HH2Jqj+c=
-30,-64,fneiugP6NU5tWVkqtImUUqjHdEo=,DI5A+jSY2NTYgSsTN5msMC8UU7E=
-26,-64,fneiugP6NU5tWVkqtImUUqjHdEo=,DI5A+jSY2NTYgSsTN5msMC8UU7E=
-25,-64,fneiugP6NU5tWVkqtImUUqjHdEo=,DI5A+jSY2NTYgSsTN5msMC8UU7E=
-23,-53,fneiugP6NU5tWVkqtImUUqjHdEo=,DptsWxCkTK07wGYgv8UZih4gmIg=
-32,-58,fneiugP6NU5tWVkqtImUUqjHdEo=,DI5A+jSY2NTYgSsTN5msMC8UU7E=
-29,-64,fneiugP6NU5tWVkqtImUUqjHdEo=,DI5A+jSY2NTYgSsTN5msMC8UU7E=
-27,-64,fneiugP6NU5tWVkqtImUUqjHdEo=,DI5A+jSY2NTYgSsTN5msMC8UU7E=
-32,-63,fneiugP6NU5tWVkqtImUUqjHdEo=,DI5A+jSY2NTYgSsTN5msMC8UU7E=
-28,-64,fneiugP6NU5tWVkqtImUUqjHdEo=,DI5A+jSY2NTYgSsTN5msMC8UU7E=
-32,-62,fneiugP6NU5tWVkqtImUUqjHdEo=,DI5A+jSY2NTYgSsTN5msMC8UU7E=
-17,-64,fneiugP6NU5tWVkqtImUUqjHdEo=,3u55y3ZxipXHoHJWSS5HH2Jqj+c=
-32,-64,fneiugP6NU5tWVkqtImUUqjHdEo=,DI5A+jSY2NTYgSsTN5msMC8UU7E=
-32,-59,fneiugP6NU5tWVkqtImUUqjHdEo=,DI5A+jSY2NTYgSsTN5msMC8UU7E=
-32,-61,fneiugP6NU5tWVkqtImUUqjHdEo=,DI5A+jSY2NTYgSsTN5msMC8UU7E=
-32,-60,fneiugP6NU5tWVkqtImUUqjHdEo=,DI5A+jSY2NTYgSsTN5msMC8UU7E=
-32,-52,fneiugP6NU5tWVkqtImUUqjHdEo=,AG9H0B9RpgAyFxQCq1JSUX0YNmo=
-17,-49,fneiugP6NU5tWVkqtImUUqjHdEo=,DptsWxCkTK07wGYgv8UZih4gmIg=
-20,-53,fneiugP6NU5tWVkqtImUUqjHdEo=,DptsWxCkTK07wGYgv8UZih4gmIg=
-32,-51,fneiugP6NU5tWVkqtImUUqjHdEo=,AG9H0B9RpgAyFxQCq1JSUX0YNmo=
-22,-53,fneiugP6NU5tWVkqtImUUqjHdEo=,DptsWxCkTK07wGYgv8UZih4gmIg=
-32,-53,fneiugP6NU5tWVkqtImUUqjHdEo=,AG9H0B9RpgAyFxQCq1JSUX0YNmo=
-32,-49,fneiugP6NU5tWVkqtImUUqjHdEo=,AG9H0B9RpgAyFxQCq1JSUX0YNmo=
-21,-53,fneiugP6NU5tWVkqtImUUqjHdEo=,DptsWxCkTK07wGYgv8UZih4gmIg=
-32,-54,fneiugP6NU5tWVkqtImUUqjHdEo=,AG9H0B9RpgAyFxQCq1JSUX0YNmo=
-32,-57,fneiugP6NU5tWVkqtImUUqjHdEo=,DI5A+jSY2NTYgSsTN5msMC8UU7E=
-32,-50,fneiugP6NU5tWVkqtImUUqjHdEo=,AG9H0B9RpgAyFxQCq1JSUX0YNmo=
-32,-55,fneiugP6NU5tWVkqtImUUqjHdEo=,AG9H0B9RpgAyFxQCq1JSUX0YNmo=
-32,-56,fneiugP6NU5tWVkqtImUUqjHdEo=,AG9H0B9RpgAyFxQCq1JSUX0YNmo=
-23,-49,fneiugP6NU5tWVkqtImUUqjHdEo=,DptsWxCkTK07wGYgv8UZih4gmIg=
-26,-49,fneiugP6NU5tWVkqtImUUqjHdEo=,AG9H0B9RpgAyFxQCq1JSUX0YNmo=
-23,-47,o1TzrUDY9VvMCeTWiUvah3DXlgs=,HcgTLMBQWkvrd3qowQtPc2TbJxw=
-22,-47,o1TzrUDY9VvMCeTWiUvah3DXlgs=,HcgTLMBQWkvrd3qowQtPc2TbJxw=
-21,-47,o1TzrUDY9VvMCeTWiUvah3DXlgs=,HcgTLMBQWkvrd3qowQtPc2TbJxw=
-20,-47,o1TzrUDY9VvMCeTWiUvah3DXlgs=,HcgTLMBQWkvrd3qowQtPc2TbJxw=
-18,-42,o1TzrUDY9VvMCeTWiUvah3DXlgs=,HcgTLMBQWkvrd3qowQtPc2TbJxw=
-19,-47,o1TzrUDY9VvMCeTWiUvah3DXlgs=,HcgTLMBQWkvrd3qowQtPc2TbJxw=
-19,-42,o1TzrUDY9VvMCeTWiUvah3DXlgs=,HcgTLMBQWkvrd3qowQtPc2TbJxw=
-20,-42,o1TzrUDY9VvMCeTWiUvah3DXlgs=,HcgTLMBQWkvrd3qowQtPc2TbJxw=
-21,-42,o1TzrUDY9VvMCeTWiUvah3DXlgs=,HcgTLMBQWkvrd3qowQtPc2TbJxw=
-22,-42,o1TzrUDY9VvMCeTWiUvah3DXlgs=,HcgTLMBQWkvrd3qowQtPc2TbJxw=
-23,-42,o1TzrUDY9VvMCeTWiUvah3DXlgs=,HcgTLMBQWkvrd3qowQtPc2TbJxw=
-18,-43,o1TzrUDY9VvMCeTWiUvah3DXlgs=,HcgTLMBQWkvrd3qowQtPc2TbJxw=
-19,-43,o1TzrUDY9VvMCeTWiUvah3DXlgs=,HcgTLMBQWkvrd3qowQtPc2TbJxw=
-20,-43,o1TzrUDY9VvMCeTWiUvah3DXlgs=,HcgTLMBQWkvrd3qowQtPc2TbJxw=
-21,-43,o1TzrUDY9VvMCeTWiUvah3DXlgs=,HcgTLMBQWkvrd3qowQtPc2TbJxw=
-22,-43,o1TzrUDY9VvMCeTWiUvah3DXlgs=,HcgTLMBQWkvrd3qowQtPc2TbJxw=
-18,-44,o1TzrUDY9VvMCeTWiUvah3DXlgs=,HcgTLMBQWkvrd3qowQtPc2TbJxw=
-18,-47,o1TzrUDY9VvMCeTWiUvah3DXlgs=,HcgTLMBQWkvrd3qowQtPc2TbJxw=
-23,-46,o1TzrUDY9VvMCeTWiUvah3DXlgs=,HcgTLMBQWkvrd3qowQtPc2TbJxw=
-23,-43,o1TzrUDY9VvMCeTWiUvah3DXlgs=,HcgTLMBQWkvrd3qowQtPc2TbJxw=
-22,-46,o1TzrUDY9VvMCeTWiUvah3DXlgs=,HcgTLMBQWkvrd3qowQtPc2TbJxw=
-19,-44,o1TzrUDY9VvMCeTWiUvah3DXlgs=,HcgTLMBQWkvrd3qowQtPc2TbJxw=
-20,-44,o1TzrUDY9VvMCeTWiUvah3DXlgs=,HcgTLMBQWkvrd3qowQtPc2TbJxw=
-21,-46,o1TzrUDY9VvMCeTWiUvah3DXlgs=,HcgTLMBQWkvrd3qowQtPc2TbJxw=
-20,-46,o1TzrUDY9VvMCeTWiUvah3DXlgs=,HcgTLMBQWkvrd3qowQtPc2TbJxw=
-21,-44,o1TzrUDY9VvMCeTWiUvah3DXlgs=,HcgTLMBQWkvrd3qowQtPc2TbJxw=
-28,-37,o1TzrUDY9VvMCeTWiUvah3DXlgs=,fDtN+hFR8lRlx8R22pcvmQaro9s=
-19,-46,o1TzrUDY9VvMCeTWiUvah3DXlgs=,HcgTLMBQWkvrd3qowQtPc2TbJxw=
-27,-37,o1TzrUDY9VvMCeTWiUvah3DXlgs=,fDtN+hFR8lRlx8R22pcvmQaro9s=
-26,-37,BNO85zuZogZXDDsey5fdCBqlcTA=,fDtN+hFR8lRlx8R22pcvmQaro9s=
-18,-46,BNO85zuZogZXDDsey5fdCBqlcTA=,HcgTLMBQWkvrd3qowQtPc2TbJxw=
-22,-44,BNO85zuZogZXDDsey5fdCBqlcTA=,HcgTLMBQWkvrd3qowQtPc2TbJxw=
-23,-44,BNO85zuZogZXDDsey5fdCBqlcTA=,HcgTLMBQWkvrd3qowQtPc2TbJxw=
-18,-45,BNO85zuZogZXDDsey5fdCBqlcTA=,HcgTLMBQWkvrd3qowQtPc2TbJxw=
-23,-45,BNO85zuZogZXDDsey5fdCBqlcTA=,HcgTLMBQWkvrd3qowQtPc2TbJxw=
-31,-36,BNO85zuZogZXDDsey5fdCBqlcTA=,fDtN+hFR8lRlx8R22pcvmQaro9s=
-19,-45,BNO85zuZogZXDDsey5fdCBqlcTA=,HcgTLMBQWkvrd3qowQtPc2TbJxw=
-22,-45,BNO85zuZogZXDDsey5fdCBqlcTA=,HcgTLMBQWkvrd3qowQtPc2TbJxw=
-30,-36,BNO85zuZogZXDDsey5fdCBqlcTA=,fDtN+hFR8lRlx8R22pcvmQaro9s=
-20,-45,BNO85zuZogZXDDsey5fdCBqlcTA=,HcgTLMBQWkvrd3qowQtPc2TbJxw=
-21,-45,BNO85zuZogZXDDsey5fdCBqlcTA=,HcgTLMBQWkvrd3qowQtPc2TbJxw=
-29,-36,BNO85zuZogZXDDsey5fdCBqlcTA=,fDtN+hFR8lRlx8R22pcvmQaro9s=
-28,-36,BNO85zuZogZXDDsey5fdCBqlcTA=,fDtN+hFR8lRlx8R22pcvmQaro9s=
-20,-41,BNO85zuZogZXDDsey5fdCBqlcTA=,HcgTLMBQWkvrd3qowQtPc2TbJxw=
-18,-35,BNO85zuZogZXDDsey5fdCBqlcTA=,LqmIvj8NWGxqcrMb/NRNRt26Wh8=
-27,-36,BNO85zuZogZXDDsey5fdCBqlcTA=,fDtN+hFR8lRlx8R22pcvmQaro9s=
-19,-41,BNO85zuZogZXDDsey5fdCBqlcTA=,HcgTLMBQWkvrd3qowQtPc2TbJxw=
-24,-34,BNO85zuZogZXDDsey5fdCBqlcTA=,LqmIvj8NWGxqcrMb/NRNRt26Wh8=
-18,-41,BNO85zuZogZXDDsey5fdCBqlcTA=,HcgTLMBQWkvrd3qowQtPc2TbJxw=
-22,-38,BNO85zuZogZXDDsey5fdCBqlcTA=,LqmIvj8NWGxqcrMb/NRNRt26Wh8=
-26,-36,BNO85zuZogZXDDsey5fdCBqlcTA=,fDtN+hFR8lRlx8R22pcvmQaro9s=
-22,-37,BNO85zuZogZXDDsey5fdCBqlcTA=,LqmIvj8NWGxqcrMb/NRNRt26Wh8=
-24,-36,BNO85zuZogZXDDsey5fdCBqlcTA=,LqmIvj8NWGxqcrMb/NRNRt26Wh8=
-20,-39,BNO85zuZogZXDDsey5fdCBqlcTA=,LqmIvj8NWGxqcrMb/NRNRt26Wh8=
-31,-35,BNO85zuZogZXDDsey5fdCBqlcTA=,fDtN+hFR8lRlx8R22pcvmQaro9s=
-30,-35,BNO85zuZogZXDDsey5fdCBqlcTA=,fDtN+hFR8lRlx8R22pcvmQaro9s=
-23,-40,BNO85zuZogZXDDsey5fdCBqlcTA=,LqmIvj8NWGxqcrMb/NRNRt26Wh8=
-21,-37,BNO85zuZogZXDDsey5fdCBqlcTA=,LqmIvj8NWGxqcrMb/NRNRt26Wh8=
-31,-39,BNO85zuZogZXDDsey5fdCBqlcTA=,fDtN+hFR8lRlx8R22pcvmQaro9s=
-20,-40,BNO85zuZogZXDDsey5fdCBqlcTA=,LqmIvj8NWGxqcrMb/NRNRt26Wh8=
-29,-35,BNO85zuZogZXDDsey5fdCBqlcTA=,fDtN+hFR8lRlx8R22pcvmQaro9s=
-25,-37,BNO85zuZogZXDDsey5fdCBqlcTA=,fDtN+hFR8lRlx8R22pcvmQaro9s=
-30,-39,BNO85zuZogZXDDsey5fdCBqlcTA=,fDtN+hFR8lRlx8R22pcvmQaro9s=
-21,-38,BNO85zuZogZXDDsey5fdCBqlcTA=,LqmIvj8NWGxqcrMb/NRNRt26Wh8=
-20,-38,BNO85zuZogZXDDsey5fdCBqlcTA=,LqmIvj8NWGxqcrMb/NRNRt26Wh8=
-28,-43,BNO85zuZogZXDDsey5fdCBqlcTA=,QwhcWPqv8lxwRZz/h+kT5f2WfW8=
-28,-35,BNO85zuZogZXDDsey5fdCBqlcTA=,fDtN+hFR8lRlx8R22pcvmQaro9s=
-29,-39,BNO85zuZogZXDDsey5fdCBqlcTA=,fDtN+hFR8lRlx8R22pcvmQaro9s=
-19,-40,BNO85zuZogZXDDsey5fdCBqlcTA=,LqmIvj8NWGxqcrMb/NRNRt26Wh8=
-27,-35,BNO85zuZogZXDDsey5fdCBqlcTA=,fDtN+hFR8lRlx8R22pcvmQaro9s=
-26,-35,BNO85zuZogZXDDsey5fdCBqlcTA=,fDtN+hFR8lRlx8R22pcvmQaro9s=
-20,-37,BNO85zuZogZXDDsey5fdCBqlcTA=,LqmIvj8NWGxqcrMb/NRNRt26Wh8=
-31,-34,BNO85zuZogZXDDsey5fdCBqlcTA=,fDtN+hFR8lRlx8R22pcvmQaro9s=
-23,-36,BNO85zuZogZXDDsey5fdCBqlcTA=,LqmIvj8NWGxqcrMb/NRNRt26Wh8=
-19,-38,BNO85zuZogZXDDsey5fdCBqlcTA=,LqmIvj8NWGxqcrMb/NRNRt26Wh8=
-18,-38,BNO85zuZogZXDDsey5fdCBqlcTA=,LqmIvj8NWGxqcrMb/NRNRt26Wh8=
-28,-39,BNO85zuZogZXDDsey5fdCBqlcTA=,fDtN+hFR8lRlx8R22pcvmQaro9s=
-25,-36,BNO85zuZogZXDDsey5fdCBqlcTA=,fDtN+hFR8lRlx8R22pcvmQaro9s=
-19,-37,BNO85zuZogZXDDsey5fdCBqlcTA=,LqmIvj8NWGxqcrMb/NRNRt26Wh8=
-27,-39,BNO85zuZogZXDDsey5fdCBqlcTA=,fDtN+hFR8lRlx8R22pcvmQaro9s=
-24,-37,BNO85zuZogZXDDsey5fdCBqlcTA=,LqmIvj8NWGxqcrMb/NRNRt26Wh8=
-30,-34,BNO85zuZogZXDDsey5fdCBqlcTA=,fDtN+hFR8lRlx8R22pcvmQaro9s=
-18,-37,BNO85zuZogZXDDsey5fdCBqlcTA=,LqmIvj8NWGxqcrMb/NRNRt26Wh8=
-29,-34,BNO85zuZogZXDDsey5fdCBqlcTA=,fDtN+hFR8lRlx8R22pcvmQaro9s=
-23,-37,BNO85zuZogZXDDsey5fdCBqlcTA=,LqmIvj8NWGxqcrMb/NRNRt26Wh8=
-24,-35,BNO85zuZogZXDDsey5fdCBqlcTA=,LqmIvj8NWGxqcrMb/NRNRt26Wh8=
-26,-39,BNO85zuZogZXDDsey5fdCBqlcTA=,fDtN+hFR8lRlx8R22pcvmQaro9s=
-19,-39,BNO85zuZogZXDDsey5fdCBqlcTA=,LqmIvj8NWGxqcrMb/NRNRt26Wh8=
-28,-34,BNO85zuZogZXDDsey5fdCBqlcTA=,fDtN+hFR8lRlx8R22pcvmQaro9s=
-22,-40,BNO85zuZogZXDDsey5fdCBqlcTA=,LqmIvj8NWGxqcrMb/NRNRt26Wh8=
-18,-40,BNO85zuZogZXDDsey5fdCBqlcTA=,LqmIvj8NWGxqcrMb/NRNRt26Wh8=
-27,-34,BNO85zuZogZXDDsey5fdCBqlcTA=,fDtN+hFR8lRlx8R22pcvmQaro9s=
-22,-36,BNO85zuZogZXDDsey5fdCBqlcTA=,LqmIvj8NWGxqcrMb/NRNRt26Wh8=
-26,-34,BNO85zuZogZXDDsey5fdCBqlcTA=,fDtN+hFR8lRlx8R22pcvmQaro9s=
-18,-39,BNO85zuZogZXDDsey5fdCBqlcTA=,LqmIvj8NWGxqcrMb/NRNRt26Wh8=
-31,-38,BNO85zuZogZXDDsey5fdCBqlcTA=,fDtN+hFR8lRlx8R22pcvmQaro9s=
-21,-36,BNO85zuZogZXDDsey5fdCBqlcTA=,LqmIvj8NWGxqcrMb/NRNRt26Wh8=
-23,-35,BNO85zuZogZXDDsey5fdCBqlcTA=,LqmIvj8NWGxqcrMb/NRNRt26Wh8=
-24,-39,BNO85zuZogZXDDsey5fdCBqlcTA=,LqmIvj8NWGxqcrMb/NRNRt26Wh8=
-30,-38,BNO85zuZogZXDDsey5fdCBqlcTA=,fDtN+hFR8lRlx8R22pcvmQaro9s=
-20,-36,BNO85zuZogZXDDsey5fdCBqlcTA=,LqmIvj8NWGxqcrMb/NRNRt26Wh8=
-23,-39,BNO85zuZogZXDDsey5fdCBqlcTA=,LqmIvj8NWGxqcrMb/NRNRt26Wh8=
-29,-38,BNO85zuZogZXDDsey5fdCBqlcTA=,fDtN+hFR8lRlx8R22pcvmQaro9s=
-22,-35,BNO85zuZogZXDDsey5fdCBqlcTA=,LqmIvj8NWGxqcrMb/NRNRt26Wh8=
-28,-38,BNO85zuZogZXDDsey5fdCBqlcTA=,fDtN+hFR8lRlx8R22pcvmQaro9s=
-24,-38,BNO85zuZogZXDDsey5fdCBqlcTA=,LqmIvj8NWGxqcrMb/NRNRt26Wh8=
-19,-36,BNO85zuZogZXDDsey5fdCBqlcTA=,LqmIvj8NWGxqcrMb/NRNRt26Wh8=
-27,-38,BNO85zuZogZXDDsey5fdCBqlcTA=,fDtN+hFR8lRlx8R22pcvmQaro9s=
-25,-35,BNO85zuZogZXDDsey5fdCBqlcTA=,fDtN+hFR8lRlx8R22pcvmQaro9s=
-18,-36,BNO85zuZogZXDDsey5fdCBqlcTA=,LqmIvj8NWGxqcrMb/NRNRt26Wh8=
-26,-38,BNO85zuZogZXDDsey5fdCBqlcTA=,fDtN+hFR8lRlx8R22pcvmQaro9s=
-25,-39,BNO85zuZogZXDDsey5fdCBqlcTA=,fDtN+hFR8lRlx8R22pcvmQaro9s=
-22,-39,BNO85zuZogZXDDsey5fdCBqlcTA=,LqmIvj8NWGxqcrMb/NRNRt26Wh8=
-25,-34,BNO85zuZogZXDDsey5fdCBqlcTA=,fDtN+hFR8lRlx8R22pcvmQaro9s=
-31,-37,BNO85zuZogZXDDsey5fdCBqlcTA=,fDtN+hFR8lRlx8R22pcvmQaro9s=
-21,-35,BNO85zuZogZXDDsey5fdCBqlcTA=,LqmIvj8NWGxqcrMb/NRNRt26Wh8=
-30,-37,BNO85zuZogZXDDsey5fdCBqlcTA=,fDtN+hFR8lRlx8R22pcvmQaro9s=
-21,-40,BNO85zuZogZXDDsey5fdCBqlcTA=,LqmIvj8NWGxqcrMb/NRNRt26Wh8=
-18,-34,BNO85zuZogZXDDsey5fdCBqlcTA=,LqmIvj8NWGxqcrMb/NRNRt26Wh8=
-29,-37,BNO85zuZogZXDDsey5fdCBqlcTA=,fDtN+hFR8lRlx8R22pcvmQaro9s=
-25,-38,BNO85zuZogZXDDsey5fdCBqlcTA=,fDtN+hFR8lRlx8R22pcvmQaro9s=
-20,-35,BNO85zuZogZXDDsey5fdCBqlcTA=,LqmIvj8NWGxqcrMb/NRNRt26Wh8=
-27,-43,BNO85zuZogZXDDsey5fdCBqlcTA=,QwhcWPqv8lxwRZz/h+kT5f2WfW8=
-23,-34,BNO85zuZogZXDDsey5fdCBqlcTA=,LqmIvj8NWGxqcrMb/NRNRt26Wh8=
-26,-43,BNO85zuZogZXDDsey5fdCBqlcTA=,QwhcWPqv8lxwRZz/h+kT5f2WfW8=
-22,-34,BNO85zuZogZXDDsey5fdCBqlcTA=,LqmIvj8NWGxqcrMb/NRNRt26Wh8=
-24,-40,BNO85zuZogZXDDsey5fdCBqlcTA=,LqmIvj8NWGxqcrMb/NRNRt26Wh8=
-25,-43,LDqvru1SLkj6ul7uH8QQvVNJbp4=,QwhcWPqv8lxwRZz/h+kT5f2WfW8=
-23,-38,LDqvru1SLkj6ul7uH8QQvVNJbp4=,LqmIvj8NWGxqcrMb/NRNRt26Wh8=
-31,-42,LDqvru1SLkj6ul7uH8QQvVNJbp4=,QwhcWPqv8lxwRZz/h+kT5f2WfW8=
-30,-42,LDqvru1SLkj6ul7uH8QQvVNJbp4=,QwhcWPqv8lxwRZz/h+kT5f2WfW8=
-21,-39,LDqvru1SLkj6ul7uH8QQvVNJbp4=,LqmIvj8NWGxqcrMb/NRNRt26Wh8=
-29,-42,LDqvru1SLkj6ul7uH8QQvVNJbp4=,QwhcWPqv8lxwRZz/h+kT5f2WfW8=
-28,-42,LDqvru1SLkj6ul7uH8QQvVNJbp4=,QwhcWPqv8lxwRZz/h+kT5f2WfW8=
-27,-42,LDqvru1SLkj6ul7uH8QQvVNJbp4=,QwhcWPqv8lxwRZz/h+kT5f2WfW8=
-23,-41,LDqvru1SLkj6ul7uH8QQvVNJbp4=,HcgTLMBQWkvrd3qowQtPc2TbJxw=
-26,-42,LDqvru1SLkj6ul7uH8QQvVNJbp4=,QwhcWPqv8lxwRZz/h+kT5f2WfW8=
-19,-35,LDqvru1SLkj6ul7uH8QQvVNJbp4=,LqmIvj8NWGxqcrMb/NRNRt26Wh8=
-22,-41,LDqvru1SLkj6ul7uH8QQvVNJbp4=,HcgTLMBQWkvrd3qowQtPc2TbJxw=
-25,-42,LDqvru1SLkj6ul7uH8QQvVNJbp4=,QwhcWPqv8lxwRZz/h+kT5f2WfW8=
-31,-41,LDqvru1SLkj6ul7uH8QQvVNJbp4=,QwhcWPqv8lxwRZz/h+kT5f2WfW8=
-21,-41,LDqvru1SLkj6ul7uH8QQvVNJbp4=,HcgTLMBQWkvrd3qowQtPc2TbJxw=
-29,-41,LDqvru1SLkj6ul7uH8QQvVNJbp4=,QwhcWPqv8lxwRZz/h+kT5f2WfW8=
-21,-34,LDqvru1SLkj6ul7uH8QQvVNJbp4=,LqmIvj8NWGxqcrMb/NRNRt26Wh8=
-20,-34,LDqvru1SLkj6ul7uH8QQvVNJbp4=,LqmIvj8NWGxqcrMb/NRNRt26Wh8=
-28,-41,LDqvru1SLkj6ul7uH8QQvVNJbp4=,QwhcWPqv8lxwRZz/h+kT5f2WfW8=
-30,-41,LDqvru1SLkj6ul7uH8QQvVNJbp4=,QwhcWPqv8lxwRZz/h+kT5f2WfW8=
-26,-41,LDqvru1SLkj6ul7uH8QQvVNJbp4=,QwhcWPqv8lxwRZz/h+kT5f2WfW8=
-27,-41,LDqvru1SLkj6ul7uH8QQvVNJbp4=,QwhcWPqv8lxwRZz/h+kT5f2WfW8=
-19,-34,LDqvru1SLkj6ul7uH8QQvVNJbp4=,LqmIvj8NWGxqcrMb/NRNRt26Wh8=
-25,-41,LDqvru1SLkj6ul7uH8QQvVNJbp4=,QwhcWPqv8lxwRZz/h+kT5f2WfW8=
-24,-47,LDqvru1SLkj6ul7uH8QQvVNJbp4=,HcgTLMBQWkvrd3qowQtPc2TbJxw=
-31,-47,LDqvru1SLkj6ul7uH8QQvVNJbp4=,QwhcWPqv8lxwRZz/h+kT5f2WfW8=
-29,-47,LDqvru1SLkj6ul7uH8QQvVNJbp4=,QwhcWPqv8lxwRZz/h+kT5f2WfW8=
-30,-47,LDqvru1SLkj6ul7uH8QQvVNJbp4=,QwhcWPqv8lxwRZz/h+kT5f2WfW8=
-30,-40,LDqvru1SLkj6ul7uH8QQvVNJbp4=,fDtN+hFR8lRlx8R22pcvmQaro9s=
-31,-40,LDqvru1SLkj6ul7uH8QQvVNJbp4=,fDtN+hFR8lRlx8R22pcvmQaro9s=
-28,-47,LDqvru1SLkj6ul7uH8QQvVNJbp4=,QwhcWPqv8lxwRZz/h+kT5f2WfW8=
-29,-40,LDqvru1SLkj6ul7uH8QQvVNJbp4=,fDtN+hFR8lRlx8R22pcvmQaro9s=
-24,-46,LDqvru1SLkj6ul7uH8QQvVNJbp4=,HcgTLMBQWkvrd3qowQtPc2TbJxw=
-27,-47,LDqvru1SLkj6ul7uH8QQvVNJbp4=,QwhcWPqv8lxwRZz/h+kT5f2WfW8=
-25,-47,LDqvru1SLkj6ul7uH8QQvVNJbp4=,QwhcWPqv8lxwRZz/h+kT5f2WfW8=
-26,-47,LDqvru1SLkj6ul7uH8QQvVNJbp4=,QwhcWPqv8lxwRZz/h+kT5f2WfW8=
-28,-40,LDqvru1SLkj6ul7uH8QQvVNJbp4=,fDtN+hFR8lRlx8R22pcvmQaro9s=
-30,-46,LDqvru1SLkj6ul7uH8QQvVNJbp4=,QwhcWPqv8lxwRZz/h+kT5f2WfW8=
-31,-46,LDqvru1SLkj6ul7uH8QQvVNJbp4=,QwhcWPqv8lxwRZz/h+kT5f2WfW8=
-29,-46,LDqvru1SLkj6ul7uH8QQvVNJbp4=,QwhcWPqv8lxwRZz/h+kT5f2WfW8=
-28,-46,LDqvru1SLkj6ul7uH8QQvVNJbp4=,QwhcWPqv8lxwRZz/h+kT5f2WfW8=
-27,-40,LDqvru1SLkj6ul7uH8QQvVNJbp4=,fDtN+hFR8lRlx8R22pcvmQaro9s=
-26,-40,LDqvru1SLkj6ul7uH8QQvVNJbp4=,fDtN+hFR8lRlx8R22pcvmQaro9s=
-24,-45,LDqvru1SLkj6ul7uH8QQvVNJbp4=,HcgTLMBQWkvrd3qowQtPc2TbJxw=
-25,-40,LDqvru1SLkj6ul7uH8QQvVNJbp4=,fDtN+hFR8lRlx8R22pcvmQaro9s=
-26,-46,LDqvru1SLkj6ul7uH8QQvVNJbp4=,QwhcWPqv8lxwRZz/h+kT5f2WfW8=
-31,-45,LDqvru1SLkj6ul7uH8QQvVNJbp4=,QwhcWPqv8lxwRZz/h+kT5f2WfW8=
-25,-46,LDqvru1SLkj6ul7uH8QQvVNJbp4=,QwhcWPqv8lxwRZz/h+kT5f2WfW8=
-28,-45,LDqvru1SLkj6ul7uH8QQvVNJbp4=,QwhcWPqv8lxwRZz/h+kT5f2WfW8=
-30,-45,LDqvru1SLkj6ul7uH8QQvVNJbp4=,QwhcWPqv8lxwRZz/h+kT5f2WfW8=
-27,-46,LDqvru1SLkj6ul7uH8QQvVNJbp4=,QwhcWPqv8lxwRZz/h+kT5f2WfW8=
-29,-45,LDqvru1SLkj6ul7uH8QQvVNJbp4=,QwhcWPqv8lxwRZz/h+kT5f2WfW8=
-24,-44,LDqvru1SLkj6ul7uH8QQvVNJbp4=,HcgTLMBQWkvrd3qowQtPc2TbJxw=
-27,-45,LDqvru1SLkj6ul7uH8QQvVNJbp4=,QwhcWPqv8lxwRZz/h+kT5f2WfW8=
-26,-45,LDqvru1SLkj6ul7uH8QQvVNJbp4=,QwhcWPqv8lxwRZz/h+kT5f2WfW8=
-30,-44,LDqvru1SLkj6ul7uH8QQvVNJbp4=,QwhcWPqv8lxwRZz/h+kT5f2WfW8=
-31,-44,LDqvru1SLkj6ul7uH8QQvVNJbp4=,QwhcWPqv8lxwRZz/h+kT5f2WfW8=
-25,-45,LDqvru1SLkj6ul7uH8QQvVNJbp4=,QwhcWPqv8lxwRZz/h+kT5f2WfW8=
-29,-44,LDqvru1SLkj6ul7uH8QQvVNJbp4=,QwhcWPqv8lxwRZz/h+kT5f2WfW8=
-24,-43,LDqvru1SLkj6ul7uH8QQvVNJbp4=,HcgTLMBQWkvrd3qowQtPc2TbJxw=
-28,-44,LDqvru1SLkj6ul7uH8QQvVNJbp4=,QwhcWPqv8lxwRZz/h+kT5f2WfW8=
-27,-44,LDqvru1SLkj6ul7uH8QQvVNJbp4=,QwhcWPqv8lxwRZz/h+kT5f2WfW8=
-26,-44,LDqvru1SLkj6ul7uH8QQvVNJbp4=,QwhcWPqv8lxwRZz/h+kT5f2WfW8=
-24,-42,LDqvru1SLkj6ul7uH8QQvVNJbp4=,HcgTLMBQWkvrd3qowQtPc2TbJxw=
-24,-41,LDqvru1SLkj6ul7uH8QQvVNJbp4=,HcgTLMBQWkvrd3qowQtPc2TbJxw=
-25,-44,LDqvru1SLkj6ul7uH8QQvVNJbp4=,QwhcWPqv8lxwRZz/h+kT5f2WfW8=
-31,-43,LDqvru1SLkj6ul7uH8QQvVNJbp4=,QwhcWPqv8lxwRZz/h+kT5f2WfW8=
-30,-43,LDqvru1SLkj6ul7uH8QQvVNJbp4=,QwhcWPqv8lxwRZz/h+kT5f2WfW8=
-29,-43,LDqvru1SLkj6ul7uH8QQvVNJbp4=,QwhcWPqv8lxwRZz/h+kT5f2WfW8=
-31,-33,LDqvru1SLkj6ul7uH8QQvVNJbp4=,fDtN+hFR8lRlx8R22pcvmQaro9s=
-30,-33,LDqvru1SLkj6ul7uH8QQvVNJbp4=,fDtN+hFR8lRlx8R22pcvmQaro9s=
-29,-33,LDqvru1SLkj6ul7uH8QQvVNJbp4=,fDtN+hFR8lRlx8R22pcvmQaro9s=
-28,-33,LDqvru1SLkj6ul7uH8QQvVNJbp4=,fDtN+hFR8lRlx8R22pcvmQaro9s=
-27,-33,LDqvru1SLkj6ul7uH8QQvVNJbp4=,fDtN+hFR8lRlx8R22pcvmQaro9s=
-26,-33,LDqvru1SLkj6ul7uH8QQvVNJbp4=,fDtN+hFR8lRlx8R22pcvmQaro9s=
-32,-36,LDqvru1SLkj6ul7uH8QQvVNJbp4=,fDtN+hFR8lRlx8R22pcvmQaro9s=
-32,-35,LDqvru1SLkj6ul7uH8QQvVNJbp4=,fDtN+hFR8lRlx8R22pcvmQaro9s=
-32,-39,LDqvru1SLkj6ul7uH8QQvVNJbp4=,fDtN+hFR8lRlx8R22pcvmQaro9s=
-32,-34,LDqvru1SLkj6ul7uH8QQvVNJbp4=,fDtN+hFR8lRlx8R22pcvmQaro9s=
-32,-42,LDqvru1SLkj6ul7uH8QQvVNJbp4=,QwhcWPqv8lxwRZz/h+kT5f2WfW8=
-32,-41,LDqvru1SLkj6ul7uH8QQvVNJbp4=,QwhcWPqv8lxwRZz/h+kT5f2WfW8=
-32,-40,LDqvru1SLkj6ul7uH8QQvVNJbp4=,fDtN+hFR8lRlx8R22pcvmQaro9s=
-32,-47,LDqvru1SLkj6ul7uH8QQvVNJbp4=,QwhcWPqv8lxwRZz/h+kT5f2WfW8=
-32,-38,LDqvru1SLkj6ul7uH8QQvVNJbp4=,fDtN+hFR8lRlx8R22pcvmQaro9s=
-32,-46,LDqvru1SLkj6ul7uH8QQvVNJbp4=,QwhcWPqv8lxwRZz/h+kT5f2WfW8=
-32,-37,LDqvru1SLkj6ul7uH8QQvVNJbp4=,fDtN+hFR8lRlx8R22pcvmQaro9s=
-32,-45,LDqvru1SLkj6ul7uH8QQvVNJbp4=,QwhcWPqv8lxwRZz/h+kT5f2WfW8=
-32,-44,LDqvru1SLkj6ul7uH8QQvVNJbp4=,QwhcWPqv8lxwRZz/h+kT5f2WfW8=
-20,-33,LDqvru1SLkj6ul7uH8QQvVNJbp4=,LqmIvj8NWGxqcrMb/NRNRt26Wh8=
-19,-33,LDqvru1SLkj6ul7uH8QQvVNJbp4=,LqmIvj8NWGxqcrMb/NRNRt26Wh8=
-32,-43,LDqvru1SLkj6ul7uH8QQvVNJbp4=,QwhcWPqv8lxwRZz/h+kT5f2WfW8=
-18,-33,LDqvru1SLkj6ul7uH8QQvVNJbp4=,LqmIvj8NWGxqcrMb/NRNRt26Wh8=
-24,-33,LDqvru1SLkj6ul7uH8QQvVNJbp4=,LqmIvj8NWGxqcrMb/NRNRt26Wh8=
-23,-33,LDqvru1SLkj6ul7uH8QQvVNJbp4=,LqmIvj8NWGxqcrMb/NRNRt26Wh8=
-22,-33,LDqvru1SLkj6ul7uH8QQvVNJbp4=,LqmIvj8NWGxqcrMb/NRNRt26Wh8=
-17,-35,LDqvru1SLkj6ul7uH8QQvVNJbp4=,LqmIvj8NWGxqcrMb/NRNRt26Wh8=
-17,-38,LDqvru1SLkj6ul7uH8QQvVNJbp4=,LqmIvj8NWGxqcrMb/NRNRt26Wh8=
-21,-33,LDqvru1SLkj6ul7uH8QQvVNJbp4=,LqmIvj8NWGxqcrMb/NRNRt26Wh8=
-17,-37,LDqvru1SLkj6ul7uH8QQvVNJbp4=,LqmIvj8NWGxqcrMb/NRNRt26Wh8=
-25,-33,LDqvru1SLkj6ul7uH8QQvVNJbp4=,fDtN+hFR8lRlx8R22pcvmQaro9s=
-17,-39,LDqvru1SLkj6ul7uH8QQvVNJbp4=,LqmIvj8NWGxqcrMb/NRNRt26Wh8=
-17,-36,LDqvru1SLkj6ul7uH8QQvVNJbp4=,LqmIvj8NWGxqcrMb/NRNRt26Wh8=
-17,-34,LDqvru1SLkj6ul7uH8QQvVNJbp4=,LqmIvj8NWGxqcrMb/NRNRt26Wh8=
-32,-33,LDqvru1SLkj6ul7uH8QQvVNJbp4=,fDtN+hFR8lRlx8R22pcvmQaro9s=
-17,-33,LDqvru1SLkj6ul7uH8QQvVNJbp4=,LqmIvj8NWGxqcrMb/NRNRt26Wh8=
-17,-41,LDqvru1SLkj6ul7uH8QQvVNJbp4=,HcgTLMBQWkvrd3qowQtPc2TbJxw=
-17,-47,LDqvru1SLkj6ul7uH8QQvVNJbp4=,HcgTLMBQWkvrd3qowQtPc2TbJxw=
-17,-46,LDqvru1SLkj6ul7uH8QQvVNJbp4=,HcgTLMBQWkvrd3qowQtPc2TbJxw=
-32,-48,LDqvru1SLkj6ul7uH8QQvVNJbp4=,QwhcWPqv8lxwRZz/h+kT5f2WfW8=
-31,-48,LDqvru1SLkj6ul7uH8QQvVNJbp4=,QwhcWPqv8lxwRZz/h+kT5f2WfW8=
-17,-40,LDqvru1SLkj6ul7uH8QQvVNJbp4=,LqmIvj8NWGxqcrMb/NRNRt26Wh8=
-30,-48,LDqvru1SLkj6ul7uH8QQvVNJbp4=,QwhcWPqv8lxwRZz/h+kT5f2WfW8=
-17,-45,LDqvru1SLkj6ul7uH8QQvVNJbp4=,HcgTLMBQWkvrd3qowQtPc2TbJxw=
-29,-48,LDqvru1SLkj6ul7uH8QQvVNJbp4=,QwhcWPqv8lxwRZz/h+kT5f2WfW8=
-17,-44,LDqvru1SLkj6ul7uH8QQvVNJbp4=,HcgTLMBQWkvrd3qowQtPc2TbJxw=
-24,-48,LDqvru1SLkj6ul7uH8QQvVNJbp4=,HcgTLMBQWkvrd3qowQtPc2TbJxw=
-28,-48,LDqvru1SLkj6ul7uH8QQvVNJbp4=,QwhcWPqv8lxwRZz/h+kT5f2WfW8=
-17,-43,LDqvru1SLkj6ul7uH8QQvVNJbp4=,HcgTLMBQWkvrd3qowQtPc2TbJxw=
-27,-48,LDqvru1SLkj6ul7uH8QQvVNJbp4=,QwhcWPqv8lxwRZz/h+kT5f2WfW8=
-23,-48,LDqvru1SLkj6ul7uH8QQvVNJbp4=,HcgTLMBQWkvrd3qowQtPc2TbJxw=
-17,-42,LDqvru1SLkj6ul7uH8QQvVNJbp4=,HcgTLMBQWkvrd3qowQtPc2TbJxw=
-26,-48,LDqvru1SLkj6ul7uH8QQvVNJbp4=,QwhcWPqv8lxwRZz/h+kT5f2WfW8=
-22,-48,LDqvru1SLkj6ul7uH8QQvVNJbp4=,HcgTLMBQWkvrd3qowQtPc2TbJxw=
-25,-48,LDqvru1SLkj6ul7uH8QQvVNJbp4=,QwhcWPqv8lxwRZz/h+kT5f2WfW8=
-21,-48,LDqvru1SLkj6ul7uH8QQvVNJbp4=,HcgTLMBQWkvrd3qowQtPc2TbJxw=
-17,-48,LDqvru1SLkj6ul7uH8QQvVNJbp4=,HcgTLMBQWkvrd3qowQtPc2TbJxw=
-18,-48,LDqvru1SLkj6ul7uH8QQvVNJbp4=,HcgTLMBQWkvrd3qowQtPc2TbJxw=
-20,-48,LDqvru1SLkj6ul7uH8QQvVNJbp4=,HcgTLMBQWkvrd3qowQtPc2TbJxw=
-19,-48,LDqvru1SLkj6ul7uH8QQvVNJbp4=,HcgTLMBQWkvrd3qowQtPc2TbJxw=
