62,-35,8Hnc6sL4y28uZ6Dig928lYUhsac=,7DsJelq4p0tr9Hp5gFJ8k4bDeXQ=
61,-34,8Hnc6sL4y28uZ6Dig928lYUhsac=,7DsJelq4p0tr9Hp5gFJ8k4bDeXQ=
58,-37,8Hnc6sL4y28uZ6Dig928lYUhsac=,7DsJelq4p0tr9Hp5gFJ8k4bDeXQ=
58,-38,8Hnc6sL4y28uZ6Dig928lYUhsac=,7DsJelq4p0tr9Hp5gFJ8k4bDeXQ=
60,-34,8Hnc6sL4y28uZ6Dig928lYUhsac=,7DsJelq4p0tr9Hp5gFJ8k4bDeXQ=
59,-37,8Hnc6sL4y28uZ6Dig928lYUhsac=,7DsJelq4p0tr9Hp5gFJ8k4bDeXQ=
60,-39,8Hnc6sL4y28uZ6Dig928lYUhsac=,7DsJelq4p0tr9Hp5gFJ8k4bDeXQ=
60,-41,8Hnc6sL4y28uZ6Dig928lYUhsac=,1rylp+LHxBB4gqskh1a4V28UoAM=
61,-41,8Hnc6sL4y28uZ6Dig928lYUhsac=,1rylp+LHxBB4gqskh1a4V28UoAM=
61,-39,8Hnc6sL4y28uZ6Dig928lYUhsac=,7DsJelq4p0tr9Hp5gFJ8k4bDeXQ=
52,-37,8Hnc6sL4y28uZ6Dig928lYUhsac=,mfuQQ+X/PHmhT0VifYNDmRIteCQ=
62,-41,8Hnc6sL4y28uZ6Dig928lYUhsac=,1rylp+LHxBB4gqskh1a4V28UoAM=
53,-37,8Hnc6sL4y28uZ6Dig928lYUhsac=,mfuQQ+X/PHmhT0VifYNDmRIteCQ=
54,-37,8Hnc6sL4y28uZ6Dig928lYUhsac=,mfuQQ+X/PHmhT0VifYNDmRIteCQ=
60,-40,8Hnc6sL4y28uZ6Dig928lYUhsac=,7DsJelq4p0tr9Hp5gFJ8k4bDeXQ=
56,-35,8Hnc6sL4y28uZ6Dig928lYUhsac=,7DsJelq4p0tr9Hp5gFJ8k4bDeXQ=
55,-37,8Hnc6sL4y28uZ6Dig928lYUhsac=,mfuQQ+X/PHmhT0VifYNDmRIteCQ=
58,-40,8Hnc6sL4y28uZ6Dig928lYUhsac=,7DsJelq4p0tr9Hp5gFJ8k4bDeXQ=
49,-36,8Hnc6sL4y28uZ6Dig928lYUhsac=,mfuQQ+X/PHmhT0VifYNDmRIteCQ=
56,-34,8Hnc6sL4y28uZ6Dig928lYUhsac=,7DsJelq4p0tr9Hp5gFJ8k4bDeXQ=
61,-40,8Hnc6sL4y28uZ6Dig928lYUhsac=,7DsJelq4p0tr9Hp5gFJ8k4bDeXQ=
50,-36,8Hnc6sL4y28uZ6Dig928lYUhsac=,mfuQQ+X/PHmhT0VifYNDmRIteCQ=
62,-40,8Hnc6sL4y28uZ6Dig928lYUhsac=,7DsJelq4p0tr9Hp5gFJ8k4bDeXQ=
59,-40,8Hnc6sL4y28uZ6Dig928lYUhsac=,7DsJelq4p0tr9Hp5gFJ8k4bDeXQ=
56,-36,8Hnc6sL4y28uZ6Dig928lYUhsac=,7DsJelq4p0tr9Hp5gFJ8k4bDeXQ=
57,-47,8Hnc6sL4y28uZ6Dig928lYUhsac=,1rylp+LHxBB4gqskh1a4V28UoAM=
51,-36,8Hnc6sL4y28uZ6Dig928lYUhsac=,mfuQQ+X/PHmhT0VifYNDmRIteCQ=
56,-39,8Hnc6sL4y28uZ6Dig928lYUhsac=,7DsJelq4p0tr9Hp5gFJ8k4bDeXQ=
58,-47,8Hnc6sL4y28uZ6Dig928lYUhsac=,1rylp+LHxBB4gqskh1a4V28UoAM=
52,-36,8Hnc6sL4y28uZ6Dig928lYUhsac=,mfuQQ+X/PHmhT0VifYNDmRIteCQ=
56,-38,8Hnc6sL4y28uZ6Dig928lYUhsac=,7DsJelq4p0tr9Hp5gFJ8k4bDeXQ=
53,-36,8Hnc6sL4y28uZ6Dig928lYUhsac=,mfuQQ+X/PHmhT0VifYNDmRIteCQ=
54,-36,8Hnc6sL4y28uZ6Dig928lYUhsac=,mfuQQ+X/PHmhT0VifYNDmRIteCQ=
55,-36,8Hnc6sL4y28uZ6Dig928lYUhsac=,mfuQQ+X/PHmhT0VifYNDmRIteCQ=
49,-35,8Hnc6sL4y28uZ6Dig928lYUhsac=,mfuQQ+X/PHmhT0VifYNDmRIteCQ=
50,-35,8Hnc6sL4y28uZ6Dig928lYUhsac=,mfuQQ+X/PHmhT0VifYNDmRIteCQ=
51,-35,8Hnc6sL4y28uZ6Dig928lYUhsac=,mfuQQ+X/PHmhT0VifYNDmRIteCQ=
62,-39,8Hnc6sL4y28uZ6Dig928lYUhsac=,7DsJelq4p0tr9Hp5gFJ8k4bDeXQ=
52,-35,8Hnc6sL4y28uZ6Dig928lYUhsac=,mfuQQ+X/PHmhT0VifYNDmRIteCQ=
57,-39,8Hnc6sL4y28uZ6Dig928lYUhsac=,7DsJelq4p0tr9Hp5gFJ8k4bDeXQ=
53,-35,8Hnc6sL4y28uZ6Dig928lYUhsac=,mfuQQ+X/PHmhT0VifYNDmRIteCQ=
58,-39,8Hnc6sL4y28uZ6Dig928lYUhsac=,7DsJelq4p0tr9Hp5gFJ8k4bDeXQ=
54,-35,8Hnc6sL4y28uZ6Dig928lYUhsac=,mfuQQ+X/PHmhT0VifYNDmRIteCQ=
59,-39,8Hnc6sL4y28uZ6Dig928lYUhsac=,7DsJelq4p0tr9Hp5gFJ8k4bDeXQ=
49,-39,8Hnc6sL4y28uZ6Dig928lYUhsac=,mfuQQ+X/PHmhT0VifYNDmRIteCQ=
57,-36,8Hnc6sL4y28uZ6Dig928lYUhsac=,7DsJelq4p0tr9Hp5gFJ8k4bDeXQ=
55,-35,8Hnc6sL4y28uZ6Dig928lYUhsac=,mfuQQ+X/PHmhT0VifYNDmRIteCQ=
60,-37,8Hnc6sL4y28uZ6Dig928lYUhsac=,7DsJelq4p0tr9Hp5gFJ8k4bDeXQ=
50,-39,8Hnc6sL4y28uZ6Dig928lYUhsac=,mfuQQ+X/PHmhT0VifYNDmRIteCQ=
57,-38,8Hnc6sL4y28uZ6Dig928lYUhsac=,7DsJelq4p0tr9Hp5gFJ8k4bDeXQ=
51,-39,8Hnc6sL4y28uZ6Dig928lYUhsac=,mfuQQ+X/PHmhT0VifYNDmRIteCQ=
57,-35,8Hnc6sL4y28uZ6Dig928lYUhsac=,7DsJelq4p0tr9Hp5gFJ8k4bDeXQ=
52,-39,8Hnc6sL4y28uZ6Dig928lYUhsac=,mfuQQ+X/PHmhT0VifYNDmRIteCQ=
58,-36,8Hnc6sL4y28uZ6Dig928lYUhsac=,7DsJelq4p0tr9Hp5gFJ8k4bDeXQ=
53,-39,8Hnc6sL4y28uZ6Dig928lYUhsac=,mfuQQ+X/PHmhT0VifYNDmRIteCQ=
59,-36,8Hnc6sL4y28uZ6Dig928lYUhsac=,7DsJelq4p0tr9Hp5gFJ8k4bDeXQ=
54,-39,8Hnc6sL4y28uZ6Dig928lYUhsac=,mfuQQ+X/PHmhT0VifYNDmRIteCQ=
59,-38,8Hnc6sL4y28uZ6Dig928lYUhsac=,7DsJelq4p0tr9Hp5gFJ8k4bDeXQ=
55,-39,8Hnc6sL4y28uZ6Dig928lYUhsac=,mfuQQ+X/PHmhT0VifYNDmRIteCQ=
60,-38,8Hnc6sL4y28uZ6Dig928lYUhsac=,7DsJelq4p0tr9Hp5gFJ8k4bDeXQ=
56,-37,8Hnc6sL4y28uZ6Dig928lYUhsac=,7DsJelq4p0tr9Hp5gFJ8k4bDeXQ=
60,-36,8Hnc6sL4y28uZ6Dig928lYUhsac=,7DsJelq4p0tr9Hp5gFJ8k4bDeXQ=
49,-34,8Hnc6sL4y28uZ6Dig928lYUhsac=,mfuQQ+X/PHmhT0VifYNDmRIteCQ=
58,-35,8Hnc6sL4y28uZ6Dig928lYUhsac=,7DsJelq4p0tr9Hp5gFJ8k4bDeXQ=
50,-34,8Hnc6sL4y28uZ6Dig928lYUhsac=,mfuQQ+X/PHmhT0VifYNDmRIteCQ=
51,-34,8Hnc6sL4y28uZ6Dig928lYUhsac=,mfuQQ+X/PHmhT0VifYNDmRIteCQ=
61,-37,8Hnc6sL4y28uZ6Dig928lYUhsac=,7DsJelq4p0tr9Hp5gFJ8k4bDeXQ=
52,-34,8Hnc6sL4y28uZ6Dig928lYUhsac=,mfuQQ+X/PHmhT0VifYNDmRIteCQ=
61,-38,8Hnc6sL4y28uZ6Dig928lYUhsac=,7DsJelq4p0tr9Hp5gFJ8k4bDeXQ=
53,-34,8Hnc6sL4y28uZ6Dig928lYUhsac=,mfuQQ+X/PHmhT0VifYNDmRIteCQ=
61,-36,8Hnc6sL4y28uZ6Dig928lYUhsac=,7DsJelq4p0tr9Hp5gFJ8k4bDeXQ=
54,-34,8Hnc6sL4y28uZ6Dig928lYUhsac=,mfuQQ+X/PHmhT0VifYNDmRIteCQ=
62,-36,8Hnc6sL4y28uZ6Dig928lYUhsac=,7DsJelq4p0tr9Hp5gFJ8k4bDeXQ=
49,-38,8Hnc6sL4y28uZ6Dig928lYUhsac=,mfuQQ+X/PHmhT0VifYNDmRIteCQ=
62,-38,8Hnc6sL4y28uZ6Dig928lYUhsac=,7DsJelq4p0tr9Hp5gFJ8k4bDeXQ=
50,-38,8Hnc6sL4y28uZ6Dig928lYUhsac=,mfuQQ+X/PHmhT0VifYNDmRIteCQ=
62,-34,8Hnc6sL4y28uZ6Dig928lYUhsac=,7DsJelq4p0tr9Hp5gFJ8k4bDeXQ=
51,-38,8Hnc6sL4y28uZ6Dig928lYUhsac=,mfuQQ+X/PHmhT0VifYNDmRIteCQ=
59,-35,8Hnc6sL4y28uZ6Dig928lYUhsac=,7DsJelq4p0tr9Hp5gFJ8k4bDeXQ=
52,-38,8Hnc6sL4y28uZ6Dig928lYUhsac=,mfuQQ+X/PHmhT0VifYNDmRIteCQ=
62,-37,8Hnc6sL4y28uZ6Dig928lYUhsac=,7DsJelq4p0tr9Hp5gFJ8k4bDeXQ=
55,-34,8Hnc6sL4y28uZ6Dig928lYUhsac=,mfuQQ+X/PHmhT0VifYNDmRIteCQ=
57,-37,8Hnc6sL4y28uZ6Dig928lYUhsac=,7DsJelq4p0tr9Hp5gFJ8k4bDeXQ=
53,-38,8Hnc6sL4y28uZ6Dig928lYUhsac=,mfuQQ+X/PHmhT0VifYNDmRIteCQ=
60,-35,8Hnc6sL4y28uZ6Dig928lYUhsac=,7DsJelq4p0tr9Hp5gFJ8k4bDeXQ=
54,-38,8Hnc6sL4y28uZ6Dig928lYUhsac=,mfuQQ+X/PHmhT0VifYNDmRIteCQ=
57,-34,8Hnc6sL4y28uZ6Dig928lYUhsac=,7DsJelq4p0tr9Hp5gFJ8k4bDeXQ=
55,-38,8Hnc6sL4y28uZ6Dig928lYUhsac=,mfuQQ+X/PHmhT0VifYNDmRIteCQ=
49,-37,8Hnc6sL4y28uZ6Dig928lYUhsac=,mfuQQ+X/PHmhT0VifYNDmRIteCQ=
58,-34,8Hnc6sL4y28uZ6Dig928lYUhsac=,7DsJelq4p0tr9Hp5gFJ8k4bDeXQ=
50,-37,8Hnc6sL4y28uZ6Dig928lYUhsac=,mfuQQ+X/PHmhT0VifYNDmRIteCQ=
61,-35,8Hnc6sL4y28uZ6Dig928lYUhsac=,7DsJelq4p0tr9Hp5gFJ8k4bDeXQ=
51,-37,8Hnc6sL4y28uZ6Dig928lYUhsac=,mfuQQ+X/PHmhT0VifYNDmRIteCQ=
59,-34,8Hnc6sL4y28uZ6Dig928lYUhsac=,7DsJelq4p0tr9Hp5gFJ8k4bDeXQ=
59,-47,8Hnc6sL4y28uZ6Dig928lYUhsac=,1rylp+LHxBB4gqskh1a4V28UoAM=
60,-47,8Hnc6sL4y28uZ6Dig928lYUhsac=,1rylp+LHxBB4gqskh1a4V28UoAM=
61,-47,8Hnc6sL4y28uZ6Dig928lYUhsac=,1rylp+LHxBB4gqskh1a4V28UoAM=
62,-47,8Hnc6sL4y28uZ6Dig928lYUhsac=,1rylp+LHxBB4gqskh1a4V28UoAM=
57,-46,8Hnc6sL4y28uZ6Dig928lYUhsac=,1rylp+LHxBB4gqskh1a4V28UoAM=
58,-46,8Hnc6sL4y28uZ6Dig928lYUhsac=,1rylp+LHxBB4gqskh1a4V28UoAM=
59,-46,8Hnc6sL4y28uZ6Dig928lYUhsac=,1rylp+LHxBB4gqskh1a4V28UoAM=
60,-46,8Hnc6sL4y28uZ6Dig928lYUhsac=,1rylp+LHxBB4gqskh1a4V28UoAM=
61,-46,8Hnc6sL4y28uZ6Dig928lYUhsac=,1rylp+LHxBB4gqskh1a4V28UoAM=
62,-46,8Hnc6sL4y28uZ6Dig928lYUhsac=,1rylp+LHxBB4gqskh1a4V28UoAM=
57,-45,8Hnc6sL4y28uZ6Dig928lYUhsac=,1rylp+LHxBB4gqskh1a4V28UoAM=
58,-45,8Hnc6sL4y28uZ6Dig928lYUhsac=,1rylp+LHxBB4gqskh1a4V28UoAM=
59,-45,8Hnc6sL4y28uZ6Dig928lYUhsac=,1rylp+LHxBB4gqskh1a4V28UoAM=
60,-45,8Hnc6sL4y28uZ6Dig928lYUhsac=,1rylp+LHxBB4gqskh1a4V28UoAM=
61,-45,8Hnc6sL4y28uZ6Dig928lYUhsac=,1rylp+LHxBB4gqskh1a4V28UoAM=
62,-45,8Hnc6sL4y28uZ6Dig928lYUhsac=,1rylp+LHxBB4gqskh1a4V28UoAM=
57,-44,8Hnc6sL4y28uZ6Dig928lYUhsac=,1rylp+LHxBB4gqskh1a4V28UoAM=
58,-44,8Hnc6sL4y28uZ6Dig928lYUhsac=,1rylp+LHxBB4gqskh1a4V28UoAM=
59,-44,8Hnc6sL4y28uZ6Dig928lYUhsac=,1rylp+LHxBB4gqskh1a4V28UoAM=
60,-44,8Hnc6sL4y28uZ6Dig928lYUhsac=,1rylp+LHxBB4gqskh1a4V28UoAM=
61,-44,8Hnc6sL4y28uZ6Dig928lYUhsac=,1rylp+LHxBB4gqskh1a4V28UoAM=
57,-40,8Hnc6sL4y28uZ6Dig928lYUhsac=,7DsJelq4p0tr9Hp5gFJ8k4bDeXQ=
62,-44,8Hnc6sL4y28uZ6Dig928lYUhsac=,1rylp+LHxBB4gqskh1a4V28UoAM=
57,-43,8Hnc6sL4y28uZ6Dig928lYUhsac=,1rylp+LHxBB4gqskh1a4V28UoAM=
58,-43,8Hnc6sL4y28uZ6Dig928lYUhsac=,1rylp+LHxBB4gqskh1a4V28UoAM=
59,-43,8Hnc6sL4y28uZ6Dig928lYUhsac=,1rylp+LHxBB4gqskh1a4V28UoAM=
60,-43,8Hnc6sL4y28uZ6Dig928lYUhsac=,1rylp+LHxBB4gqskh1a4V28UoAM=
61,-43,8Hnc6sL4y28uZ6Dig928lYUhsac=,1rylp+LHxBB4gqskh1a4V28UoAM=
62,-43,8Hnc6sL4y28uZ6Dig928lYUhsac=,1rylp+LHxBB4gqskh1a4V28UoAM=
57,-42,8Hnc6sL4y28uZ6Dig928lYUhsac=,1rylp+LHxBB4gqskh1a4V28UoAM=
58,-42,8Hnc6sL4y28uZ6Dig928lYUhsac=,1rylp+LHxBB4gqskh1a4V28UoAM=
59,-42,8Hnc6sL4y28uZ6Dig928lYUhsac=,1rylp+LHxBB4gqskh1a4V28UoAM=
60,-42,8Hnc6sL4y28uZ6Dig928lYUhsac=,1rylp+LHxBB4gqskh1a4V28UoAM=
61,-42,8Hnc6sL4y28uZ6Dig928lYUhsac=,1rylp+LHxBB4gqskh1a4V28UoAM=
62,-42,8Hnc6sL4y28uZ6Dig928lYUhsac=,1rylp+LHxBB4gqskh1a4V28UoAM=
57,-41,8Hnc6sL4y28uZ6Dig928lYUhsac=,1rylp+LHxBB4gqskh1a4V28UoAM=
58,-41,8Hnc6sL4y28uZ6Dig928lYUhsac=,1rylp+LHxBB4gqskh1a4V28UoAM=
59,-41,8Hnc6sL4y28uZ6Dig928lYUhsac=,1rylp+LHxBB4gqskh1a4V28UoAM=
52,-43,8Hnc6sL4y28uZ6Dig928lYUhsac=,zKkgfPruf38YN55aO+qHAG0DLoA=
53,-43,8Hnc6sL4y28uZ6Dig928lYUhsac=,zKkgfPruf38YN55aO+qHAG0DLoA=
54,-43,8Hnc6sL4y28uZ6Dig928lYUhsac=,zKkgfPruf38YN55aO+qHAG0DLoA=
56,-40,8Hnc6sL4y28uZ6Dig928lYUhsac=,7DsJelq4p0tr9Hp5gFJ8k4bDeXQ=
55,-43,8Hnc6sL4y28uZ6Dig928lYUhsac=,zKkgfPruf38YN55aO+qHAG0DLoA=
51,-43,8Hnc6sL4y28uZ6Dig928lYUhsac=,zKkgfPruf38YN55aO+qHAG0DLoA=
49,-42,8Hnc6sL4y28uZ6Dig928lYUhsac=,zKkgfPruf38YN55aO+qHAG0DLoA=
48,-36,8Hnc6sL4y28uZ6Dig928lYUhsac=,mfuQQ+X/PHmhT0VifYNDmRIteCQ=
48,-35,8Hnc6sL4y28uZ6Dig928lYUhsac=,mfuQQ+X/PHmhT0VifYNDmRIteCQ=
48,-39,8Hnc6sL4y28uZ6Dig928lYUhsac=,mfuQQ+X/PHmhT0VifYNDmRIteCQ=
48,-34,8Hnc6sL4y28uZ6Dig928lYUhsac=,mfuQQ+X/PHmhT0VifYNDmRIteCQ=
48,-38,8Hnc6sL4y28uZ6Dig928lYUhsac=,mfuQQ+X/PHmhT0VifYNDmRIteCQ=
48,-37,8Hnc6sL4y28uZ6Dig928lYUhsac=,mfuQQ+X/PHmhT0VifYNDmRIteCQ=
50,-42,8Hnc6sL4y28uZ6Dig928lYUhsac=,zKkgfPruf38YN55aO+qHAG0DLoA=
49,-33,8Hnc6sL4y28uZ6Dig928lYUhsac=,mfuQQ+X/PHmhT0VifYNDmRIteCQ=
50,-33,8Hnc6sL4y28uZ6Dig928lYUhsac=,mfuQQ+X/PHmhT0VifYNDmRIteCQ=
51,-42,8Hnc6sL4y28uZ6Dig928lYUhsac=,zKkgfPruf38YN55aO+qHAG0DLoA=
51,-33,8Hnc6sL4y28uZ6Dig928lYUhsac=,mfuQQ+X/PHmhT0VifYNDmRIteCQ=
52,-33,8Hnc6sL4y28uZ6Dig928lYUhsac=,mfuQQ+X/PHmhT0VifYNDmRIteCQ=
52,-42,8Hnc6sL4y28uZ6Dig928lYUhsac=,zKkgfPruf38YN55aO+qHAG0DLoA=
53,-42,8Hnc6sL4y28uZ6Dig928lYUhsac=,zKkgfPruf38YN55aO+qHAG0DLoA=
53,-33,8Hnc6sL4y28uZ6Dig928lYUhsac=,mfuQQ+X/PHmhT0VifYNDmRIteCQ=
54,-33,8Hnc6sL4y28uZ6Dig928lYUhsac=,mfuQQ+X/PHmhT0VifYNDmRIteCQ=
54,-42,8Hnc6sL4y28uZ6Dig928lYUhsac=,zKkgfPruf38YN55aO+qHAG0DLoA=
55,-42,8Hnc6sL4y28uZ6Dig928lYUhsac=,zKkgfPruf38YN55aO+qHAG0DLoA=
50,-43,8Hnc6sL4y28uZ6Dig928lYUhsac=,zKkgfPruf38YN55aO+qHAG0DLoA=
60,-33,8Hnc6sL4y28uZ6Dig928lYUhsac=,7DsJelq4p0tr9Hp5gFJ8k4bDeXQ=
49,-41,8Hnc6sL4y28uZ6Dig928lYUhsac=,zKkgfPruf38YN55aO+qHAG0DLoA=
61,-33,8Hnc6sL4y28uZ6Dig928lYUhsac=,7DsJelq4p0tr9Hp5gFJ8k4bDeXQ=
50,-41,8Hnc6sL4y28uZ6Dig928lYUhsac=,zKkgfPruf38YN55aO+qHAG0DLoA=
62,-33,8Hnc6sL4y28uZ6Dig928lYUhsac=,7DsJelq4p0tr9Hp5gFJ8k4bDeXQ=
51,-41,8Hnc6sL4y28uZ6Dig928lYUhsac=,zKkgfPruf38YN55aO+qHAG0DLoA=
56,-33,8Hnc6sL4y28uZ6Dig928lYUhsac=,7DsJelq4p0tr9Hp5gFJ8k4bDeXQ=
52,-41,8Hnc6sL4y28uZ6Dig928lYUhsac=,zKkgfPruf38YN55aO+qHAG0DLoA=
57,-33,8Hnc6sL4y28uZ6Dig928lYUhsac=,7DsJelq4p0tr9Hp5gFJ8k4bDeXQ=
58,-33,8Hnc6sL4y28uZ6Dig928lYUhsac=,7DsJelq4p0tr9Hp5gFJ8k4bDeXQ=
59,-33,8Hnc6sL4y28uZ6Dig928lYUhsac=,7DsJelq4p0tr9Hp5gFJ8k4bDeXQ=
55,-33,8Hnc6sL4y28uZ6Dig928lYUhsac=,mfuQQ+X/PHmhT0VifYNDmRIteCQ=
53,-41,8Hnc6sL4y28uZ6Dig928lYUhsac=,zKkgfPruf38YN55aO+qHAG0DLoA=
54,-41,8Hnc6sL4y28uZ6Dig928lYUhsac=,zKkgfPruf38YN55aO+qHAG0DLoA=
63,-35,WUKOpporjmGtPWAHSK2tZ6BgHNI=,7DsJelq4p0tr9Hp5gFJ8k4bDeXQ=
55,-41,WUKOpporjmGtPWAHSK2tZ6BgHNI=,zKkgfPruf38YN55aO+qHAG0DLoA=
49,-47,WUKOpporjmGtPWAHSK2tZ6BgHNI=,zKkgfPruf38YN55aO+qHAG0DLoA=
63,-39,WUKOpporjmGtPWAHSK2tZ6BgHNI=,7DsJelq4p0tr9Hp5gFJ8k4bDeXQ=
50,-47,WUKOpporjmGtPWAHSK2tZ6BgHNI=,zKkgfPruf38YN55aO+qHAG0DLoA=
63,-38,WUKOpporjmGtPWAHSK2tZ6BgHNI=,7DsJelq4p0tr9Hp5gFJ8k4bDeXQ=
56,-47,WUKOpporjmGtPWAHSK2tZ6BgHNI=,1rylp+LHxBB4gqskh1a4V28UoAM=
63,-34,WUKOpporjmGtPWAHSK2tZ6BgHNI=,7DsJelq4p0tr9Hp5gFJ8k4bDeXQ=
49,-40,WUKOpporjmGtPWAHSK2tZ6BgHNI=,mfuQQ+X/PHmhT0VifYNDmRIteCQ=
63,-36,WUKOpporjmGtPWAHSK2tZ6BgHNI=,7DsJelq4p0tr9Hp5gFJ8k4bDeXQ=
63,-37,WUKOpporjmGtPWAHSK2tZ6BgHNI=,7DsJelq4p0tr9Hp5gFJ8k4bDeXQ=
51,-47,WUKOpporjmGtPWAHSK2tZ6BgHNI=,zKkgfPruf38YN55aO+qHAG0DLoA=
52,-47,WUKOpporjmGtPWAHSK2tZ6BgHNI=,zKkgfPruf38YN55aO+qHAG0DLoA=
53,-47,WUKOpporjmGtPWAHSK2tZ6BgHNI=,zKkgfPruf38YN55aO+qHAG0DLoA=
54,-47,WUKOpporjmGtPWAHSK2tZ6BgHNI=,zKkgfPruf38YN55aO+qHAG0DLoA=
50,-40,WUKOpporjmGtPWAHSK2tZ6BgHNI=,mfuQQ+X/PHmhT0VifYNDmRIteCQ=
51,-40,WUKOpporjmGtPWAHSK2tZ6BgHNI=,mfuQQ+X/PHmhT0VifYNDmRIteCQ=
55,-47,WUKOpporjmGtPWAHSK2tZ6BgHNI=,zKkgfPruf38YN55aO+qHAG0DLoA=
49,-46,WUKOpporjmGtPWAHSK2tZ6BgHNI=,zKkgfPruf38YN55aO+qHAG0DLoA=
56,-46,WUKOpporjmGtPWAHSK2tZ6BgHNI=,1rylp+LHxBB4gqskh1a4V28UoAM=
52,-40,WUKOpporjmGtPWAHSK2tZ6BgHNI=,mfuQQ+X/PHmhT0VifYNDmRIteCQ=
50,-46,WUKOpporjmGtPWAHSK2tZ6BgHNI=,zKkgfPruf38YN55aO+qHAG0DLoA=
53,-40,WUKOpporjmGtPWAHSK2tZ6BgHNI=,mfuQQ+X/PHmhT0VifYNDmRIteCQ=
51,-46,WUKOpporjmGtPWAHSK2tZ6BgHNI=,zKkgfPruf38YN55aO+qHAG0DLoA=
52,-46,WUKOpporjmGtPWAHSK2tZ6BgHNI=,zKkgfPruf38YN55aO+qHAG0DLoA=
53,-46,WUKOpporjmGtPWAHSK2tZ6BgHNI=,zKkgfPruf38YN55aO+qHAG0DLoA=
54,-46,WUKOpporjmGtPWAHSK2tZ6BgHNI=,zKkgfPruf38YN55aO+qHAG0DLoA=
54,-40,WUKOpporjmGtPWAHSK2tZ6BgHNI=,mfuQQ+X/PHmhT0VifYNDmRIteCQ=
55,-46,WUKOpporjmGtPWAHSK2tZ6BgHNI=,zKkgfPruf38YN55aO+qHAG0DLoA=
55,-40,WUKOpporjmGtPWAHSK2tZ6BgHNI=,mfuQQ+X/PHmhT0VifYNDmRIteCQ=
56,-45,WUKOpporjmGtPWAHSK2tZ6BgHNI=,1rylp+LHxBB4gqskh1a4V28UoAM=
49,-45,WUKOpporjmGtPWAHSK2tZ6BgHNI=,zKkgfPruf38YN55aO+qHAG0DLoA=
50,-45,WUKOpporjmGtPWAHSK2tZ6BgHNI=,zKkgfPruf38YN55aO+qHAG0DLoA=
51,-45,WUKOpporjmGtPWAHSK2tZ6BgHNI=,zKkgfPruf38YN55aO+qHAG0DLoA=
52,-45,WUKOpporjmGtPWAHSK2tZ6BgHNI=,zKkgfPruf38YN55aO+qHAG0DLoA=
56,-44,WUKOpporjmGtPWAHSK2tZ6BgHNI=,1rylp+LHxBB4gqskh1a4V28UoAM=
53,-45,WUKOpporjmGtPWAHSK2tZ6BgHNI=,zKkgfPruf38YN55aO+qHAG0DLoA=
55,-45,WUKOpporjmGtPWAHSK2tZ6BgHNI=,zKkgfPruf38YN55aO+qHAG0DLoA=
49,-44,WUKOpporjmGtPWAHSK2tZ6BgHNI=,zKkgfPruf38YN55aO+qHAG0DLoA=
54,-45,WUKOpporjmGtPWAHSK2tZ6BgHNI=,zKkgfPruf38YN55aO+qHAG0DLoA=
50,-44,WUKOpporjmGtPWAHSK2tZ6BgHNI=,zKkgfPruf38YN55aO+qHAG0DLoA=
52,-44,WUKOpporjmGtPWAHSK2tZ6BgHNI=,zKkgfPruf38YN55aO+qHAG0DLoA=
51,-44,WUKOpporjmGtPWAHSK2tZ6BgHNI=,zKkgfPruf38YN55aO+qHAG0DLoA=
56,-43,WUKOpporjmGtPWAHSK2tZ6BgHNI=,1rylp+LHxBB4gqskh1a4V28UoAM=
53,-44,WUKOpporjmGtPWAHSK2tZ6BgHNI=,zKkgfPruf38YN55aO+qHAG0DLoA=
54,-44,WUKOpporjmGtPWAHSK2tZ6BgHNI=,zKkgfPruf38YN55aO+qHAG0DLoA=
56,-42,WUKOpporjmGtPWAHSK2tZ6BgHNI=,1rylp+LHxBB4gqskh1a4V28UoAM=
55,-44,WUKOpporjmGtPWAHSK2tZ6BgHNI=,zKkgfPruf38YN55aO+qHAG0DLoA=
56,-41,WUKOpporjmGtPWAHSK2tZ6BgHNI=,1rylp+LHxBB4gqskh1a4V28UoAM=
49,-43,WUKOpporjmGtPWAHSK2tZ6BgHNI=,zKkgfPruf38YN55aO+qHAG0DLoA=
48,-42,WUKOpporjmGtPWAHSK2tZ6BgHNI=,zKkgfPruf38YN55aO+qHAG0DLoA=
48,-41,WUKOpporjmGtPWAHSK2tZ6BgHNI=,zKkgfPruf38YN55aO+qHAG0DLoA=
48,-40,WUKOpporjmGtPWAHSK2tZ6BgHNI=,mfuQQ+X/PHmhT0VifYNDmRIteCQ=
48,-47,WUKOpporjmGtPWAHSK2tZ6BgHNI=,zKkgfPruf38YN55aO+qHAG0DLoA=
48,-46,WUKOpporjmGtPWAHSK2tZ6BgHNI=,zKkgfPruf38YN55aO+qHAG0DLoA=
48,-45,WUKOpporjmGtPWAHSK2tZ6BgHNI=,zKkgfPruf38YN55aO+qHAG0DLoA=
48,-44,WUKOpporjmGtPWAHSK2tZ6BgHNI=,zKkgfPruf38YN55aO+qHAG0DLoA=
63,-41,WUKOpporjmGtPWAHSK2tZ6BgHNI=,1rylp+LHxBB4gqskh1a4V28UoAM=
48,-43,WUKOpporjmGtPWAHSK2tZ6BgHNI=,zKkgfPruf38YN55aO+qHAG0DLoA=
63,-40,WUKOpporjmGtPWAHSK2tZ6BgHNI=,7DsJelq4p0tr9Hp5gFJ8k4bDeXQ=
63,-47,WUKOpporjmGtPWAHSK2tZ6BgHNI=,1rylp+LHxBB4gqskh1a4V28UoAM=
63,-46,WUKOpporjmGtPWAHSK2tZ6BgHNI=,1rylp+LHxBB4gqskh1a4V28UoAM=
63,-45,WUKOpporjmGtPWAHSK2tZ6BgHNI=,1rylp+LHxBB4gqskh1a4V28UoAM=
63,-44,WUKOpporjmGtPWAHSK2tZ6BgHNI=,1rylp+LHxBB4gqskh1a4V28UoAM=
63,-43,WUKOpporjmGtPWAHSK2tZ6BgHNI=,1rylp+LHxBB4gqskh1a4V28UoAM=
63,-42,WUKOpporjmGtPWAHSK2tZ6BgHNI=,1rylp+LHxBB4gqskh1a4V28UoAM=
48,-33,WUKOpporjmGtPWAHSK2tZ6BgHNI=,mfuQQ+X/PHmhT0VifYNDmRIteCQ=
63,-33,WUKOpporjmGtPWAHSK2tZ6BgHNI=,7DsJelq4p0tr9Hp5gFJ8k4bDeXQ=
57,-48,WUKOpporjmGtPWAHSK2tZ6BgHNI=,1rylp+LHxBB4gqskh1a4V28UoAM=
58,-48,WUKOpporjmGtPWAHSK2tZ6BgHNI=,1rylp+LHxBB4gqskh1a4V28UoAM=
56,-48,WUKOpporjmGtPWAHSK2tZ6BgHNI=,1rylp+LHxBB4gqskh1a4V28UoAM=
48,-48,WUKOpporjmGtPWAHSK2tZ6BgHNI=,zKkgfPruf38YN55aO+qHAG0DLoA=
49,-48,WUKOpporjmGtPWAHSK2tZ6BgHNI=,zKkgfPruf38YN55aO+qHAG0DLoA=
59,-48,WUKOpporjmGtPWAHSK2tZ6BgHNI=,1rylp+LHxBB4gqskh1a4V28UoAM=
50,-48,WUKOpporjmGtPWAHSK2tZ6BgHNI=,zKkgfPruf38YN55aO+qHAG0DLoA=
60,-48,WUKOpporjmGtPWAHSK2tZ6BgHNI=,1rylp+LHxBB4gqskh1a4V28UoAM=
51,-48,WUKOpporjmGtPWAHSK2tZ6BgHNI=,zKkgfPruf38YN55aO+qHAG0DLoA=
61,-48,WUKOpporjmGtPWAHSK2tZ6BgHNI=,1rylp+LHxBB4gqskh1a4V28UoAM=
52,-48,WUKOpporjmGtPWAHSK2tZ6BgHNI=,zKkgfPruf38YN55aO+qHAG0DLoA=
62,-48,WUKOpporjmGtPWAHSK2tZ6BgHNI=,1rylp+LHxBB4gqskh1a4V28UoAM=
53,-48,WUKOpporjmGtPWAHSK2tZ6BgHNI=,zKkgfPruf38YN55aO+qHAG0DLoA=
63,-48,WUKOpporjmGtPWAHSK2tZ6BgHNI=,1rylp+LHxBB4gqskh1a4V28UoAM=
55,-48,WUKOpporjmGtPWAHSK2tZ6BgHNI=,zKkgfPruf38YN55aO+qHAG0DLoA=
54,-48,WUKOpporjmGtPWAHSK2tZ6BgHNI=,zKkgfPruf38YN55aO+qHAG0DLoA=
52,-59,QDfNpbj8nuBZvM1F0CWHfRk0pjc=,XNtNcKEUP3gCBBpmDmeIe/g16Tc=
51,-59,QDfNpbj8nuBZvM1F0CWHfRk0pjc=,XNtNcKEUP3gCBBpmDmeIe/g16Tc=
53,-59,QDfNpbj8nuBZvM1F0CWHfRk0pjc=,XNtNcKEUP3gCBBpmDmeIe/g16Tc=
54,-59,QDfNpbj8nuBZvM1F0CWHfRk0pjc=,XNtNcKEUP3gCBBpmDmeIe/g16Tc=
50,-59,QDfNpbj8nuBZvM1F0CWHfRk0pjc=,XNtNcKEUP3gCBBpmDmeIe/g16Tc=
49,-59,QDfNpbj8nuBZvM1F0CWHfRk0pjc=,XNtNcKEUP3gCBBpmDmeIe/g16Tc=
49,-58,QDfNpbj8nuBZvM1F0CWHfRk0pjc=,XNtNcKEUP3gCBBpmDmeIe/g16Tc=
54,-60,QDfNpbj8nuBZvM1F0CWHfRk0pjc=,XNtNcKEUP3gCBBpmDmeIe/g16Tc=
50,-58,QDfNpbj8nuBZvM1F0CWHfRk0pjc=,XNtNcKEUP3gCBBpmDmeIe/g16Tc=
51,-58,Uee4GkJ1RVKawPMbelVqpS42py4=,XNtNcKEUP3gCBBpmDmeIe/g16Tc=
52,-58,Uee4GkJ1RVKawPMbelVqpS42py4=,XNtNcKEUP3gCBBpmDmeIe/g16Tc=
53,-60,Uee4GkJ1RVKawPMbelVqpS42py4=,XNtNcKEUP3gCBBpmDmeIe/g16Tc=
52,-60,Uee4GkJ1RVKawPMbelVqpS42py4=,XNtNcKEUP3gCBBpmDmeIe/g16Tc=
51,-60,Uee4GkJ1RVKawPMbelVqpS42py4=,XNtNcKEUP3gCBBpmDmeIe/g16Tc=
53,-58,Uee4GkJ1RVKawPMbelVqpS42py4=,XNtNcKEUP3gCBBpmDmeIe/g16Tc=
54,-58,Uee4GkJ1RVKawPMbelVqpS42py4=,XNtNcKEUP3gCBBpmDmeIe/g16Tc=
50,-60,Uee4GkJ1RVKawPMbelVqpS42py4=,XNtNcKEUP3gCBBpmDmeIe/g16Tc=
49,-63,Uee4GkJ1RVKawPMbelVqpS42py4=,XNtNcKEUP3gCBBpmDmeIe/g16Tc=
50,-63,Uee4GkJ1RVKawPMbelVqpS42py4=,XNtNcKEUP3gCBBpmDmeIe/g16Tc=
51,-63,Uee4GkJ1RVKawPMbelVqpS42py4=,XNtNcKEUP3gCBBpmDmeIe/g16Tc=
52,-63,Uee4GkJ1RVKawPMbelVqpS42py4=,XNtNcKEUP3gCBBpmDmeIe/g16Tc=
53,-63,Uee4GkJ1RVKawPMbelVqpS42py4=,XNtNcKEUP3gCBBpmDmeIe/g16Tc=
49,-60,Uee4GkJ1RVKawPMbelVqpS42py4=,XNtNcKEUP3gCBBpmDmeIe/g16Tc=
54,-61,Uee4GkJ1RVKawPMbelVqpS42py4=,XNtNcKEUP3gCBBpmDmeIe/g16Tc=
54,-63,Uee4GkJ1RVKawPMbelVqpS42py4=,XNtNcKEUP3gCBBpmDmeIe/g16Tc=
49,-62,Uee4GkJ1RVKawPMbelVqpS42py4=,XNtNcKEUP3gCBBpmDmeIe/g16Tc=
53,-61,Uee4GkJ1RVKawPMbelVqpS42py4=,XNtNcKEUP3gCBBpmDmeIe/g16Tc=
52,-61,Uee4GkJ1RVKawPMbelVqpS42py4=,XNtNcKEUP3gCBBpmDmeIe/g16Tc=
50,-62,Uee4GkJ1RVKawPMbelVqpS42py4=,XNtNcKEUP3gCBBpmDmeIe/g16Tc=
51,-61,Uee4GkJ1RVKawPMbelVqpS42py4=,XNtNcKEUP3gCBBpmDmeIe/g16Tc=
51,-62,Uee4GkJ1RVKawPMbelVqpS42py4=,XNtNcKEUP3gCBBpmDmeIe/g16Tc=
50,-61,Uee4GkJ1RVKawPMbelVqpS42py4=,XNtNcKEUP3gCBBpmDmeIe/g16Tc=
52,-62,Uee4GkJ1RVKawPMbelVqpS42py4=,XNtNcKEUP3gCBBpmDmeIe/g16Tc=
49,-61,Uee4GkJ1RVKawPMbelVqpS42py4=,XNtNcKEUP3gCBBpmDmeIe/g16Tc=
53,-62,Uee4GkJ1RVKawPMbelVqpS42py4=,XNtNcKEUP3gCBBpmDmeIe/g16Tc=
55,-59,Uee4GkJ1RVKawPMbelVqpS42py4=,XNtNcKEUP3gCBBpmDmeIe/g16Tc=
54,-62,Uee4GkJ1RVKawPMbelVqpS42py4=,XNtNcKEUP3gCBBpmDmeIe/g16Tc=
55,-58,Uee4GkJ1RVKawPMbelVqpS42py4=,XNtNcKEUP3gCBBpmDmeIe/g16Tc=
62,-58,Uee4GkJ1RVKawPMbelVqpS42py4=,7aSEKDKl3xV7SuEcduKiQQrxjBo=
56,-63,Uee4GkJ1RVKawPMbelVqpS42py4=,7aSEKDKl3xV7SuEcduKiQQrxjBo=
57,-63,Uee4GkJ1RVKawPMbelVqpS42py4=,7aSEKDKl3xV7SuEcduKiQQrxjBo=
58,-63,Uee4GkJ1RVKawPMbelVqpS42py4=,7aSEKDKl3xV7SuEcduKiQQrxjBo=
61,-58,Uee4GkJ1RVKawPMbelVqpS42py4=,7aSEKDKl3xV7SuEcduKiQQrxjBo=
62,-51,Uee4GkJ1RVKawPMbelVqpS42py4=,jlnBcRYfft8WN9edRzUPnXRt6EE=
55,-63,Uee4GkJ1RVKawPMbelVqpS42py4=,XNtNcKEUP3gCBBpmDmeIe/g16Tc=
59,-63,Uee4GkJ1RVKawPMbelVqpS42py4=,7aSEKDKl3xV7SuEcduKiQQrxjBo=
60,-57,Uee4GkJ1RVKawPMbelVqpS42py4=,7aSEKDKl3xV7SuEcduKiQQrxjBo=
61,-57,Uee4GkJ1RVKawPMbelVqpS42py4=,7aSEKDKl3xV7SuEcduKiQQrxjBo=
60,-63,Uee4GkJ1RVKawPMbelVqpS42py4=,7aSEKDKl3xV7SuEcduKiQQrxjBo=
62,-57,Uee4GkJ1RVKawPMbelVqpS42py4=,7aSEKDKl3xV7SuEcduKiQQrxjBo=
61,-63,Uee4GkJ1RVKawPMbelVqpS42py4=,7aSEKDKl3xV7SuEcduKiQQrxjBo=
58,-53,Uee4GkJ1RVKawPMbelVqpS42py4=,jlnBcRYfft8WN9edRzUPnXRt6EE=
62,-63,Uee4GkJ1RVKawPMbelVqpS42py4=,7aSEKDKl3xV7SuEcduKiQQrxjBo=
60,-56,Uee4GkJ1RVKawPMbelVqpS42py4=,jlnBcRYfft8WN9edRzUPnXRt6EE=
60,-58,Uee4GkJ1RVKawPMbelVqpS42py4=,7aSEKDKl3xV7SuEcduKiQQrxjBo=
56,-62,Uee4GkJ1RVKawPMbelVqpS42py4=,7aSEKDKl3xV7SuEcduKiQQrxjBo=
59,-58,Uee4GkJ1RVKawPMbelVqpS42py4=,7aSEKDKl3xV7SuEcduKiQQrxjBo=
57,-62,Uee4GkJ1RVKawPMbelVqpS42py4=,7aSEKDKl3xV7SuEcduKiQQrxjBo=
58,-58,Uee4GkJ1RVKawPMbelVqpS42py4=,7aSEKDKl3xV7SuEcduKiQQrxjBo=
60,-55,Uee4GkJ1RVKawPMbelVqpS42py4=,jlnBcRYfft8WN9edRzUPnXRt6EE=
58,-54,Uee4GkJ1RVKawPMbelVqpS42py4=,jlnBcRYfft8WN9edRzUPnXRt6EE=
58,-62,Uee4GkJ1RVKawPMbelVqpS42py4=,7aSEKDKl3xV7SuEcduKiQQrxjBo=
57,-58,Uee4GkJ1RVKawPMbelVqpS42py4=,7aSEKDKl3xV7SuEcduKiQQrxjBo=
61,-55,Uee4GkJ1RVKawPMbelVqpS42py4=,jlnBcRYfft8WN9edRzUPnXRt6EE=
59,-62,Uee4GkJ1RVKawPMbelVqpS42py4=,7aSEKDKl3xV7SuEcduKiQQrxjBo=
56,-58,Uee4GkJ1RVKawPMbelVqpS42py4=,7aSEKDKl3xV7SuEcduKiQQrxjBo=
57,-52,Uee4GkJ1RVKawPMbelVqpS42py4=,jlnBcRYfft8WN9edRzUPnXRt6EE=
55,-60,Uee4GkJ1RVKawPMbelVqpS42py4=,XNtNcKEUP3gCBBpmDmeIe/g16Tc=
55,-62,Uee4GkJ1RVKawPMbelVqpS42py4=,XNtNcKEUP3gCBBpmDmeIe/g16Tc=
62,-55,Uee4GkJ1RVKawPMbelVqpS42py4=,jlnBcRYfft8WN9edRzUPnXRt6EE=
62,-59,Uee4GkJ1RVKawPMbelVqpS42py4=,7aSEKDKl3xV7SuEcduKiQQrxjBo=
59,-54,Uee4GkJ1RVKawPMbelVqpS42py4=,jlnBcRYfft8WN9edRzUPnXRt6EE=
60,-62,Uee4GkJ1RVKawPMbelVqpS42py4=,7aSEKDKl3xV7SuEcduKiQQrxjBo=
60,-59,Uee4GkJ1RVKawPMbelVqpS42py4=,7aSEKDKl3xV7SuEcduKiQQrxjBo=
61,-62,Uee4GkJ1RVKawPMbelVqpS42py4=,7aSEKDKl3xV7SuEcduKiQQrxjBo=
58,-56,Uee4GkJ1RVKawPMbelVqpS42py4=,jlnBcRYfft8WN9edRzUPnXRt6EE=
62,-62,Uee4GkJ1RVKawPMbelVqpS42py4=,7aSEKDKl3xV7SuEcduKiQQrxjBo=
59,-59,Uee4GkJ1RVKawPMbelVqpS42py4=,7aSEKDKl3xV7SuEcduKiQQrxjBo=
61,-56,Uee4GkJ1RVKawPMbelVqpS42py4=,jlnBcRYfft8WN9edRzUPnXRt6EE=
61,-59,Uee4GkJ1RVKawPMbelVqpS42py4=,7aSEKDKl3xV7SuEcduKiQQrxjBo=
56,-61,Uee4GkJ1RVKawPMbelVqpS42py4=,7aSEKDKl3xV7SuEcduKiQQrxjBo=
62,-56,Uee4GkJ1RVKawPMbelVqpS42py4=,jlnBcRYfft8WN9edRzUPnXRt6EE=
58,-59,Uee4GkJ1RVKawPMbelVqpS42py4=,7aSEKDKl3xV7SuEcduKiQQrxjBo=
57,-59,Uee4GkJ1RVKawPMbelVqpS42py4=,7aSEKDKl3xV7SuEcduKiQQrxjBo=
57,-61,Uee4GkJ1RVKawPMbelVqpS42py4=,7aSEKDKl3xV7SuEcduKiQQrxjBo=
59,-53,Uee4GkJ1RVKawPMbelVqpS42py4=,jlnBcRYfft8WN9edRzUPnXRt6EE=
62,-60,Uee4GkJ1RVKawPMbelVqpS42py4=,7aSEKDKl3xV7SuEcduKiQQrxjBo=
57,-55,Uee4GkJ1RVKawPMbelVqpS42py4=,jlnBcRYfft8WN9edRzUPnXRt6EE=
56,-59,Uee4GkJ1RVKawPMbelVqpS42py4=,7aSEKDKl3xV7SuEcduKiQQrxjBo=
58,-61,Uee4GkJ1RVKawPMbelVqpS42py4=,7aSEKDKl3xV7SuEcduKiQQrxjBo=
58,-52,Uee4GkJ1RVKawPMbelVqpS42py4=,jlnBcRYfft8WN9edRzUPnXRt6EE=
61,-60,Uee4GkJ1RVKawPMbelVqpS42py4=,7aSEKDKl3xV7SuEcduKiQQrxjBo=
59,-61,Uee4GkJ1RVKawPMbelVqpS42py4=,7aSEKDKl3xV7SuEcduKiQQrxjBo=
60,-60,Uee4GkJ1RVKawPMbelVqpS42py4=,7aSEKDKl3xV7SuEcduKiQQrxjBo=
55,-61,Uee4GkJ1RVKawPMbelVqpS42py4=,XNtNcKEUP3gCBBpmDmeIe/g16Tc=
58,-60,Uee4GkJ1RVKawPMbelVqpS42py4=,7aSEKDKl3xV7SuEcduKiQQrxjBo=
58,-55,Uee4GkJ1RVKawPMbelVqpS42py4=,jlnBcRYfft8WN9edRzUPnXRt6EE=
59,-60,Uee4GkJ1RVKawPMbelVqpS42py4=,7aSEKDKl3xV7SuEcduKiQQrxjBo=
59,-55,Uee4GkJ1RVKawPMbelVqpS42py4=,jlnBcRYfft8WN9edRzUPnXRt6EE=
57,-60,Uee4GkJ1RVKawPMbelVqpS42py4=,7aSEKDKl3xV7SuEcduKiQQrxjBo=
60,-61,Uee4GkJ1RVKawPMbelVqpS42py4=,7aSEKDKl3xV7SuEcduKiQQrxjBo=
61,-61,Uee4GkJ1RVKawPMbelVqpS42py4=,7aSEKDKl3xV7SuEcduKiQQrxjBo=
62,-61,Uee4GkJ1RVKawPMbelVqpS42py4=,7aSEKDKl3xV7SuEcduKiQQrxjBo=
56,-60,Uee4GkJ1RVKawPMbelVqpS42py4=,7aSEKDKl3xV7SuEcduKiQQrxjBo=
59,-52,Uee4GkJ1RVKawPMbelVqpS42py4=,jlnBcRYfft8WN9edRzUPnXRt6EE=
57,-54,Uee4GkJ1RVKawPMbelVqpS42py4=,jlnBcRYfft8WN9edRzUPnXRt6EE=
59,-56,+T0JPBizoJtjttwYc7iaxGfvNaU=,jlnBcRYfft8WN9edRzUPnXRt6EE=
60,-52,+T0JPBizoJtjttwYc7iaxGfvNaU=,jlnBcRYfft8WN9edRzUPnXRt6EE=
60,-54,+T0JPBizoJtjttwYc7iaxGfvNaU=,jlnBcRYfft8WN9edRzUPnXRt6EE=
61,-50,+T0JPBizoJtjttwYc7iaxGfvNaU=,jlnBcRYfft8WN9edRzUPnXRt6EE=
57,-51,+T0JPBizoJtjttwYc7iaxGfvNaU=,jlnBcRYfft8WN9edRzUPnXRt6EE=
61,-52,+T0JPBizoJtjttwYc7iaxGfvNaU=,jlnBcRYfft8WN9edRzUPnXRt6EE=
61,-54,+T0JPBizoJtjttwYc7iaxGfvNaU=,jlnBcRYfft8WN9edRzUPnXRt6EE=
58,-51,+T0JPBizoJtjttwYc7iaxGfvNaU=,jlnBcRYfft8WN9edRzUPnXRt6EE=
59,-57,+T0JPBizoJtjttwYc7iaxGfvNaU=,7aSEKDKl3xV7SuEcduKiQQrxjBo=
62,-54,+T0JPBizoJtjttwYc7iaxGfvNaU=,jlnBcRYfft8WN9edRzUPnXRt6EE=
62,-52,+T0JPBizoJtjttwYc7iaxGfvNaU=,jlnBcRYfft8WN9edRzUPnXRt6EE=
59,-51,+T0JPBizoJtjttwYc7iaxGfvNaU=,jlnBcRYfft8WN9edRzUPnXRt6EE=
60,-53,+T0JPBizoJtjttwYc7iaxGfvNaU=,jlnBcRYfft8WN9edRzUPnXRt6EE=
60,-51,+T0JPBizoJtjttwYc7iaxGfvNaU=,jlnBcRYfft8WN9edRzUPnXRt6EE=
61,-53,+T0JPBizoJtjttwYc7iaxGfvNaU=,jlnBcRYfft8WN9edRzUPnXRt6EE=
52,-53,+T0JPBizoJtjttwYc7iaxGfvNaU=,H8yXZq1dA/c8Nzaei4XEhUS+0oA=
53,-53,+T0JPBizoJtjttwYc7iaxGfvNaU=,H8yXZq1dA/c8Nzaei4XEhUS+0oA=
57,-53,+T0JPBizoJtjttwYc7iaxGfvNaU=,jlnBcRYfft8WN9edRzUPnXRt6EE=
57,-50,+T0JPBizoJtjttwYc7iaxGfvNaU=,jlnBcRYfft8WN9edRzUPnXRt6EE=
56,-50,+T0JPBizoJtjttwYc7iaxGfvNaU=,jlnBcRYfft8WN9edRzUPnXRt6EE=
57,-56,+T0JPBizoJtjttwYc7iaxGfvNaU=,jlnBcRYfft8WN9edRzUPnXRt6EE=
62,-53,+T0JPBizoJtjttwYc7iaxGfvNaU=,jlnBcRYfft8WN9edRzUPnXRt6EE=
56,-51,+T0JPBizoJtjttwYc7iaxGfvNaU=,jlnBcRYfft8WN9edRzUPnXRt6EE=
56,-56,+T0JPBizoJtjttwYc7iaxGfvNaU=,jlnBcRYfft8WN9edRzUPnXRt6EE=
62,-50,+T0JPBizoJtjttwYc7iaxGfvNaU=,jlnBcRYfft8WN9edRzUPnXRt6EE=
56,-52,+T0JPBizoJtjttwYc7iaxGfvNaU=,jlnBcRYfft8WN9edRzUPnXRt6EE=
57,-57,+T0JPBizoJtjttwYc7iaxGfvNaU=,7aSEKDKl3xV7SuEcduKiQQrxjBo=
58,-50,+T0JPBizoJtjttwYc7iaxGfvNaU=,jlnBcRYfft8WN9edRzUPnXRt6EE=
59,-50,+T0JPBizoJtjttwYc7iaxGfvNaU=,jlnBcRYfft8WN9edRzUPnXRt6EE=
54,-53,+T0JPBizoJtjttwYc7iaxGfvNaU=,H8yXZq1dA/c8Nzaei4XEhUS+0oA=
61,-51,+T0JPBizoJtjttwYc7iaxGfvNaU=,jlnBcRYfft8WN9edRzUPnXRt6EE=
55,-53,+T0JPBizoJtjttwYc7iaxGfvNaU=,H8yXZq1dA/c8Nzaei4XEhUS+0oA=
60,-50,+T0JPBizoJtjttwYc7iaxGfvNaU=,jlnBcRYfft8WN9edRzUPnXRt6EE=
58,-57,+T0JPBizoJtjttwYc7iaxGfvNaU=,7aSEKDKl3xV7SuEcduKiQQrxjBo=
48,-58,+T0JPBizoJtjttwYc7iaxGfvNaU=,XNtNcKEUP3gCBBpmDmeIe/g16Tc=
60,-49,+T0JPBizoJtjttwYc7iaxGfvNaU=,jlnBcRYfft8WN9edRzUPnXRt6EE=
61,-49,+T0JPBizoJtjttwYc7iaxGfvNaU=,jlnBcRYfft8WN9edRzUPnXRt6EE=
48,-52,+T0JPBizoJtjttwYc7iaxGfvNaU=,H8yXZq1dA/c8Nzaei4XEhUS+0oA=
62,-49,+T0JPBizoJtjttwYc7iaxGfvNaU=,jlnBcRYfft8WN9edRzUPnXRt6EE=
48,-63,+T0JPBizoJtjttwYc7iaxGfvNaU=,XNtNcKEUP3gCBBpmDmeIe/g16Tc=
56,-49,+T0JPBizoJtjttwYc7iaxGfvNaU=,jlnBcRYfft8WN9edRzUPnXRt6EE=
57,-49,+T0JPBizoJtjttwYc7iaxGfvNaU=,jlnBcRYfft8WN9edRzUPnXRt6EE=
48,-57,+T0JPBizoJtjttwYc7iaxGfvNaU=,XNtNcKEUP3gCBBpmDmeIe/g16Tc=
49,-52,+T0JPBizoJtjttwYc7iaxGfvNaU=,H8yXZq1dA/c8Nzaei4XEhUS+0oA=
58,-49,+T0JPBizoJtjttwYc7iaxGfvNaU=,jlnBcRYfft8WN9edRzUPnXRt6EE=
50,-52,+T0JPBizoJtjttwYc7iaxGfvNaU=,H8yXZq1dA/c8Nzaei4XEhUS+0oA=
59,-49,+T0JPBizoJtjttwYc7iaxGfvNaU=,jlnBcRYfft8WN9edRzUPnXRt6EE=
63,-51,+T0JPBizoJtjttwYc7iaxGfvNaU=,jlnBcRYfft8WN9edRzUPnXRt6EE=
48,-62,+T0JPBizoJtjttwYc7iaxGfvNaU=,XNtNcKEUP3gCBBpmDmeIe/g16Tc=
55,-49,+T0JPBizoJtjttwYc7iaxGfvNaU=,H8yXZq1dA/c8Nzaei4XEhUS+0oA=
51,-52,+T0JPBizoJtjttwYc7iaxGfvNaU=,H8yXZq1dA/c8Nzaei4XEhUS+0oA=
63,-55,+T0JPBizoJtjttwYc7iaxGfvNaU=,jlnBcRYfft8WN9edRzUPnXRt6EE=
52,-52,+T0JPBizoJtjttwYc7iaxGfvNaU=,H8yXZq1dA/c8Nzaei4XEhUS+0oA=
63,-57,+T0JPBizoJtjttwYc7iaxGfvNaU=,7aSEKDKl3xV7SuEcduKiQQrxjBo=
53,-52,+T0JPBizoJtjttwYc7iaxGfvNaU=,H8yXZq1dA/c8Nzaei4XEhUS+0oA=
48,-61,+T0JPBizoJtjttwYc7iaxGfvNaU=,XNtNcKEUP3gCBBpmDmeIe/g16Tc=
48,-56,+T0JPBizoJtjttwYc7iaxGfvNaU=,H8yXZq1dA/c8Nzaei4XEhUS+0oA=
63,-56,+T0JPBizoJtjttwYc7iaxGfvNaU=,jlnBcRYfft8WN9edRzUPnXRt6EE=
63,-63,+T0JPBizoJtjttwYc7iaxGfvNaU=,7aSEKDKl3xV7SuEcduKiQQrxjBo=
48,-60,+T0JPBizoJtjttwYc7iaxGfvNaU=,XNtNcKEUP3gCBBpmDmeIe/g16Tc=
54,-52,+T0JPBizoJtjttwYc7iaxGfvNaU=,H8yXZq1dA/c8Nzaei4XEhUS+0oA=
48,-59,+T0JPBizoJtjttwYc7iaxGfvNaU=,XNtNcKEUP3gCBBpmDmeIe/g16Tc=
63,-62,+T0JPBizoJtjttwYc7iaxGfvNaU=,7aSEKDKl3xV7SuEcduKiQQrxjBo=
63,-54,+T0JPBizoJtjttwYc7iaxGfvNaU=,jlnBcRYfft8WN9edRzUPnXRt6EE=
55,-52,+T0JPBizoJtjttwYc7iaxGfvNaU=,H8yXZq1dA/c8Nzaei4XEhUS+0oA=
63,-61,+T0JPBizoJtjttwYc7iaxGfvNaU=,7aSEKDKl3xV7SuEcduKiQQrxjBo=
56,-55,+T0JPBizoJtjttwYc7iaxGfvNaU=,jlnBcRYfft8WN9edRzUPnXRt6EE=
63,-52,+T0JPBizoJtjttwYc7iaxGfvNaU=,jlnBcRYfft8WN9edRzUPnXRt6EE=
63,-60,+T0JPBizoJtjttwYc7iaxGfvNaU=,7aSEKDKl3xV7SuEcduKiQQrxjBo=
56,-54,+T0JPBizoJtjttwYc7iaxGfvNaU=,jlnBcRYfft8WN9edRzUPnXRt6EE=
63,-59,+T0JPBizoJtjttwYc7iaxGfvNaU=,7aSEKDKl3xV7SuEcduKiQQrxjBo=
63,-50,+T0JPBizoJtjttwYc7iaxGfvNaU=,jlnBcRYfft8WN9edRzUPnXRt6EE=
48,-51,+T0JPBizoJtjttwYc7iaxGfvNaU=,H8yXZq1dA/c8Nzaei4XEhUS+0oA=
49,-51,+T0JPBizoJtjttwYc7iaxGfvNaU=,H8yXZq1dA/c8Nzaei4XEhUS+0oA=
63,-58,+T0JPBizoJtjttwYc7iaxGfvNaU=,7aSEKDKl3xV7SuEcduKiQQrxjBo=
51,-53,+T0JPBizoJtjttwYc7iaxGfvNaU=,H8yXZq1dA/c8Nzaei4XEhUS+0oA=
54,-49,+T0JPBizoJtjttwYc7iaxGfvNaU=,H8yXZq1dA/c8Nzaei4XEhUS+0oA=
49,-57,+T0JPBizoJtjttwYc7iaxGfvNaU=,XNtNcKEUP3gCBBpmDmeIe/g16Tc=
50,-51,+T0JPBizoJtjttwYc7iaxGfvNaU=,H8yXZq1dA/c8Nzaei4XEhUS+0oA=
53,-49,+T0JPBizoJtjttwYc7iaxGfvNaU=,H8yXZq1dA/c8Nzaei4XEhUS+0oA=
48,-49,+T0JPBizoJtjttwYc7iaxGfvNaU=,H8yXZq1dA/c8Nzaei4XEhUS+0oA=
50,-57,+T0JPBizoJtjttwYc7iaxGfvNaU=,XNtNcKEUP3gCBBpmDmeIe/g16Tc=
51,-57,+T0JPBizoJtjttwYc7iaxGfvNaU=,XNtNcKEUP3gCBBpmDmeIe/g16Tc=
51,-51,+T0JPBizoJtjttwYc7iaxGfvNaU=,H8yXZq1dA/c8Nzaei4XEhUS+0oA=
63,-49,+T0JPBizoJtjttwYc7iaxGfvNaU=,jlnBcRYfft8WN9edRzUPnXRt6EE=
52,-51,+T0JPBizoJtjttwYc7iaxGfvNaU=,H8yXZq1dA/c8Nzaei4XEhUS+0oA=
53,-51,+T0JPBizoJtjttwYc7iaxGfvNaU=,H8yXZq1dA/c8Nzaei4XEhUS+0oA=
57,-64,+T0JPBizoJtjttwYc7iaxGfvNaU=,7aSEKDKl3xV7SuEcduKiQQrxjBo=
52,-57,+T0JPBizoJtjttwYc7iaxGfvNaU=,XNtNcKEUP3gCBBpmDmeIe/g16Tc=
58,-64,+T0JPBizoJtjttwYc7iaxGfvNaU=,7aSEKDKl3xV7SuEcduKiQQrxjBo=
56,-64,+T0JPBizoJtjttwYc7iaxGfvNaU=,7aSEKDKl3xV7SuEcduKiQQrxjBo=
54,-51,+T0JPBizoJtjttwYc7iaxGfvNaU=,H8yXZq1dA/c8Nzaei4XEhUS+0oA=
53,-57,+T0JPBizoJtjttwYc7iaxGfvNaU=,XNtNcKEUP3gCBBpmDmeIe/g16Tc=
59,-64,+T0JPBizoJtjttwYc7iaxGfvNaU=,7aSEKDKl3xV7SuEcduKiQQrxjBo=
60,-64,+T0JPBizoJtjttwYc7iaxGfvNaU=,7aSEKDKl3xV7SuEcduKiQQrxjBo=
48,-64,+T0JPBizoJtjttwYc7iaxGfvNaU=,XNtNcKEUP3gCBBpmDmeIe/g16Tc=
49,-64,+T0JPBizoJtjttwYc7iaxGfvNaU=,XNtNcKEUP3gCBBpmDmeIe/g16Tc=
55,-51,+T0JPBizoJtjttwYc7iaxGfvNaU=,H8yXZq1dA/c8Nzaei4XEhUS+0oA=
61,-64,+T0JPBizoJtjttwYc7iaxGfvNaU=,7aSEKDKl3xV7SuEcduKiQQrxjBo=
50,-64,+T0JPBizoJtjttwYc7iaxGfvNaU=,XNtNcKEUP3gCBBpmDmeIe/g16Tc=
48,-50,+T0JPBizoJtjttwYc7iaxGfvNaU=,H8yXZq1dA/c8Nzaei4XEhUS+0oA=
49,-50,+T0JPBizoJtjttwYc7iaxGfvNaU=,H8yXZq1dA/c8Nzaei4XEhUS+0oA=
62,-64,+T0JPBizoJtjttwYc7iaxGfvNaU=,7aSEKDKl3xV7SuEcduKiQQrxjBo=
63,-64,+T0JPBizoJtjttwYc7iaxGfvNaU=,7aSEKDKl3xV7SuEcduKiQQrxjBo=
51,-64,+T0JPBizoJtjttwYc7iaxGfvNaU=,XNtNcKEUP3gCBBpmDmeIe/g16Tc=
52,-64,+T0JPBizoJtjttwYc7iaxGfvNaU=,XNtNcKEUP3gCBBpmDmeIe/g16Tc=
54,-57,+T0JPBizoJtjttwYc7iaxGfvNaU=,XNtNcKEUP3gCBBpmDmeIe/g16Tc=
50,-53,+T0JPBizoJtjttwYc7iaxGfvNaU=,H8yXZq1dA/c8Nzaei4XEhUS+0oA=
55,-57,+T0JPBizoJtjttwYc7iaxGfvNaU=,XNtNcKEUP3gCBBpmDmeIe/g16Tc=
53,-64,+T0JPBizoJtjttwYc7iaxGfvNaU=,XNtNcKEUP3gCBBpmDmeIe/g16Tc=
49,-56,+T0JPBizoJtjttwYc7iaxGfvNaU=,H8yXZq1dA/c8Nzaei4XEhUS+0oA=
49,-53,+T0JPBizoJtjttwYc7iaxGfvNaU=,H8yXZq1dA/c8Nzaei4XEhUS+0oA=
52,-49,+T0JPBizoJtjttwYc7iaxGfvNaU=,H8yXZq1dA/c8Nzaei4XEhUS+0oA=
54,-64,+T0JPBizoJtjttwYc7iaxGfvNaU=,XNtNcKEUP3gCBBpmDmeIe/g16Tc=
50,-50,+T0JPBizoJtjttwYc7iaxGfvNaU=,H8yXZq1dA/c8Nzaei4XEhUS+0oA=
55,-64,+T0JPBizoJtjttwYc7iaxGfvNaU=,XNtNcKEUP3gCBBpmDmeIe/g16Tc=
48,-53,+T0JPBizoJtjttwYc7iaxGfvNaU=,H8yXZq1dA/c8Nzaei4XEhUS+0oA=
51,-50,+T0JPBizoJtjttwYc7iaxGfvNaU=,H8yXZq1dA/c8Nzaei4XEhUS+0oA=
51,-49,+T0JPBizoJtjttwYc7iaxGfvNaU=,H8yXZq1dA/c8Nzaei4XEhUS+0oA=
52,-50,+T0JPBizoJtjttwYc7iaxGfvNaU=,H8yXZq1dA/c8Nzaei4XEhUS+0oA=
50,-49,+T0JPBizoJtjttwYc7iaxGfvNaU=,H8yXZq1dA/c8Nzaei4XEhUS+0oA=
54,-54,+T0JPBizoJtjttwYc7iaxGfvNaU=,H8yXZq1dA/c8Nzaei4XEhUS+0oA=
55,-54,+T0JPBizoJtjttwYc7iaxGfvNaU=,H8yXZq1dA/c8Nzaei4XEhUS+0oA=
50,-56,+T0JPBizoJtjttwYc7iaxGfvNaU=,H8yXZq1dA/c8Nzaei4XEhUS+0oA=
53,-54,+T0JPBizoJtjttwYc7iaxGfvNaU=,H8yXZq1dA/c8Nzaei4XEhUS+0oA=
56,-57,+T0JPBizoJtjttwYc7iaxGfvNaU=,7aSEKDKl3xV7SuEcduKiQQrxjBo=
51,-56,+T0JPBizoJtjttwYc7iaxGfvNaU=,H8yXZq1dA/c8Nzaei4XEhUS+0oA=
52,-54,+T0JPBizoJtjttwYc7iaxGfvNaU=,H8yXZq1dA/c8Nzaei4XEhUS+0oA=
49,-49,+T0JPBizoJtjttwYc7iaxGfvNaU=,H8yXZq1dA/c8Nzaei4XEhUS+0oA=
51,-54,+T0JPBizoJtjttwYc7iaxGfvNaU=,H8yXZq1dA/c8Nzaei4XEhUS+0oA=
52,-56,+T0JPBizoJtjttwYc7iaxGfvNaU=,H8yXZq1dA/c8Nzaei4XEhUS+0oA=
55,-50,+T0JPBizoJtjttwYc7iaxGfvNaU=,H8yXZq1dA/c8Nzaei4XEhUS+0oA=
50,-54,+T0JPBizoJtjttwYc7iaxGfvNaU=,H8yXZq1dA/c8Nzaei4XEhUS+0oA=
49,-54,+T0JPBizoJtjttwYc7iaxGfvNaU=,H8yXZq1dA/c8Nzaei4XEhUS+0oA=
55,-55,+T0JPBizoJtjttwYc7iaxGfvNaU=,H8yXZq1dA/c8Nzaei4XEhUS+0oA=
53,-56,+T0JPBizoJtjttwYc7iaxGfvNaU=,H8yXZq1dA/c8Nzaei4XEhUS+0oA=
48,-54,+T0JPBizoJtjttwYc7iaxGfvNaU=,H8yXZq1dA/c8Nzaei4XEhUS+0oA=
54,-56,+T0JPBizoJtjttwYc7iaxGfvNaU=,H8yXZq1dA/c8Nzaei4XEhUS+0oA=
53,-55,+T0JPBizoJtjttwYc7iaxGfvNaU=,H8yXZq1dA/c8Nzaei4XEhUS+0oA=
56,-53,+T0JPBizoJtjttwYc7iaxGfvNaU=,jlnBcRYfft8WN9edRzUPnXRt6EE=
54,-55,+T0JPBizoJtjttwYc7iaxGfvNaU=,H8yXZq1dA/c8Nzaei4XEhUS+0oA=
52,-55,+T0JPBizoJtjttwYc7iaxGfvNaU=,H8yXZq1dA/c8Nzaei4XEhUS+0oA=
55,-56,+T0JPBizoJtjttwYc7iaxGfvNaU=,H8yXZq1dA/c8Nzaei4XEhUS+0oA=
51,-55,+T0JPBizoJtjttwYc7iaxGfvNaU=,H8yXZq1dA/c8Nzaei4XEhUS+0oA=
54,-50,+T0JPBizoJtjttwYc7iaxGfvNaU=,H8yXZq1dA/c8Nzaei4XEhUS+0oA=
49,-55,+T0JPBizoJtjttwYc7iaxGfvNaU=,H8yXZq1dA/c8Nzaei4XEhUS+0oA=
50,-55,+T0JPBizoJtjttwYc7iaxGfvNaU=,H8yXZq1dA/c8Nzaei4XEhUS+0oA=
53,-50,+T0JPBizoJtjttwYc7iaxGfvNaU=,H8yXZq1dA/c8Nzaei4XEhUS+0oA=
48,-55,+T0JPBizoJtjttwYc7iaxGfvNaU=,H8yXZq1dA/c8Nzaei4XEhUS+0oA=
63,-53,+T0JPBizoJtjttwYc7iaxGfvNaU=,jlnBcRYfft8WN9edRzUPnXRt6EE=
36,-59,w2/WZBaN6BmIOTEbnGZw3NetD/E=,UAA574rb33N0bRtAV4auY+e5MPw=
41,-63,w2/WZBaN6BmIOTEbnGZw3NetD/E=,UXieC6OOaZcya/X91LwHMHU8SnE=
42,-63,w2/WZBaN6BmIOTEbnGZw3NetD/E=,UXieC6OOaZcya/X91LwHMHU8SnE=
37,-59,w2/WZBaN6BmIOTEbnGZw3NetD/E=,UAA574rb33N0bRtAV4auY+e5MPw=
38,-59,w2/WZBaN6BmIOTEbnGZw3NetD/E=,UAA574rb33N0bRtAV4auY+e5MPw=
39,-59,w2/WZBaN6BmIOTEbnGZw3NetD/E=,UAA574rb33N0bRtAV4auY+e5MPw=
33,-58,w2/WZBaN6BmIOTEbnGZw3NetD/E=,UAA574rb33N0bRtAV4auY+e5MPw=
34,-58,w2/WZBaN6BmIOTEbnGZw3NetD/E=,UAA574rb33N0bRtAV4auY+e5MPw=
35,-58,w2/WZBaN6BmIOTEbnGZw3NetD/E=,UAA574rb33N0bRtAV4auY+e5MPw=
43,-63,w2/WZBaN6BmIOTEbnGZw3NetD/E=,UXieC6OOaZcya/X91LwHMHU8SnE=
40,-63,w2/WZBaN6BmIOTEbnGZw3NetD/E=,UXieC6OOaZcya/X91LwHMHU8SnE=
44,-63,w2/WZBaN6BmIOTEbnGZw3NetD/E=,UXieC6OOaZcya/X91LwHMHU8SnE=
45,-63,w2/WZBaN6BmIOTEbnGZw3NetD/E=,UXieC6OOaZcya/X91LwHMHU8SnE=
46,-63,w2/WZBaN6BmIOTEbnGZw3NetD/E=,UXieC6OOaZcya/X91LwHMHU8SnE=
33,-63,w2/WZBaN6BmIOTEbnGZw3NetD/E=,UAA574rb33N0bRtAV4auY+e5MPw=
41,-62,w2/WZBaN6BmIOTEbnGZw3NetD/E=,UXieC6OOaZcya/X91LwHMHU8SnE=
42,-62,w2/WZBaN6BmIOTEbnGZw3NetD/E=,UXieC6OOaZcya/X91LwHMHU8SnE=
34,-63,w2/WZBaN6BmIOTEbnGZw3NetD/E=,UAA574rb33N0bRtAV4auY+e5MPw=
43,-62,w2/WZBaN6BmIOTEbnGZw3NetD/E=,UXieC6OOaZcya/X91LwHMHU8SnE=
44,-62,w2/WZBaN6BmIOTEbnGZw3NetD/E=,UXieC6OOaZcya/X91LwHMHU8SnE=
45,-62,w2/WZBaN6BmIOTEbnGZw3NetD/E=,UXieC6OOaZcya/X91LwHMHU8SnE=
35,-63,w2/WZBaN6BmIOTEbnGZw3NetD/E=,UAA574rb33N0bRtAV4auY+e5MPw=
46,-62,GfONKrPelpvAooVMaZcaUDFHONc=,UXieC6OOaZcya/X91LwHMHU8SnE=
36,-58,GfONKrPelpvAooVMaZcaUDFHONc=,UAA574rb33N0bRtAV4auY+e5MPw=
36,-63,GfONKrPelpvAooVMaZcaUDFHONc=,UAA574rb33N0bRtAV4auY+e5MPw=
41,-61,GfONKrPelpvAooVMaZcaUDFHONc=,UXieC6OOaZcya/X91LwHMHU8SnE=
42,-61,GfONKrPelpvAooVMaZcaUDFHONc=,UXieC6OOaZcya/X91LwHMHU8SnE=
37,-63,GfONKrPelpvAooVMaZcaUDFHONc=,UAA574rb33N0bRtAV4auY+e5MPw=
43,-61,GfONKrPelpvAooVMaZcaUDFHONc=,UXieC6OOaZcya/X91LwHMHU8SnE=
46,-50,GfONKrPelpvAooVMaZcaUDFHONc=,DL5Pl9qQEfAXyNbcIVFHYNc19PQ=
38,-63,GfONKrPelpvAooVMaZcaUDFHONc=,UAA574rb33N0bRtAV4auY+e5MPw=
44,-61,GfONKrPelpvAooVMaZcaUDFHONc=,UXieC6OOaZcya/X91LwHMHU8SnE=
39,-63,GfONKrPelpvAooVMaZcaUDFHONc=,UAA574rb33N0bRtAV4auY+e5MPw=
37,-58,GfONKrPelpvAooVMaZcaUDFHONc=,UAA574rb33N0bRtAV4auY+e5MPw=
36,-53,GfONKrPelpvAooVMaZcaUDFHONc=,QUF48zIMd43CjpwtbZzOK2yeS4c=
44,-57,GfONKrPelpvAooVMaZcaUDFHONc=,UXieC6OOaZcya/X91LwHMHU8SnE=
40,-50,GfONKrPelpvAooVMaZcaUDFHONc=,DL5Pl9qQEfAXyNbcIVFHYNc19PQ=
45,-57,GfONKrPelpvAooVMaZcaUDFHONc=,UXieC6OOaZcya/X91LwHMHU8SnE=
33,-62,GfONKrPelpvAooVMaZcaUDFHONc=,UAA574rb33N0bRtAV4auY+e5MPw=
46,-57,GfONKrPelpvAooVMaZcaUDFHONc=,UXieC6OOaZcya/X91LwHMHU8SnE=
37,-53,GfONKrPelpvAooVMaZcaUDFHONc=,QUF48zIMd43CjpwtbZzOK2yeS4c=
34,-62,GfONKrPelpvAooVMaZcaUDFHONc=,UAA574rb33N0bRtAV4auY+e5MPw=
42,-53,GfONKrPelpvAooVMaZcaUDFHONc=,DL5Pl9qQEfAXyNbcIVFHYNc19PQ=
38,-53,GfONKrPelpvAooVMaZcaUDFHONc=,QUF48zIMd43CjpwtbZzOK2yeS4c=
38,-58,GfONKrPelpvAooVMaZcaUDFHONc=,UAA574rb33N0bRtAV4auY+e5MPw=
39,-53,GfONKrPelpvAooVMaZcaUDFHONc=,QUF48zIMd43CjpwtbZzOK2yeS4c=
43,-56,GfONKrPelpvAooVMaZcaUDFHONc=,DL5Pl9qQEfAXyNbcIVFHYNc19PQ=
44,-56,GfONKrPelpvAooVMaZcaUDFHONc=,DL5Pl9qQEfAXyNbcIVFHYNc19PQ=
35,-62,GfONKrPelpvAooVMaZcaUDFHONc=,UAA574rb33N0bRtAV4auY+e5MPw=
40,-56,GfONKrPelpvAooVMaZcaUDFHONc=,DL5Pl9qQEfAXyNbcIVFHYNc19PQ=
36,-62,GfONKrPelpvAooVMaZcaUDFHONc=,UAA574rb33N0bRtAV4auY+e5MPw=
41,-56,GfONKrPelpvAooVMaZcaUDFHONc=,DL5Pl9qQEfAXyNbcIVFHYNc19PQ=
33,-52,GfONKrPelpvAooVMaZcaUDFHONc=,QUF48zIMd43CjpwtbZzOK2yeS4c=
40,-62,GfONKrPelpvAooVMaZcaUDFHONc=,UXieC6OOaZcya/X91LwHMHU8SnE=
34,-52,GfONKrPelpvAooVMaZcaUDFHONc=,QUF48zIMd43CjpwtbZzOK2yeS4c=
43,-54,GfONKrPelpvAooVMaZcaUDFHONc=,DL5Pl9qQEfAXyNbcIVFHYNc19PQ=
41,-50,GfONKrPelpvAooVMaZcaUDFHONc=,DL5Pl9qQEfAXyNbcIVFHYNc19PQ=
37,-62,GfONKrPelpvAooVMaZcaUDFHONc=,UAA574rb33N0bRtAV4auY+e5MPw=
35,-52,GfONKrPelpvAooVMaZcaUDFHONc=,QUF48zIMd43CjpwtbZzOK2yeS4c=
38,-62,GfONKrPelpvAooVMaZcaUDFHONc=,UAA574rb33N0bRtAV4auY+e5MPw=
44,-54,GfONKrPelpvAooVMaZcaUDFHONc=,DL5Pl9qQEfAXyNbcIVFHYNc19PQ=
36,-52,GfONKrPelpvAooVMaZcaUDFHONc=,QUF48zIMd43CjpwtbZzOK2yeS4c=
39,-62,GfONKrPelpvAooVMaZcaUDFHONc=,UAA574rb33N0bRtAV4auY+e5MPw=
40,-54,GfONKrPelpvAooVMaZcaUDFHONc=,DL5Pl9qQEfAXyNbcIVFHYNc19PQ=
43,-55,GfONKrPelpvAooVMaZcaUDFHONc=,DL5Pl9qQEfAXyNbcIVFHYNc19PQ=
39,-58,GfONKrPelpvAooVMaZcaUDFHONc=,UAA574rb33N0bRtAV4auY+e5MPw=
37,-52,GfONKrPelpvAooVMaZcaUDFHONc=,QUF48zIMd43CjpwtbZzOK2yeS4c=
33,-61,GfONKrPelpvAooVMaZcaUDFHONc=,UAA574rb33N0bRtAV4auY+e5MPw=
45,-54,GfONKrPelpvAooVMaZcaUDFHONc=,DL5Pl9qQEfAXyNbcIVFHYNc19PQ=
46,-54,GfONKrPelpvAooVMaZcaUDFHONc=,DL5Pl9qQEfAXyNbcIVFHYNc19PQ=
40,-53,GfONKrPelpvAooVMaZcaUDFHONc=,DL5Pl9qQEfAXyNbcIVFHYNc19PQ=
34,-61,GfONKrPelpvAooVMaZcaUDFHONc=,UAA574rb33N0bRtAV4auY+e5MPw=
44,-55,GfONKrPelpvAooVMaZcaUDFHONc=,DL5Pl9qQEfAXyNbcIVFHYNc19PQ=
38,-52,GfONKrPelpvAooVMaZcaUDFHONc=,QUF48zIMd43CjpwtbZzOK2yeS4c=
35,-61,GfONKrPelpvAooVMaZcaUDFHONc=,UAA574rb33N0bRtAV4auY+e5MPw=
36,-61,GfONKrPelpvAooVMaZcaUDFHONc=,UAA574rb33N0bRtAV4auY+e5MPw=
45,-55,GfONKrPelpvAooVMaZcaUDFHONc=,DL5Pl9qQEfAXyNbcIVFHYNc19PQ=
46,-55,GfONKrPelpvAooVMaZcaUDFHONc=,DL5Pl9qQEfAXyNbcIVFHYNc19PQ=
37,-61,GfONKrPelpvAooVMaZcaUDFHONc=,UAA574rb33N0bRtAV4auY+e5MPw=
41,-54,GfONKrPelpvAooVMaZcaUDFHONc=,DL5Pl9qQEfAXyNbcIVFHYNc19PQ=
40,-61,GfONKrPelpvAooVMaZcaUDFHONc=,UXieC6OOaZcya/X91LwHMHU8SnE=
43,-53,GfONKrPelpvAooVMaZcaUDFHONc=,DL5Pl9qQEfAXyNbcIVFHYNc19PQ=
38,-61,GfONKrPelpvAooVMaZcaUDFHONc=,UAA574rb33N0bRtAV4auY+e5MPw=
42,-54,GfONKrPelpvAooVMaZcaUDFHONc=,DL5Pl9qQEfAXyNbcIVFHYNc19PQ=
42,-56,GfONKrPelpvAooVMaZcaUDFHONc=,DL5Pl9qQEfAXyNbcIVFHYNc19PQ=
44,-53,GfONKrPelpvAooVMaZcaUDFHONc=,DL5Pl9qQEfAXyNbcIVFHYNc19PQ=
39,-61,GfONKrPelpvAooVMaZcaUDFHONc=,UAA574rb33N0bRtAV4auY+e5MPw=
45,-53,GfONKrPelpvAooVMaZcaUDFHONc=,DL5Pl9qQEfAXyNbcIVFHYNc19PQ=
33,-60,GfONKrPelpvAooVMaZcaUDFHONc=,UAA574rb33N0bRtAV4auY+e5MPw=
42,-52,GfONKrPelpvAooVMaZcaUDFHONc=,DL5Pl9qQEfAXyNbcIVFHYNc19PQ=
45,-56,GfONKrPelpvAooVMaZcaUDFHONc=,DL5Pl9qQEfAXyNbcIVFHYNc19PQ=
34,-60,GfONKrPelpvAooVMaZcaUDFHONc=,UAA574rb33N0bRtAV4auY+e5MPw=
46,-53,GfONKrPelpvAooVMaZcaUDFHONc=,DL5Pl9qQEfAXyNbcIVFHYNc19PQ=
35,-60,GfONKrPelpvAooVMaZcaUDFHONc=,UAA574rb33N0bRtAV4auY+e5MPw=
46,-56,GfONKrPelpvAooVMaZcaUDFHONc=,DL5Pl9qQEfAXyNbcIVFHYNc19PQ=
43,-52,GfONKrPelpvAooVMaZcaUDFHONc=,DL5Pl9qQEfAXyNbcIVFHYNc19PQ=
44,-52,GfONKrPelpvAooVMaZcaUDFHONc=,DL5Pl9qQEfAXyNbcIVFHYNc19PQ=
36,-60,GfONKrPelpvAooVMaZcaUDFHONc=,UAA574rb33N0bRtAV4auY+e5MPw=
42,-50,GfONKrPelpvAooVMaZcaUDFHONc=,DL5Pl9qQEfAXyNbcIVFHYNc19PQ=
45,-52,GfONKrPelpvAooVMaZcaUDFHONc=,DL5Pl9qQEfAXyNbcIVFHYNc19PQ=
40,-60,GfONKrPelpvAooVMaZcaUDFHONc=,UXieC6OOaZcya/X91LwHMHU8SnE=
46,-52,GfONKrPelpvAooVMaZcaUDFHONc=,DL5Pl9qQEfAXyNbcIVFHYNc19PQ=
37,-60,GfONKrPelpvAooVMaZcaUDFHONc=,UAA574rb33N0bRtAV4auY+e5MPw=
41,-55,GfONKrPelpvAooVMaZcaUDFHONc=,DL5Pl9qQEfAXyNbcIVFHYNc19PQ=
38,-60,GfONKrPelpvAooVMaZcaUDFHONc=,UAA574rb33N0bRtAV4auY+e5MPw=
42,-55,GfONKrPelpvAooVMaZcaUDFHONc=,DL5Pl9qQEfAXyNbcIVFHYNc19PQ=
41,-52,GfONKrPelpvAooVMaZcaUDFHONc=,DL5Pl9qQEfAXyNbcIVFHYNc19PQ=
40,-59,GfONKrPelpvAooVMaZcaUDFHONc=,UXieC6OOaZcya/X91LwHMHU8SnE=
41,-53,GfONKrPelpvAooVMaZcaUDFHONc=,DL5Pl9qQEfAXyNbcIVFHYNc19PQ=
39,-60,GfONKrPelpvAooVMaZcaUDFHONc=,UAA574rb33N0bRtAV4auY+e5MPw=
40,-58,GfONKrPelpvAooVMaZcaUDFHONc=,UXieC6OOaZcya/X91LwHMHU8SnE=
41,-51,GfONKrPelpvAooVMaZcaUDFHONc=,DL5Pl9qQEfAXyNbcIVFHYNc19PQ=
41,-57,GfONKrPelpvAooVMaZcaUDFHONc=,UXieC6OOaZcya/X91LwHMHU8SnE=
33,-59,GfONKrPelpvAooVMaZcaUDFHONc=,UAA574rb33N0bRtAV4auY+e5MPw=
42,-51,GfONKrPelpvAooVMaZcaUDFHONc=,DL5Pl9qQEfAXyNbcIVFHYNc19PQ=
43,-51,GfONKrPelpvAooVMaZcaUDFHONc=,DL5Pl9qQEfAXyNbcIVFHYNc19PQ=
34,-59,GfONKrPelpvAooVMaZcaUDFHONc=,UAA574rb33N0bRtAV4auY+e5MPw=
43,-50,GfONKrPelpvAooVMaZcaUDFHONc=,DL5Pl9qQEfAXyNbcIVFHYNc19PQ=
35,-59,GfONKrPelpvAooVMaZcaUDFHONc=,UAA574rb33N0bRtAV4auY+e5MPw=
39,-52,GfONKrPelpvAooVMaZcaUDFHONc=,QUF48zIMd43CjpwtbZzOK2yeS4c=
44,-50,GfONKrPelpvAooVMaZcaUDFHONc=,DL5Pl9qQEfAXyNbcIVFHYNc19PQ=
45,-50,GfONKrPelpvAooVMaZcaUDFHONc=,DL5Pl9qQEfAXyNbcIVFHYNc19PQ=
44,-51,GfONKrPelpvAooVMaZcaUDFHONc=,DL5Pl9qQEfAXyNbcIVFHYNc19PQ=
33,-51,GfONKrPelpvAooVMaZcaUDFHONc=,QUF48zIMd43CjpwtbZzOK2yeS4c=
42,-57,GfONKrPelpvAooVMaZcaUDFHONc=,UXieC6OOaZcya/X91LwHMHU8SnE=
45,-51,GfONKrPelpvAooVMaZcaUDFHONc=,DL5Pl9qQEfAXyNbcIVFHYNc19PQ=
34,-51,GfONKrPelpvAooVMaZcaUDFHONc=,QUF48zIMd43CjpwtbZzOK2yeS4c=
35,-51,GfONKrPelpvAooVMaZcaUDFHONc=,QUF48zIMd43CjpwtbZzOK2yeS4c=
43,-57,GfONKrPelpvAooVMaZcaUDFHONc=,UXieC6OOaZcya/X91LwHMHU8SnE=
36,-51,GfONKrPelpvAooVMaZcaUDFHONc=,QUF48zIMd43CjpwtbZzOK2yeS4c=
46,-51,GfONKrPelpvAooVMaZcaUDFHONc=,DL5Pl9qQEfAXyNbcIVFHYNc19PQ=
37,-51,GfONKrPelpvAooVMaZcaUDFHONc=,QUF48zIMd43CjpwtbZzOK2yeS4c=
33,-57,GfONKrPelpvAooVMaZcaUDFHONc=,UAA574rb33N0bRtAV4auY+e5MPw=
40,-52,GfONKrPelpvAooVMaZcaUDFHONc=,DL5Pl9qQEfAXyNbcIVFHYNc19PQ=
38,-51,GfONKrPelpvAooVMaZcaUDFHONc=,QUF48zIMd43CjpwtbZzOK2yeS4c=
34,-57,GfONKrPelpvAooVMaZcaUDFHONc=,UAA574rb33N0bRtAV4auY+e5MPw=
33,-50,GfONKrPelpvAooVMaZcaUDFHONc=,QUF48zIMd43CjpwtbZzOK2yeS4c=
39,-51,GfONKrPelpvAooVMaZcaUDFHONc=,QUF48zIMd43CjpwtbZzOK2yeS4c=
35,-57,GfONKrPelpvAooVMaZcaUDFHONc=,UAA574rb33N0bRtAV4auY+e5MPw=
35,-50,GfONKrPelpvAooVMaZcaUDFHONc=,QUF48zIMd43CjpwtbZzOK2yeS4c=
36,-57,GfONKrPelpvAooVMaZcaUDFHONc=,UAA574rb33N0bRtAV4auY+e5MPw=
34,-50,GfONKrPelpvAooVMaZcaUDFHONc=,QUF48zIMd43CjpwtbZzOK2yeS4c=
37,-57,GfONKrPelpvAooVMaZcaUDFHONc=,UAA574rb33N0bRtAV4auY+e5MPw=
38,-57,GfONKrPelpvAooVMaZcaUDFHONc=,UAA574rb33N0bRtAV4auY+e5MPw=
39,-57,GfONKrPelpvAooVMaZcaUDFHONc=,UAA574rb33N0bRtAV4auY+e5MPw=
34,-56,GfONKrPelpvAooVMaZcaUDFHONc=,QUF48zIMd43CjpwtbZzOK2yeS4c=
35,-56,GfONKrPelpvAooVMaZcaUDFHONc=,QUF48zIMd43CjpwtbZzOK2yeS4c=
36,-56,GfONKrPelpvAooVMaZcaUDFHONc=,QUF48zIMd43CjpwtbZzOK2yeS4c=
36,-50,GfONKrPelpvAooVMaZcaUDFHONc=,QUF48zIMd43CjpwtbZzOK2yeS4c=
37,-50,GfONKrPelpvAooVMaZcaUDFHONc=,QUF48zIMd43CjpwtbZzOK2yeS4c=
33,-56,GfONKrPelpvAooVMaZcaUDFHONc=,QUF48zIMd43CjpwtbZzOK2yeS4c=
38,-50,GfONKrPelpvAooVMaZcaUDFHONc=,QUF48zIMd43CjpwtbZzOK2yeS4c=
38,-56,GfONKrPelpvAooVMaZcaUDFHONc=,QUF48zIMd43CjpwtbZzOK2yeS4c=
37,-56,GfONKrPelpvAooVMaZcaUDFHONc=,QUF48zIMd43CjpwtbZzOK2yeS4c=
40,-55,GfONKrPelpvAooVMaZcaUDFHONc=,DL5Pl9qQEfAXyNbcIVFHYNc19PQ=
34,-55,GfONKrPelpvAooVMaZcaUDFHONc=,QUF48zIMd43CjpwtbZzOK2yeS4c=
35,-55,GfONKrPelpvAooVMaZcaUDFHONc=,QUF48zIMd43CjpwtbZzOK2yeS4c=
33,-55,GfONKrPelpvAooVMaZcaUDFHONc=,QUF48zIMd43CjpwtbZzOK2yeS4c=
39,-56,GfONKrPelpvAooVMaZcaUDFHONc=,QUF48zIMd43CjpwtbZzOK2yeS4c=
37,-55,GfONKrPelpvAooVMaZcaUDFHONc=,QUF48zIMd43CjpwtbZzOK2yeS4c=
38,-55,GfONKrPelpvAooVMaZcaUDFHONc=,QUF48zIMd43CjpwtbZzOK2yeS4c=
36,-55,GfONKrPelpvAooVMaZcaUDFHONc=,QUF48zIMd43CjpwtbZzOK2yeS4c=
39,-55,GfONKrPelpvAooVMaZcaUDFHONc=,QUF48zIMd43CjpwtbZzOK2yeS4c=
34,-54,GfONKrPelpvAooVMaZcaUDFHONc=,QUF48zIMd43CjpwtbZzOK2yeS4c=
33,-54,GfONKrPelpvAooVMaZcaUDFHONc=,QUF48zIMd43CjpwtbZzOK2yeS4c=
35,-54,GfONKrPelpvAooVMaZcaUDFHONc=,QUF48zIMd43CjpwtbZzOK2yeS4c=
39,-50,GfONKrPelpvAooVMaZcaUDFHONc=,QUF48zIMd43CjpwtbZzOK2yeS4c=
40,-57,GfONKrPelpvAooVMaZcaUDFHONc=,UXieC6OOaZcya/X91LwHMHU8SnE=
38,-54,GfONKrPelpvAooVMaZcaUDFHONc=,QUF48zIMd43CjpwtbZzOK2yeS4c=
37,-54,GfONKrPelpvAooVMaZcaUDFHONc=,QUF48zIMd43CjpwtbZzOK2yeS4c=
39,-54,GfONKrPelpvAooVMaZcaUDFHONc=,QUF48zIMd43CjpwtbZzOK2yeS4c=
33,-53,GfONKrPelpvAooVMaZcaUDFHONc=,QUF48zIMd43CjpwtbZzOK2yeS4c=
40,-51,GfONKrPelpvAooVMaZcaUDFHONc=,DL5Pl9qQEfAXyNbcIVFHYNc19PQ=
34,-53,GfONKrPelpvAooVMaZcaUDFHONc=,QUF48zIMd43CjpwtbZzOK2yeS4c=
35,-53,GfONKrPelpvAooVMaZcaUDFHONc=,QUF48zIMd43CjpwtbZzOK2yeS4c=
36,-54,iQ/EIf06VROg34waiMvO3Vei/9E=,QUF48zIMd43CjpwtbZzOK2yeS4c=
46,-58,iQ/EIf06VROg34waiMvO3Vei/9E=,UXieC6OOaZcya/X91LwHMHU8SnE=
45,-58,iQ/EIf06VROg34waiMvO3Vei/9E=,UXieC6OOaZcya/X91LwHMHU8SnE=
44,-58,iQ/EIf06VROg34waiMvO3Vei/9E=,UXieC6OOaZcya/X91LwHMHU8SnE=
43,-58,iQ/EIf06VROg34waiMvO3Vei/9E=,UXieC6OOaZcya/X91LwHMHU8SnE=
42,-58,iQ/EIf06VROg34waiMvO3Vei/9E=,UXieC6OOaZcya/X91LwHMHU8SnE=
47,-50,iQ/EIf06VROg34waiMvO3Vei/9E=,DL5Pl9qQEfAXyNbcIVFHYNc19PQ=
47,-55,iQ/EIf06VROg34waiMvO3Vei/9E=,DL5Pl9qQEfAXyNbcIVFHYNc19PQ=
47,-54,iQ/EIf06VROg34waiMvO3Vei/9E=,DL5Pl9qQEfAXyNbcIVFHYNc19PQ=
47,-53,iQ/EIf06VROg34waiMvO3Vei/9E=,DL5Pl9qQEfAXyNbcIVFHYNc19PQ=
47,-52,iQ/EIf06VROg34waiMvO3Vei/9E=,DL5Pl9qQEfAXyNbcIVFHYNc19PQ=
47,-51,iQ/EIf06VROg34waiMvO3Vei/9E=,DL5Pl9qQEfAXyNbcIVFHYNc19PQ=
41,-58,iQ/EIf06VROg34waiMvO3Vei/9E=,UXieC6OOaZcya/X91LwHMHU8SnE=
46,-59,iQ/EIf06VROg34waiMvO3Vei/9E=,UXieC6OOaZcya/X91LwHMHU8SnE=
44,-49,iQ/EIf06VROg34waiMvO3Vei/9E=,DL5Pl9qQEfAXyNbcIVFHYNc19PQ=
45,-49,iQ/EIf06VROg34waiMvO3Vei/9E=,DL5Pl9qQEfAXyNbcIVFHYNc19PQ=
40,-49,iQ/EIf06VROg34waiMvO3Vei/9E=,DL5Pl9qQEfAXyNbcIVFHYNc19PQ=
46,-49,iQ/EIf06VROg34waiMvO3Vei/9E=,DL5Pl9qQEfAXyNbcIVFHYNc19PQ=
41,-49,iQ/EIf06VROg34waiMvO3Vei/9E=,DL5Pl9qQEfAXyNbcIVFHYNc19PQ=
33,-49,iQ/EIf06VROg34waiMvO3Vei/9E=,QUF48zIMd43CjpwtbZzOK2yeS4c=
34,-49,iQ/EIf06VROg34waiMvO3Vei/9E=,QUF48zIMd43CjpwtbZzOK2yeS4c=
35,-49,iQ/EIf06VROg34waiMvO3Vei/9E=,QUF48zIMd43CjpwtbZzOK2yeS4c=
42,-49,iQ/EIf06VROg34waiMvO3Vei/9E=,DL5Pl9qQEfAXyNbcIVFHYNc19PQ=
36,-49,iQ/EIf06VROg34waiMvO3Vei/9E=,QUF48zIMd43CjpwtbZzOK2yeS4c=
37,-49,iQ/EIf06VROg34waiMvO3Vei/9E=,QUF48zIMd43CjpwtbZzOK2yeS4c=
43,-49,iQ/EIf06VROg34waiMvO3Vei/9E=,DL5Pl9qQEfAXyNbcIVFHYNc19PQ=
38,-49,iQ/EIf06VROg34waiMvO3Vei/9E=,QUF48zIMd43CjpwtbZzOK2yeS4c=
39,-49,iQ/EIf06VROg34waiMvO3Vei/9E=,QUF48zIMd43CjpwtbZzOK2yeS4c=
45,-59,iQ/EIf06VROg34waiMvO3Vei/9E=,UXieC6OOaZcya/X91LwHMHU8SnE=
44,-59,iQ/EIf06VROg34waiMvO3Vei/9E=,UXieC6OOaZcya/X91LwHMHU8SnE=
47,-57,iQ/EIf06VROg34waiMvO3Vei/9E=,UXieC6OOaZcya/X91LwHMHU8SnE=
43,-59,iQ/EIf06VROg34waiMvO3Vei/9E=,UXieC6OOaZcya/X91LwHMHU8SnE=
47,-63,iQ/EIf06VROg34waiMvO3Vei/9E=,UXieC6OOaZcya/X91LwHMHU8SnE=
47,-62,iQ/EIf06VROg34waiMvO3Vei/9E=,UXieC6OOaZcya/X91LwHMHU8SnE=
47,-61,iQ/EIf06VROg34waiMvO3Vei/9E=,UXieC6OOaZcya/X91LwHMHU8SnE=
42,-59,iQ/EIf06VROg34waiMvO3Vei/9E=,UXieC6OOaZcya/X91LwHMHU8SnE=
47,-60,iQ/EIf06VROg34waiMvO3Vei/9E=,UXieC6OOaZcya/X91LwHMHU8SnE=
46,-60,iQ/EIf06VROg34waiMvO3Vei/9E=,UXieC6OOaZcya/X91LwHMHU8SnE=
32,-58,iQ/EIf06VROg34waiMvO3Vei/9E=,UAA574rb33N0bRtAV4auY+e5MPw=
45,-60,iQ/EIf06VROg34waiMvO3Vei/9E=,UXieC6OOaZcya/X91LwHMHU8SnE=
47,-59,iQ/EIf06VROg34waiMvO3Vei/9E=,UXieC6OOaZcya/X91LwHMHU8SnE=
47,-58,iQ/EIf06VROg34waiMvO3Vei/9E=,UXieC6OOaZcya/X91LwHMHU8SnE=
32,-63,iQ/EIf06VROg34waiMvO3Vei/9E=,UAA574rb33N0bRtAV4auY+e5MPw=
44,-60,iQ/EIf06VROg34waiMvO3Vei/9E=,UXieC6OOaZcya/X91LwHMHU8SnE=
32,-62,iQ/EIf06VROg34waiMvO3Vei/9E=,UAA574rb33N0bRtAV4auY+e5MPw=
32,-52,iQ/EIf06VROg34waiMvO3Vei/9E=,QUF48zIMd43CjpwtbZzOK2yeS4c=
32,-61,iQ/EIf06VROg34waiMvO3Vei/9E=,UAA574rb33N0bRtAV4auY+e5MPw=
32,-49,iQ/EIf06VROg34waiMvO3Vei/9E=,QUF48zIMd43CjpwtbZzOK2yeS4c=
32,-51,iQ/EIf06VROg34waiMvO3Vei/9E=,QUF48zIMd43CjpwtbZzOK2yeS4c=
41,-64,iQ/EIf06VROg34waiMvO3Vei/9E=,UXieC6OOaZcya/X91LwHMHU8SnE=
32,-60,iQ/EIf06VROg34waiMvO3Vei/9E=,UAA574rb33N0bRtAV4auY+e5MPw=
32,-57,iQ/EIf06VROg34waiMvO3Vei/9E=,UAA574rb33N0bRtAV4auY+e5MPw=
32,-59,iQ/EIf06VROg34waiMvO3Vei/9E=,UAA574rb33N0bRtAV4auY+e5MPw=
42,-64,iQ/EIf06VROg34waiMvO3Vei/9E=,UXieC6OOaZcya/X91LwHMHU8SnE=
32,-50,iQ/EIf06VROg34waiMvO3Vei/9E=,QUF48zIMd43CjpwtbZzOK2yeS4c=
43,-64,iQ/EIf06VROg34waiMvO3Vei/9E=,UXieC6OOaZcya/X91LwHMHU8SnE=
40,-64,iQ/EIf06VROg34waiMvO3Vei/9E=,UXieC6OOaZcya/X91LwHMHU8SnE=
44,-64,iQ/EIf06VROg34waiMvO3Vei/9E=,UXieC6OOaZcya/X91LwHMHU8SnE=
32,-56,iQ/EIf06VROg34waiMvO3Vei/9E=,QUF48zIMd43CjpwtbZzOK2yeS4c=
45,-64,iQ/EIf06VROg34waiMvO3Vei/9E=,UXieC6OOaZcya/X91LwHMHU8SnE=
46,-64,iQ/EIf06VROg34waiMvO3Vei/9E=,UXieC6OOaZcya/X91LwHMHU8SnE=
43,-60,iQ/EIf06VROg34waiMvO3Vei/9E=,UXieC6OOaZcya/X91LwHMHU8SnE=
33,-64,iQ/EIf06VROg34waiMvO3Vei/9E=,UAA574rb33N0bRtAV4auY+e5MPw=
34,-64,iQ/EIf06VROg34waiMvO3Vei/9E=,UAA574rb33N0bRtAV4auY+e5MPw=
47,-64,iQ/EIf06VROg34waiMvO3Vei/9E=,UXieC6OOaZcya/X91LwHMHU8SnE=
32,-55,iQ/EIf06VROg34waiMvO3Vei/9E=,QUF48zIMd43CjpwtbZzOK2yeS4c=
32,-64,iQ/EIf06VROg34waiMvO3Vei/9E=,UAA574rb33N0bRtAV4auY+e5MPw=
32,-54,iQ/EIf06VROg34waiMvO3Vei/9E=,QUF48zIMd43CjpwtbZzOK2yeS4c=
47,-49,iQ/EIf06VROg34waiMvO3Vei/9E=,DL5Pl9qQEfAXyNbcIVFHYNc19PQ=
35,-64,iQ/EIf06VROg34waiMvO3Vei/9E=,UAA574rb33N0bRtAV4auY+e5MPw=
42,-60,iQ/EIf06VROg34waiMvO3Vei/9E=,UXieC6OOaZcya/X91LwHMHU8SnE=
41,-60,iQ/EIf06VROg34waiMvO3Vei/9E=,UXieC6OOaZcya/X91LwHMHU8SnE=
46,-61,iQ/EIf06VROg34waiMvO3Vei/9E=,UXieC6OOaZcya/X91LwHMHU8SnE=
45,-61,iQ/EIf06VROg34waiMvO3Vei/9E=,UXieC6OOaZcya/X91LwHMHU8SnE=
36,-64,iQ/EIf06VROg34waiMvO3Vei/9E=,UAA574rb33N0bRtAV4auY+e5MPw=
39,-64,iQ/EIf06VROg34waiMvO3Vei/9E=,UAA574rb33N0bRtAV4auY+e5MPw=
37,-64,iQ/EIf06VROg34waiMvO3Vei/9E=,UAA574rb33N0bRtAV4auY+e5MPw=
32,-53,iQ/EIf06VROg34waiMvO3Vei/9E=,QUF48zIMd43CjpwtbZzOK2yeS4c=
38,-64,iQ/EIf06VROg34waiMvO3Vei/9E=,UAA574rb33N0bRtAV4auY+e5MPw=
47,-56,iQ/EIf06VROg34waiMvO3Vei/9E=,DL5Pl9qQEfAXyNbcIVFHYNc19PQ=
41,-59,iQ/EIf06VROg34waiMvO3Vei/9E=,UXieC6OOaZcya/X91LwHMHU8SnE=
36,-43,kF6ftkABfTpNJnI4f5a42ceO8go=,AFXRO5XOTwPDEugX37WkVWizrp8=
35,-43,kF6ftkABfTpNJnI4f5a42ceO8go=,AFXRO5XOTwPDEugX37WkVWizrp8=
37,-43,kF6ftkABfTpNJnI4f5a42ceO8go=,AFXRO5XOTwPDEugX37WkVWizrp8=
38,-43,kF6ftkABfTpNJnI4f5a42ceO8go=,AFXRO5XOTwPDEugX37WkVWizrp8=
34,-43,kF6ftkABfTpNJnI4f5a42ceO8go=,AFXRO5XOTwPDEugX37WkVWizrp8=
33,-42,kF6ftkABfTpNJnI4f5a42ceO8go=,AFXRO5XOTwPDEugX37WkVWizrp8=
34,-42,kF6ftkABfTpNJnI4f5a42ceO8go=,AFXRO5XOTwPDEugX37WkVWizrp8=
35,-42,kF6ftkABfTpNJnI4f5a42ceO8go=,AFXRO5XOTwPDEugX37WkVWizrp8=
36,-42,kF6ftkABfTpNJnI4f5a42ceO8go=,AFXRO5XOTwPDEugX37WkVWizrp8=
37,-42,kF6ftkABfTpNJnI4f5a42ceO8go=,AFXRO5XOTwPDEugX37WkVWizrp8=
38,-42,kF6ftkABfTpNJnI4f5a42ceO8go=,AFXRO5XOTwPDEugX37WkVWizrp8=
33,-47,kF6ftkABfTpNJnI4f5a42ceO8go=,AFXRO5XOTwPDEugX37WkVWizrp8=
34,-47,kF6ftkABfTpNJnI4f5a42ceO8go=,AFXRO5XOTwPDEugX37WkVWizrp8=
35,-47,kF6ftkABfTpNJnI4f5a42ceO8go=,AFXRO5XOTwPDEugX37WkVWizrp8=
33,-43,kF6ftkABfTpNJnI4f5a42ceO8go=,AFXRO5XOTwPDEugX37WkVWizrp8=
36,-47,kF6ftkABfTpNJnI4f5a42ceO8go=,AFXRO5XOTwPDEugX37WkVWizrp8=
37,-47,kF6ftkABfTpNJnI4f5a42ceO8go=,AFXRO5XOTwPDEugX37WkVWizrp8=
38,-47,kF6ftkABfTpNJnI4f5a42ceO8go=,AFXRO5XOTwPDEugX37WkVWizrp8=
33,-46,kF6ftkABfTpNJnI4f5a42ceO8go=,AFXRO5XOTwPDEugX37WkVWizrp8=
34,-46,kF6ftkABfTpNJnI4f5a42ceO8go=,AFXRO5XOTwPDEugX37WkVWizrp8=
38,-44,kF6ftkABfTpNJnI4f5a42ceO8go=,AFXRO5XOTwPDEugX37WkVWizrp8=
35,-46,kF6ftkABfTpNJnI4f5a42ceO8go=,AFXRO5XOTwPDEugX37WkVWizrp8=
36,-46,kF6ftkABfTpNJnI4f5a42ceO8go=,AFXRO5XOTwPDEugX37WkVWizrp8=
37,-46,kF6ftkABfTpNJnI4f5a42ceO8go=,AFXRO5XOTwPDEugX37WkVWizrp8=
38,-46,kF6ftkABfTpNJnI4f5a42ceO8go=,AFXRO5XOTwPDEugX37WkVWizrp8=
33,-45,kF6ftkABfTpNJnI4f5a42ceO8go=,AFXRO5XOTwPDEugX37WkVWizrp8=
34,-45,kF6ftkABfTpNJnI4f5a42ceO8go=,AFXRO5XOTwPDEugX37WkVWizrp8=
35,-45,kF6ftkABfTpNJnI4f5a42ceO8go=,AFXRO5XOTwPDEugX37WkVWizrp8=
36,-45,kF6ftkABfTpNJnI4f5a42ceO8go=,AFXRO5XOTwPDEugX37WkVWizrp8=
37,-45,kF6ftkABfTpNJnI4f5a42ceO8go=,AFXRO5XOTwPDEugX37WkVWizrp8=
38,-45,kF6ftkABfTpNJnI4f5a42ceO8go=,AFXRO5XOTwPDEugX37WkVWizrp8=
33,-44,kF6ftkABfTpNJnI4f5a42ceO8go=,AFXRO5XOTwPDEugX37WkVWizrp8=
34,-44,kF6ftkABfTpNJnI4f5a42ceO8go=,AFXRO5XOTwPDEugX37WkVWizrp8=
35,-44,+ruETbleqla61wwB3usHBoreLus=,AFXRO5XOTwPDEugX37WkVWizrp8=
36,-44,+ruETbleqla61wwB3usHBoreLus=,AFXRO5XOTwPDEugX37WkVWizrp8=
37,-44,+ruETbleqla61wwB3usHBoreLus=,AFXRO5XOTwPDEugX37WkVWizrp8=
39,-43,+ruETbleqla61wwB3usHBoreLus=,AFXRO5XOTwPDEugX37WkVWizrp8=
39,-42,+ruETbleqla61wwB3usHBoreLus=,AFXRO5XOTwPDEugX37WkVWizrp8=
40,-47,+ruETbleqla61wwB3usHBoreLus=,LAt07CCpXPs6EteLLtC3OcgGY5Y=
41,-47,+ruETbleqla61wwB3usHBoreLus=,LAt07CCpXPs6EteLLtC3OcgGY5Y=
42,-47,+ruETbleqla61wwB3usHBoreLus=,LAt07CCpXPs6EteLLtC3OcgGY5Y=
43,-47,+ruETbleqla61wwB3usHBoreLus=,LAt07CCpXPs6EteLLtC3OcgGY5Y=
44,-47,+ruETbleqla61wwB3usHBoreLus=,LAt07CCpXPs6EteLLtC3OcgGY5Y=
45,-47,+ruETbleqla61wwB3usHBoreLus=,LAt07CCpXPs6EteLLtC3OcgGY5Y=
46,-47,+ruETbleqla61wwB3usHBoreLus=,LAt07CCpXPs6EteLLtC3OcgGY5Y=
39,-47,+ruETbleqla61wwB3usHBoreLus=,AFXRO5XOTwPDEugX37WkVWizrp8=
40,-46,+ruETbleqla61wwB3usHBoreLus=,LAt07CCpXPs6EteLLtC3OcgGY5Y=
41,-46,+ruETbleqla61wwB3usHBoreLus=,LAt07CCpXPs6EteLLtC3OcgGY5Y=
42,-46,+ruETbleqla61wwB3usHBoreLus=,LAt07CCpXPs6EteLLtC3OcgGY5Y=
43,-46,+ruETbleqla61wwB3usHBoreLus=,LAt07CCpXPs6EteLLtC3OcgGY5Y=
44,-46,+ruETbleqla61wwB3usHBoreLus=,LAt07CCpXPs6EteLLtC3OcgGY5Y=
45,-46,+ruETbleqla61wwB3usHBoreLus=,LAt07CCpXPs6EteLLtC3OcgGY5Y=
46,-46,+ruETbleqla61wwB3usHBoreLus=,LAt07CCpXPs6EteLLtC3OcgGY5Y=
44,-41,+ruETbleqla61wwB3usHBoreLus=,LAt07CCpXPs6EteLLtC3OcgGY5Y=
40,-45,+ruETbleqla61wwB3usHBoreLus=,LAt07CCpXPs6EteLLtC3OcgGY5Y=
46,-35,+ruETbleqla61wwB3usHBoreLus=,3xtPjTFuJ/K6Yi0xs0w5lOpDUYQ=
41,-45,+ruETbleqla61wwB3usHBoreLus=,LAt07CCpXPs6EteLLtC3OcgGY5Y=
45,-41,+ruETbleqla61wwB3usHBoreLus=,LAt07CCpXPs6EteLLtC3OcgGY5Y=
39,-46,+ruETbleqla61wwB3usHBoreLus=,AFXRO5XOTwPDEugX37WkVWizrp8=
46,-41,+ruETbleqla61wwB3usHBoreLus=,LAt07CCpXPs6EteLLtC3OcgGY5Y=
42,-45,+ruETbleqla61wwB3usHBoreLus=,LAt07CCpXPs6EteLLtC3OcgGY5Y=
41,-34,+ruETbleqla61wwB3usHBoreLus=,3xtPjTFuJ/K6Yi0xs0w5lOpDUYQ=
43,-45,+ruETbleqla61wwB3usHBoreLus=,LAt07CCpXPs6EteLLtC3OcgGY5Y=
43,-40,+ruETbleqla61wwB3usHBoreLus=,3xtPjTFuJ/K6Yi0xs0w5lOpDUYQ=
44,-45,+ruETbleqla61wwB3usHBoreLus=,LAt07CCpXPs6EteLLtC3OcgGY5Y=
43,-39,+ruETbleqla61wwB3usHBoreLus=,3xtPjTFuJ/K6Yi0xs0w5lOpDUYQ=
45,-45,+ruETbleqla61wwB3usHBoreLus=,LAt07CCpXPs6EteLLtC3OcgGY5Y=
44,-39,+ruETbleqla61wwB3usHBoreLus=,3xtPjTFuJ/K6Yi0xs0w5lOpDUYQ=
46,-45,+ruETbleqla61wwB3usHBoreLus=,LAt07CCpXPs6EteLLtC3OcgGY5Y=
41,-40,+ruETbleqla61wwB3usHBoreLus=,3xtPjTFuJ/K6Yi0xs0w5lOpDUYQ=
40,-44,+ruETbleqla61wwB3usHBoreLus=,LAt07CCpXPs6EteLLtC3OcgGY5Y=
45,-39,+ruETbleqla61wwB3usHBoreLus=,3xtPjTFuJ/K6Yi0xs0w5lOpDUYQ=
39,-45,+ruETbleqla61wwB3usHBoreLus=,AFXRO5XOTwPDEugX37WkVWizrp8=
46,-39,+ruETbleqla61wwB3usHBoreLus=,3xtPjTFuJ/K6Yi0xs0w5lOpDUYQ=
41,-44,+ruETbleqla61wwB3usHBoreLus=,LAt07CCpXPs6EteLLtC3OcgGY5Y=
44,-40,+ruETbleqla61wwB3usHBoreLus=,3xtPjTFuJ/K6Yi0xs0w5lOpDUYQ=
42,-44,+ruETbleqla61wwB3usHBoreLus=,LAt07CCpXPs6EteLLtC3OcgGY5Y=
42,-38,+ruETbleqla61wwB3usHBoreLus=,3xtPjTFuJ/K6Yi0xs0w5lOpDUYQ=
43,-44,+ruETbleqla61wwB3usHBoreLus=,LAt07CCpXPs6EteLLtC3OcgGY5Y=
44,-44,+ruETbleqla61wwB3usHBoreLus=,LAt07CCpXPs6EteLLtC3OcgGY5Y=
45,-40,+ruETbleqla61wwB3usHBoreLus=,3xtPjTFuJ/K6Yi0xs0w5lOpDUYQ=
45,-44,+ruETbleqla61wwB3usHBoreLus=,LAt07CCpXPs6EteLLtC3OcgGY5Y=
42,-37,+ruETbleqla61wwB3usHBoreLus=,3xtPjTFuJ/K6Yi0xs0w5lOpDUYQ=
46,-40,+ruETbleqla61wwB3usHBoreLus=,3xtPjTFuJ/K6Yi0xs0w5lOpDUYQ=
46,-44,+ruETbleqla61wwB3usHBoreLus=,LAt07CCpXPs6EteLLtC3OcgGY5Y=
39,-44,+ruETbleqla61wwB3usHBoreLus=,AFXRO5XOTwPDEugX37WkVWizrp8=
41,-35,+ruETbleqla61wwB3usHBoreLus=,3xtPjTFuJ/K6Yi0xs0w5lOpDUYQ=
42,-35,+ruETbleqla61wwB3usHBoreLus=,3xtPjTFuJ/K6Yi0xs0w5lOpDUYQ=
40,-43,+ruETbleqla61wwB3usHBoreLus=,LAt07CCpXPs6EteLLtC3OcgGY5Y=
41,-39,+ruETbleqla61wwB3usHBoreLus=,3xtPjTFuJ/K6Yi0xs0w5lOpDUYQ=
41,-43,+ruETbleqla61wwB3usHBoreLus=,LAt07CCpXPs6EteLLtC3OcgGY5Y=
42,-43,+ruETbleqla61wwB3usHBoreLus=,LAt07CCpXPs6EteLLtC3OcgGY5Y=
42,-39,+ruETbleqla61wwB3usHBoreLus=,3xtPjTFuJ/K6Yi0xs0w5lOpDUYQ=
42,-40,+ruETbleqla61wwB3usHBoreLus=,3xtPjTFuJ/K6Yi0xs0w5lOpDUYQ=
43,-43,+ruETbleqla61wwB3usHBoreLus=,LAt07CCpXPs6EteLLtC3OcgGY5Y=
43,-38,+ruETbleqla61wwB3usHBoreLus=,3xtPjTFuJ/K6Yi0xs0w5lOpDUYQ=
44,-43,+ruETbleqla61wwB3usHBoreLus=,LAt07CCpXPs6EteLLtC3OcgGY5Y=
44,-38,+ruETbleqla61wwB3usHBoreLus=,3xtPjTFuJ/K6Yi0xs0w5lOpDUYQ=
45,-43,+ruETbleqla61wwB3usHBoreLus=,LAt07CCpXPs6EteLLtC3OcgGY5Y=
43,-37,+ruETbleqla61wwB3usHBoreLus=,3xtPjTFuJ/K6Yi0xs0w5lOpDUYQ=
46,-43,+ruETbleqla61wwB3usHBoreLus=,LAt07CCpXPs6EteLLtC3OcgGY5Y=
40,-42,+ruETbleqla61wwB3usHBoreLus=,LAt07CCpXPs6EteLLtC3OcgGY5Y=
41,-36,+ruETbleqla61wwB3usHBoreLus=,3xtPjTFuJ/K6Yi0xs0w5lOpDUYQ=
40,-35,+ruETbleqla61wwB3usHBoreLus=,3xtPjTFuJ/K6Yi0xs0w5lOpDUYQ=
45,-38,+ruETbleqla61wwB3usHBoreLus=,3xtPjTFuJ/K6Yi0xs0w5lOpDUYQ=
41,-42,+ruETbleqla61wwB3usHBoreLus=,LAt07CCpXPs6EteLLtC3OcgGY5Y=
42,-42,+ruETbleqla61wwB3usHBoreLus=,LAt07CCpXPs6EteLLtC3OcgGY5Y=
36,-37,+ruETbleqla61wwB3usHBoreLus=,Ias2iI7ar0HgJWWtY0SuVjIwSxo=
46,-38,+ruETbleqla61wwB3usHBoreLus=,3xtPjTFuJ/K6Yi0xs0w5lOpDUYQ=
37,-37,+ruETbleqla61wwB3usHBoreLus=,Ias2iI7ar0HgJWWtY0SuVjIwSxo=
42,-36,+ruETbleqla61wwB3usHBoreLus=,3xtPjTFuJ/K6Yi0xs0w5lOpDUYQ=
40,-34,+ruETbleqla61wwB3usHBoreLus=,3xtPjTFuJ/K6Yi0xs0w5lOpDUYQ=
43,-35,+ruETbleqla61wwB3usHBoreLus=,3xtPjTFuJ/K6Yi0xs0w5lOpDUYQ=
40,-40,+ruETbleqla61wwB3usHBoreLus=,3xtPjTFuJ/K6Yi0xs0w5lOpDUYQ=
40,-36,+ruETbleqla61wwB3usHBoreLus=,3xtPjTFuJ/K6Yi0xs0w5lOpDUYQ=
38,-37,+ruETbleqla61wwB3usHBoreLus=,Ias2iI7ar0HgJWWtY0SuVjIwSxo=
44,-37,+ruETbleqla61wwB3usHBoreLus=,3xtPjTFuJ/K6Yi0xs0w5lOpDUYQ=
39,-37,+ruETbleqla61wwB3usHBoreLus=,Ias2iI7ar0HgJWWtY0SuVjIwSxo=
33,-36,+ruETbleqla61wwB3usHBoreLus=,Ias2iI7ar0HgJWWtY0SuVjIwSxo=
43,-36,+ruETbleqla61wwB3usHBoreLus=,3xtPjTFuJ/K6Yi0xs0w5lOpDUYQ=
34,-36,+ruETbleqla61wwB3usHBoreLus=,Ias2iI7ar0HgJWWtY0SuVjIwSxo=
44,-36,+ruETbleqla61wwB3usHBoreLus=,3xtPjTFuJ/K6Yi0xs0w5lOpDUYQ=
33,-41,+ruETbleqla61wwB3usHBoreLus=,AFXRO5XOTwPDEugX37WkVWizrp8=
40,-38,+ruETbleqla61wwB3usHBoreLus=,3xtPjTFuJ/K6Yi0xs0w5lOpDUYQ=
45,-36,+ruETbleqla61wwB3usHBoreLus=,3xtPjTFuJ/K6Yi0xs0w5lOpDUYQ=
35,-36,+ruETbleqla61wwB3usHBoreLus=,Ias2iI7ar0HgJWWtY0SuVjIwSxo=
34,-41,+ruETbleqla61wwB3usHBoreLus=,AFXRO5XOTwPDEugX37WkVWizrp8=
36,-36,+ruETbleqla61wwB3usHBoreLus=,Ias2iI7ar0HgJWWtY0SuVjIwSxo=
45,-37,+ruETbleqla61wwB3usHBoreLus=,3xtPjTFuJ/K6Yi0xs0w5lOpDUYQ=
35,-41,+ruETbleqla61wwB3usHBoreLus=,AFXRO5XOTwPDEugX37WkVWizrp8=
41,-37,+ruETbleqla61wwB3usHBoreLus=,3xtPjTFuJ/K6Yi0xs0w5lOpDUYQ=
36,-41,+ruETbleqla61wwB3usHBoreLus=,AFXRO5XOTwPDEugX37WkVWizrp8=
40,-39,+ruETbleqla61wwB3usHBoreLus=,3xtPjTFuJ/K6Yi0xs0w5lOpDUYQ=
46,-37,+ruETbleqla61wwB3usHBoreLus=,3xtPjTFuJ/K6Yi0xs0w5lOpDUYQ=
37,-41,+ruETbleqla61wwB3usHBoreLus=,AFXRO5XOTwPDEugX37WkVWizrp8=
38,-41,+ruETbleqla61wwB3usHBoreLus=,AFXRO5XOTwPDEugX37WkVWizrp8=
46,-36,+ruETbleqla61wwB3usHBoreLus=,3xtPjTFuJ/K6Yi0xs0w5lOpDUYQ=
39,-41,+ruETbleqla61wwB3usHBoreLus=,AFXRO5XOTwPDEugX37WkVWizrp8=
41,-38,+ruETbleqla61wwB3usHBoreLus=,3xtPjTFuJ/K6Yi0xs0w5lOpDUYQ=
33,-40,+ruETbleqla61wwB3usHBoreLus=,Ias2iI7ar0HgJWWtY0SuVjIwSxo=
46,-34,+ruETbleqla61wwB3usHBoreLus=,3xtPjTFuJ/K6Yi0xs0w5lOpDUYQ=
37,-36,+ruETbleqla61wwB3usHBoreLus=,Ias2iI7ar0HgJWWtY0SuVjIwSxo=
41,-41,+ruETbleqla61wwB3usHBoreLus=,LAt07CCpXPs6EteLLtC3OcgGY5Y=
38,-36,+ruETbleqla61wwB3usHBoreLus=,Ias2iI7ar0HgJWWtY0SuVjIwSxo=
44,-35,+ruETbleqla61wwB3usHBoreLus=,3xtPjTFuJ/K6Yi0xs0w5lOpDUYQ=
34,-40,+ruETbleqla61wwB3usHBoreLus=,Ias2iI7ar0HgJWWtY0SuVjIwSxo=
42,-41,+ruETbleqla61wwB3usHBoreLus=,LAt07CCpXPs6EteLLtC3OcgGY5Y=
43,-42,+ruETbleqla61wwB3usHBoreLus=,LAt07CCpXPs6EteLLtC3OcgGY5Y=
39,-36,+ruETbleqla61wwB3usHBoreLus=,Ias2iI7ar0HgJWWtY0SuVjIwSxo=
43,-41,+ruETbleqla61wwB3usHBoreLus=,LAt07CCpXPs6EteLLtC3OcgGY5Y=
42,-34,+ruETbleqla61wwB3usHBoreLus=,3xtPjTFuJ/K6Yi0xs0w5lOpDUYQ=
44,-42,+ruETbleqla61wwB3usHBoreLus=,LAt07CCpXPs6EteLLtC3OcgGY5Y=
34,-35,+ruETbleqla61wwB3usHBoreLus=,Ias2iI7ar0HgJWWtY0SuVjIwSxo=
33,-35,+ruETbleqla61wwB3usHBoreLus=,Ias2iI7ar0HgJWWtY0SuVjIwSxo=
45,-42,+ruETbleqla61wwB3usHBoreLus=,LAt07CCpXPs6EteLLtC3OcgGY5Y=
43,-34,+ruETbleqla61wwB3usHBoreLus=,3xtPjTFuJ/K6Yi0xs0w5lOpDUYQ=
46,-42,+ruETbleqla61wwB3usHBoreLus=,LAt07CCpXPs6EteLLtC3OcgGY5Y=
35,-40,+ruETbleqla61wwB3usHBoreLus=,Ias2iI7ar0HgJWWtY0SuVjIwSxo=
45,-35,+ruETbleqla61wwB3usHBoreLus=,3xtPjTFuJ/K6Yi0xs0w5lOpDUYQ=
44,-34,+ruETbleqla61wwB3usHBoreLus=,3xtPjTFuJ/K6Yi0xs0w5lOpDUYQ=
36,-40,+ruETbleqla61wwB3usHBoreLus=,Ias2iI7ar0HgJWWtY0SuVjIwSxo=
35,-35,+ruETbleqla61wwB3usHBoreLus=,Ias2iI7ar0HgJWWtY0SuVjIwSxo=
45,-34,+ruETbleqla61wwB3usHBoreLus=,3xtPjTFuJ/K6Yi0xs0w5lOpDUYQ=
36,-35,+ruETbleqla61wwB3usHBoreLus=,Ias2iI7ar0HgJWWtY0SuVjIwSxo=
37,-40,+ruETbleqla61wwB3usHBoreLus=,Ias2iI7ar0HgJWWtY0SuVjIwSxo=
37,-35,+ruETbleqla61wwB3usHBoreLus=,Ias2iI7ar0HgJWWtY0SuVjIwSxo=
38,-40,gCOvkiEsJLku9NbF2ys6YaOKu4o=,Ias2iI7ar0HgJWWtY0SuVjIwSxo=
39,-40,gCOvkiEsJLku9NbF2ys6YaOKu4o=,Ias2iI7ar0HgJWWtY0SuVjIwSxo=
33,-33,gCOvkiEsJLku9NbF2ys6YaOKu4o=,Ias2iI7ar0HgJWWtY0SuVjIwSxo=
40,-37,gCOvkiEsJLku9NbF2ys6YaOKu4o=,3xtPjTFuJ/K6Yi0xs0w5lOpDUYQ=
34,-33,gCOvkiEsJLku9NbF2ys6YaOKu4o=,Ias2iI7ar0HgJWWtY0SuVjIwSxo=
38,-35,gCOvkiEsJLku9NbF2ys6YaOKu4o=,Ias2iI7ar0HgJWWtY0SuVjIwSxo=
35,-33,gCOvkiEsJLku9NbF2ys6YaOKu4o=,Ias2iI7ar0HgJWWtY0SuVjIwSxo=
36,-33,gCOvkiEsJLku9NbF2ys6YaOKu4o=,Ias2iI7ar0HgJWWtY0SuVjIwSxo=
39,-35,gCOvkiEsJLku9NbF2ys6YaOKu4o=,Ias2iI7ar0HgJWWtY0SuVjIwSxo=
37,-33,gCOvkiEsJLku9NbF2ys6YaOKu4o=,Ias2iI7ar0HgJWWtY0SuVjIwSxo=
32,-36,gCOvkiEsJLku9NbF2ys6YaOKu4o=,Ias2iI7ar0HgJWWtY0SuVjIwSxo=
38,-33,gCOvkiEsJLku9NbF2ys6YaOKu4o=,Ias2iI7ar0HgJWWtY0SuVjIwSxo=
33,-39,gCOvkiEsJLku9NbF2ys6YaOKu4o=,Ias2iI7ar0HgJWWtY0SuVjIwSxo=
33,-34,gCOvkiEsJLku9NbF2ys6YaOKu4o=,Ias2iI7ar0HgJWWtY0SuVjIwSxo=
32,-35,gCOvkiEsJLku9NbF2ys6YaOKu4o=,Ias2iI7ar0HgJWWtY0SuVjIwSxo=
32,-34,gCOvkiEsJLku9NbF2ys6YaOKu4o=,Ias2iI7ar0HgJWWtY0SuVjIwSxo=
32,-39,gCOvkiEsJLku9NbF2ys6YaOKu4o=,Ias2iI7ar0HgJWWtY0SuVjIwSxo=
34,-34,gCOvkiEsJLku9NbF2ys6YaOKu4o=,Ias2iI7ar0HgJWWtY0SuVjIwSxo=
32,-38,gCOvkiEsJLku9NbF2ys6YaOKu4o=,Ias2iI7ar0HgJWWtY0SuVjIwSxo=
35,-34,gCOvkiEsJLku9NbF2ys6YaOKu4o=,Ias2iI7ar0HgJWWtY0SuVjIwSxo=
32,-37,gCOvkiEsJLku9NbF2ys6YaOKu4o=,Ias2iI7ar0HgJWWtY0SuVjIwSxo=
34,-39,gCOvkiEsJLku9NbF2ys6YaOKu4o=,Ias2iI7ar0HgJWWtY0SuVjIwSxo=
36,-34,gCOvkiEsJLku9NbF2ys6YaOKu4o=,Ias2iI7ar0HgJWWtY0SuVjIwSxo=
37,-34,gCOvkiEsJLku9NbF2ys6YaOKu4o=,Ias2iI7ar0HgJWWtY0SuVjIwSxo=
38,-34,gCOvkiEsJLku9NbF2ys6YaOKu4o=,Ias2iI7ar0HgJWWtY0SuVjIwSxo=
35,-39,gCOvkiEsJLku9NbF2ys6YaOKu4o=,Ias2iI7ar0HgJWWtY0SuVjIwSxo=
36,-39,gCOvkiEsJLku9NbF2ys6YaOKu4o=,Ias2iI7ar0HgJWWtY0SuVjIwSxo=
37,-39,gCOvkiEsJLku9NbF2ys6YaOKu4o=,Ias2iI7ar0HgJWWtY0SuVjIwSxo=
39,-34,gCOvkiEsJLku9NbF2ys6YaOKu4o=,Ias2iI7ar0HgJWWtY0SuVjIwSxo=
38,-39,gCOvkiEsJLku9NbF2ys6YaOKu4o=,Ias2iI7ar0HgJWWtY0SuVjIwSxo=
40,-41,gCOvkiEsJLku9NbF2ys6YaOKu4o=,LAt07CCpXPs6EteLLtC3OcgGY5Y=
39,-39,gCOvkiEsJLku9NbF2ys6YaOKu4o=,Ias2iI7ar0HgJWWtY0SuVjIwSxo=
33,-38,gCOvkiEsJLku9NbF2ys6YaOKu4o=,Ias2iI7ar0HgJWWtY0SuVjIwSxo=
34,-38,gCOvkiEsJLku9NbF2ys6YaOKu4o=,Ias2iI7ar0HgJWWtY0SuVjIwSxo=
35,-38,gCOvkiEsJLku9NbF2ys6YaOKu4o=,Ias2iI7ar0HgJWWtY0SuVjIwSxo=
37,-38,gCOvkiEsJLku9NbF2ys6YaOKu4o=,Ias2iI7ar0HgJWWtY0SuVjIwSxo=
36,-38,gCOvkiEsJLku9NbF2ys6YaOKu4o=,Ias2iI7ar0HgJWWtY0SuVjIwSxo=
38,-38,gCOvkiEsJLku9NbF2ys6YaOKu4o=,Ias2iI7ar0HgJWWtY0SuVjIwSxo=
39,-38,gCOvkiEsJLku9NbF2ys6YaOKu4o=,Ias2iI7ar0HgJWWtY0SuVjIwSxo=
33,-37,gCOvkiEsJLku9NbF2ys6YaOKu4o=,Ias2iI7ar0HgJWWtY0SuVjIwSxo=
35,-37,gCOvkiEsJLku9NbF2ys6YaOKu4o=,Ias2iI7ar0HgJWWtY0SuVjIwSxo=
34,-37,gCOvkiEsJLku9NbF2ys6YaOKu4o=,Ias2iI7ar0HgJWWtY0SuVjIwSxo=
44,-33,gCOvkiEsJLku9NbF2ys6YaOKu4o=,3xtPjTFuJ/K6Yi0xs0w5lOpDUYQ=
45,-33,gCOvkiEsJLku9NbF2ys6YaOKu4o=,3xtPjTFuJ/K6Yi0xs0w5lOpDUYQ=
46,-33,gCOvkiEsJLku9NbF2ys6YaOKu4o=,3xtPjTFuJ/K6Yi0xs0w5lOpDUYQ=
40,-33,gCOvkiEsJLku9NbF2ys6YaOKu4o=,3xtPjTFuJ/K6Yi0xs0w5lOpDUYQ=
42,-33,gCOvkiEsJLku9NbF2ys6YaOKu4o=,3xtPjTFuJ/K6Yi0xs0w5lOpDUYQ=
43,-33,gCOvkiEsJLku9NbF2ys6YaOKu4o=,3xtPjTFuJ/K6Yi0xs0w5lOpDUYQ=
39,-33,gCOvkiEsJLku9NbF2ys6YaOKu4o=,Ias2iI7ar0HgJWWtY0SuVjIwSxo=
32,-42,gCOvkiEsJLku9NbF2ys6YaOKu4o=,AFXRO5XOTwPDEugX37WkVWizrp8=
47,-35,gCOvkiEsJLku9NbF2ys6YaOKu4o=,3xtPjTFuJ/K6Yi0xs0w5lOpDUYQ=
32,-41,gCOvkiEsJLku9NbF2ys6YaOKu4o=,AFXRO5XOTwPDEugX37WkVWizrp8=
47,-39,gCOvkiEsJLku9NbF2ys6YaOKu4o=,3xtPjTFuJ/K6Yi0xs0w5lOpDUYQ=
32,-40,gCOvkiEsJLku9NbF2ys6YaOKu4o=,Ias2iI7ar0HgJWWtY0SuVjIwSxo=
47,-38,gCOvkiEsJLku9NbF2ys6YaOKu4o=,3xtPjTFuJ/K6Yi0xs0w5lOpDUYQ=
32,-47,gCOvkiEsJLku9NbF2ys6YaOKu4o=,AFXRO5XOTwPDEugX37WkVWizrp8=
47,-36,gCOvkiEsJLku9NbF2ys6YaOKu4o=,3xtPjTFuJ/K6Yi0xs0w5lOpDUYQ=
32,-46,gCOvkiEsJLku9NbF2ys6YaOKu4o=,AFXRO5XOTwPDEugX37WkVWizrp8=
47,-34,gCOvkiEsJLku9NbF2ys6YaOKu4o=,3xtPjTFuJ/K6Yi0xs0w5lOpDUYQ=
32,-45,gCOvkiEsJLku9NbF2ys6YaOKu4o=,AFXRO5XOTwPDEugX37WkVWizrp8=
47,-37,gCOvkiEsJLku9NbF2ys6YaOKu4o=,3xtPjTFuJ/K6Yi0xs0w5lOpDUYQ=
32,-44,gCOvkiEsJLku9NbF2ys6YaOKu4o=,AFXRO5XOTwPDEugX37WkVWizrp8=
32,-43,gCOvkiEsJLku9NbF2ys6YaOKu4o=,AFXRO5XOTwPDEugX37WkVWizrp8=
47,-41,gCOvkiEsJLku9NbF2ys6YaOKu4o=,LAt07CCpXPs6EteLLtC3OcgGY5Y=
32,-33,gCOvkiEsJLku9NbF2ys6YaOKu4o=,Ias2iI7ar0HgJWWtY0SuVjIwSxo=
47,-40,gCOvkiEsJLku9NbF2ys6YaOKu4o=,3xtPjTFuJ/K6Yi0xs0w5lOpDUYQ=
47,-33,gCOvkiEsJLku9NbF2ys6YaOKu4o=,3xtPjTFuJ/K6Yi0xs0w5lOpDUYQ=
47,-47,gCOvkiEsJLku9NbF2ys6YaOKu4o=,LAt07CCpXPs6EteLLtC3OcgGY5Y=
47,-46,gCOvkiEsJLku9NbF2ys6YaOKu4o=,LAt07CCpXPs6EteLLtC3OcgGY5Y=
47,-45,gCOvkiEsJLku9NbF2ys6YaOKu4o=,LAt07CCpXPs6EteLLtC3OcgGY5Y=
47,-44,gCOvkiEsJLku9NbF2ys6YaOKu4o=,LAt07CCpXPs6EteLLtC3OcgGY5Y=
47,-43,gCOvkiEsJLku9NbF2ys6YaOKu4o=,LAt07CCpXPs6EteLLtC3OcgGY5Y=
47,-42,gCOvkiEsJLku9NbF2ys6YaOKu4o=,LAt07CCpXPs6EteLLtC3OcgGY5Y=
32,-48,gCOvkiEsJLku9NbF2ys6YaOKu4o=,AFXRO5XOTwPDEugX37WkVWizrp8=
33,-48,gCOvkiEsJLku9NbF2ys6YaOKu4o=,AFXRO5XOTwPDEugX37WkVWizrp8=
38,-48,gCOvkiEsJLku9NbF2ys6YaOKu4o=,AFXRO5XOTwPDEugX37WkVWizrp8=
34,-48,gCOvkiEsJLku9NbF2ys6YaOKu4o=,AFXRO5XOTwPDEugX37WkVWizrp8=
37,-48,gCOvkiEsJLku9NbF2ys6YaOKu4o=,AFXRO5XOTwPDEugX37WkVWizrp8=
40,-48,gCOvkiEsJLku9NbF2ys6YaOKu4o=,LAt07CCpXPs6EteLLtC3OcgGY5Y=
35,-48,gCOvkiEsJLku9NbF2ys6YaOKu4o=,AFXRO5XOTwPDEugX37WkVWizrp8=
39,-48,gCOvkiEsJLku9NbF2ys6YaOKu4o=,AFXRO5XOTwPDEugX37WkVWizrp8=
41,-48,gCOvkiEsJLku9NbF2ys6YaOKu4o=,LAt07CCpXPs6EteLLtC3OcgGY5Y=
36,-48,gCOvkiEsJLku9NbF2ys6YaOKu4o=,AFXRO5XOTwPDEugX37WkVWizrp8=
42,-48,gCOvkiEsJLku9NbF2ys6YaOKu4o=,LAt07CCpXPs6EteLLtC3OcgGY5Y=
47,-48,gCOvkiEsJLku9NbF2ys6YaOKu4o=,LAt07CCpXPs6EteLLtC3OcgGY5Y=
46,-48,gCOvkiEsJLku9NbF2ys6YaOKu4o=,LAt07CCpXPs6EteLLtC3OcgGY5Y=
45,-48,gCOvkiEsJLku9NbF2ys6YaOKu4o=,LAt07CCpXPs6EteLLtC3OcgGY5Y=
43,-48,gCOvkiEsJLku9NbF2ys6YaOKu4o=,LAt07CCpXPs6EteLLtC3OcgGY5Y=
44,-48,gCOvkiEsJLku9NbF2ys6YaOKu4o=,LAt07CCpXPs6EteLLtC3OcgGY5Y=
41,-33,gCOvkiEsJLku9NbF2ys6YaOKu4o=,3xtPjTFuJ/K6Yi0xs0w5lOpDUYQ=
